destination,duration_days,travelers,hotel_rating,transportation,season,activities_count,food_preference,travel_style,total_budget
Dubai,3,1,3,Flight,Peak,4,Non-Veg,Luxury,109800
Paris,10,2,5,Flight,Shoulder,2,Vegetarian,Budget,549290
Rishikesh,11,1,5,Flight,Off-Peak,27,Non-Veg,Moderate,186780
Singapore,2,3,4,Flight,Shoulder,3,Non-Veg,Budget,228270
Varanasi,3,2,4,Flight,Shoulder,5,Vegetarian,Luxury,63990
Manali,8,2,5,Flight,Off-Peak,20,Fine Dining,Luxury,284880
Manali,2,4,3,Car,Peak,1,Street Food,Moderate,35720
Varanasi,4,6,3,Flight,Shoulder,12,Vegetarian,Luxury,220630
Rishikesh,13,4,2,Train,Shoulder,36,Non-Veg,Luxury,422760
Singapore,14,1,2,Flight,Peak,21,Street Food,Moderate,206780
Bali,13,6,2,Flight,Off-Peak,32,Street Food,Luxury,1230410
Ladakh,4,4,5,Train,Off-Peak,10,Street Food,Luxury,275500
Jaipur,4,8,1,Bus,Peak,3,Non-Veg,Luxury,138360
Manali,8,7,5,Car,Off-Peak,9,Vegetarian,Luxury,813190
Dubai,10,5,3,Flight,Peak,10,Street Food,Budget,559710
Paris,13,5,5,Flight,Peak,33,Vegetarian,Luxury,4704990
Dubai,10,4,2,Flight,Shoulder,25,Non-Veg,Luxury,870250
Rishikesh,2,6,4,Flight,Shoulder,3,Non-Veg,Budget,94500
Bali,3,2,4,Flight,Peak,9,Non-Veg,Budget,160910
Rishikesh,4,5,5,Bus,Shoulder,4,Non-Veg,Luxury,291670
Dubai,12,6,4,Flight,Off-Peak,29,Vegetarian,Budget,981270
Varanasi,2,4,5,Flight,Peak,6,Vegetarian,Budget,78150
Goa,7,2,5,Flight,Off-Peak,16,Non-Veg,Luxury,225700
Bali,11,8,2,Flight,Shoulder,27,Non-Veg,Budget,896890
Andaman,7,7,4,Train,Off-Peak,2,Vegetarian,Budget,265350
Varanasi,14,2,2,Flight,Off-Peak,29,Non-Veg,Moderate,106030
Udaipur,5,2,4,Bus,Off-Peak,2,Vegetarian,Luxury,78600
Goa,3,4,2,Flight,Shoulder,4,Street Food,Budget,58540
Goa,8,5,4,Flight,Off-Peak,24,Street Food,Budget,283220
Jaipur,2,1,3,Flight,Off-Peak,4,Non-Veg,Budget,16290
Manali,4,2,5,Flight,Peak,7,Vegetarian,Luxury,153660
Bali,2,2,4,Flight,Off-Peak,5,Fine Dining,Moderate,148260
Paris,7,4,3,Flight,Shoulder,5,Fine Dining,Moderate,722890
Singapore,3,1,4,Flight,Off-Peak,2,Vegetarian,Luxury,138850
Ladakh,4,6,1,Bus,Shoulder,5,Non-Veg,Moderate,105710
Paris,6,1,5,Flight,Shoulder,4,Non-Veg,Moderate,344720
Manali,13,3,3,Flight,Peak,22,Non-Veg,Luxury,401700
Ladakh,10,8,3,Car,Peak,3,Street Food,Moderate,368600
Varanasi,14,3,3,Flight,Shoulder,36,Street Food,Luxury,288790
Manali,13,3,5,Flight,Shoulder,38,Non-Veg,Moderate,586930
Ladakh,7,1,3,Flight,Peak,4,Fine Dining,Luxury,120720
Andaman,11,3,2,Bus,Peak,27,Vegetarian,Budget,224290
Varanasi,14,7,2,Flight,Off-Peak,7,Street Food,Budget,231010
Jaipur,5,8,3,Flight,Peak,4,Vegetarian,Luxury,318090
Varanasi,6,2,3,Flight,Off-Peak,13,Fine Dining,Budget,67840
Ladakh,4,5,1,Flight,Shoulder,6,Fine Dining,Moderate,167140
Rishikesh,3,7,5,Flight,Peak,7,Vegetarian,Luxury,471740
Rishikesh,12,4,3,Flight,Off-Peak,22,Fine Dining,Luxury,533120
Paris,6,5,4,Flight,Shoulder,13,Fine Dining,Luxury,1674990
Andaman,12,7,2,Train,Shoulder,26,Vegetarian,Moderate,533170
Andaman,14,6,4,Flight,Off-Peak,14,Street Food,Luxury,866180
Manali,6,6,1,Bus,Peak,10,Non-Veg,Budget,112340
Goa,5,8,5,Bus,Peak,8,Street Food,Luxury,758270
Paris,13,7,4,Flight,Shoulder,16,Non-Veg,Luxury,3472800
Singapore,14,2,4,Flight,Peak,12,Street Food,Budget,442640
Manali,9,3,4,Train,Off-Peak,20,Fine Dining,Moderate,256830
Paris,10,7,5,Flight,Shoulder,29,Non-Veg,Luxury,4885610
Udaipur,6,4,3,Bus,Off-Peak,16,Non-Veg,Moderate,142480
Paris,6,4,3,Flight,Shoulder,11,Vegetarian,Budget,602810
Andaman,13,3,2,Flight,Shoulder,22,Street Food,Moderate,232570
Andaman,8,1,5,Flight,Peak,12,Fine Dining,Moderate,286590
Andaman,10,4,4,Flight,Shoulder,16,Vegetarian,Moderate,383260
Dubai,14,7,2,Flight,Shoulder,9,Vegetarian,Moderate,821320
Dubai,2,2,4,Flight,Peak,4,Non-Veg,Budget,112780
Varanasi,5,8,3,Flight,Shoulder,5,Street Food,Moderate,192560
Udaipur,2,1,3,Flight,Peak,6,Vegetarian,Budget,21100
Jaipur,2,3,2,Flight,Off-Peak,1,Non-Veg,Moderate,42940
Singapore,7,3,5,Flight,Off-Peak,4,Non-Veg,Moderate,583850
Goa,6,7,4,Car,Peak,3,Non-Veg,Budget,304710
Ladakh,12,2,5,Bus,Shoulder,35,Street Food,Luxury,542730
Rishikesh,12,6,1,Bus,Shoulder,7,Street Food,Moderate,158780
Udaipur,13,3,4,Flight,Off-Peak,18,Street Food,Moderate,306850
Paris,11,5,3,Flight,Peak,6,Fine Dining,Moderate,1218850
Udaipur,11,7,3,Flight,Shoulder,12,Street Food,Budget,345520
Ladakh,7,5,5,Train,Shoulder,18,Vegetarian,Luxury,915940
Manali,5,7,4,Train,Peak,12,Street Food,Luxury,440850
Udaipur,14,1,1,Flight,Shoulder,16,Fine Dining,Luxury,128440
Udaipur,10,6,4,Car,Off-Peak,11,Fine Dining,Luxury,716100
Ladakh,6,4,1,Train,Shoulder,4,Non-Veg,Budget,68640
Udaipur,6,5,1,Bus,Shoulder,8,Fine Dining,Budget,135760
Paris,10,3,3,Flight,Peak,2,Fine Dining,Luxury,1073520
Dubai,14,8,1,Flight,Peak,37,Fine Dining,Moderate,1603190
Varanasi,4,1,3,Car,Shoulder,2,Vegetarian,Moderate,19890
Bali,12,1,2,Flight,Peak,20,Vegetarian,Budget,125350
Singapore,8,4,5,Flight,Shoulder,15,Street Food,Moderate,1014260
Andaman,6,1,5,Car,Peak,7,Non-Veg,Moderate,185250
Kerala,5,3,5,Flight,Peak,7,Street Food,Luxury,399690
Ladakh,2,4,3,Train,Off-Peak,4,Vegetarian,Luxury,70090
Ladakh,14,4,4,Flight,Peak,42,Non-Veg,Moderate,757250
Manali,2,3,3,Train,Off-Peak,3,Street Food,Budget,22840
Ladakh,13,7,3,Train,Shoulder,29,Vegetarian,Luxury,914750
Andaman,13,6,5,Flight,Peak,15,Vegetarian,Luxury,2145860
Bali,2,3,4,Flight,Off-Peak,6,Street Food,Moderate,218270
Bali,8,8,1,Flight,Shoulder,12,Street Food,Moderate,715340
Manali,4,6,4,Train,Shoulder,11,Street Food,Luxury,230880
Manali,7,5,3,Flight,Shoulder,17,Vegetarian,Luxury,352980
Udaipur,8,1,2,Train,Off-Peak,16,Street Food,Budget,33550
Rishikesh,4,5,4,Bus,Shoulder,2,Vegetarian,Luxury,162830
Jaipur,13,3,3,Train,Off-Peak,27,Vegetarian,Budget,170490
Manali,9,2,2,Train,Off-Peak,10,Fine Dining,Moderate,98570
Udaipur,5,8,5,Flight,Peak,15,Non-Veg,Budget,575120
Singapore,8,6,5,Flight,Shoulder,1,Fine Dining,Luxury,1886920
Bali,11,8,2,Flight,Shoulder,31,Fine Dining,Moderate,1324200
Rishikesh,8,8,3,Bus,Off-Peak,8,Street Food,Budget,199840
Andaman,2,6,4,Train,Shoulder,4,Non-Veg,Moderate,111090
Kerala,10,6,1,Bus,Shoulder,4,Street Food,Budget,104780
Andaman,12,3,1,Train,Shoulder,22,Street Food,Luxury,249010
Varanasi,12,7,3,Train,Shoulder,35,Vegetarian,Luxury,540310
Dubai,12,5,2,Flight,Off-Peak,6,Street Food,Budget,411850
Paris,3,8,2,Flight,Off-Peak,5,Vegetarian,Budget,926280
Goa,6,6,3,Flight,Peak,17,Street Food,Luxury,397510
Kerala,4,3,1,Train,Shoulder,10,Non-Veg,Moderate,60330
Kerala,5,8,3,Train,Off-Peak,1,Street Food,Moderate,126050
Kerala,3,8,3,Car,Shoulder,7,Fine Dining,Moderate,196870
Jaipur,8,8,1,Flight,Off-Peak,12,Fine Dining,Luxury,524560
Dubai,8,5,1,Flight,Off-Peak,22,Vegetarian,Luxury,871840
Ladakh,14,4,5,Bus,Peak,41,Non-Veg,Luxury,1562630
Singapore,13,3,1,Flight,Off-Peak,3,Fine Dining,Moderate,361610
Varanasi,13,3,1,Car,Shoulder,27,Non-Veg,Budget,109100
Rishikesh,7,5,2,Flight,Shoulder,10,Fine Dining,Budget,212440
Manali,4,4,4,Car,Off-Peak,6,Vegetarian,Moderate,88520
Rishikesh,3,8,3,Train,Off-Peak,5,Street Food,Luxury,166390
Manali,12,4,4,Flight,Off-Peak,21,Non-Veg,Luxury,452050
Udaipur,13,5,4,Flight,Peak,3,Fine Dining,Moderate,710310
Jaipur,10,3,4,Train,Off-Peak,24,Street Food,Luxury,308880
Kerala,8,2,4,Train,Shoulder,2,Fine Dining,Budget,107740
Jaipur,7,2,3,Train,Off-Peak,12,Vegetarian,Moderate,56300
Manali,9,2,2,Train,Off-Peak,1,Vegetarian,Moderate,41250
Kerala,14,4,1,Bus,Off-Peak,14,Non-Veg,Budget,136450
Kerala,14,1,3,Bus,Peak,9,Fine Dining,Budget,109560
Goa,4,1,3,Bus,Peak,10,Fine Dining,Budget,33830
Goa,4,7,5,Flight,Peak,8,Street Food,Moderate,448190
Manali,9,4,5,Flight,Off-Peak,17,Fine Dining,Moderate,446960
Goa,2,8,4,Flight,Peak,4,Street Food,Budget,145920
Varanasi,11,3,1,Flight,Off-Peak,21,Street Food,Luxury,152110
Udaipur,10,7,1,Bus,Peak,28,Non-Veg,Moderate,367640
Jaipur,8,6,4,Flight,Off-Peak,4,Fine Dining,Moderate,358940
Ladakh,7,3,4,Flight,Peak,3,Street Food,Budget,202010
Varanasi,14,3,5,Flight,Off-Peak,36,Fine Dining,Luxury,738700
Varanasi,12,7,1,Car,Off-Peak,20,Fine Dining,Budget,343100
Jaipur,4,8,2,Bus,Shoulder,9,Fine Dining,Budget,170450
Bali,5,7,5,Flight,Off-Peak,10,Vegetarian,Luxury,1350410
Paris,6,1,2,Flight,Shoulder,10,Fine Dining,Moderate,185890
Kerala,11,7,1,Flight,Off-Peak,2,Vegetarian,Luxury,301120
Andaman,8,8,3,Flight,Shoulder,24,Fine Dining,Luxury,1089440
Goa,4,3,5,Flight,Peak,5,Street Food,Luxury,295600
Bali,9,7,3,Flight,Peak,25,Vegetarian,Moderate,1020300
Ladakh,12,8,5,Train,Peak,15,Street Food,Luxury,2212630
Jaipur,6,4,2,Bus,Shoulder,11,Vegetarian,Budget,75460
Andaman,4,3,4,Train,Peak,9,Fine Dining,Budget,149690
Paris,2,7,1,Flight,Shoulder,1,Fine Dining,Luxury,1258130
Andaman,13,7,3,Flight,Peak,21,Non-Veg,Luxury,1137860
Paris,7,2,4,Flight,Peak,8,Street Food,Luxury,660680
Manali,8,5,3,Flight,Peak,3,Vegetarian,Luxury,317070
Singapore,7,6,2,Flight,Peak,4,Non-Veg,Moderate,595060
Bali,4,2,2,Flight,Off-Peak,8,Street Food,Luxury,235440
Udaipur,12,6,3,Flight,Peak,31,Street Food,Luxury,724430
Ladakh,11,1,3,Train,Shoulder,30,Street Food,Budget,87640
Ladakh,3,2,5,Train,Shoulder,8,Vegetarian,Moderate,84870
Bali,12,4,3,Flight,Off-Peak,31,Non-Veg,Budget,528510
Singapore,7,2,5,Flight,Off-Peak,6,Vegetarian,Budget,308620
Udaipur,10,3,3,Flight,Shoulder,13,Street Food,Moderate,185670
Goa,14,6,1,Flight,Off-Peak,25,Fine Dining,Moderate,512380
Dubai,11,3,3,Flight,Peak,10,Fine Dining,Moderate,542040
Paris,12,7,2,Flight,Off-Peak,6,Fine Dining,Luxury,2029670
Singapore,7,3,5,Flight,Peak,21,Street Food,Luxury,1382690
Varanasi,6,3,2,Flight,Shoulder,7,Non-Veg,Budget,69180
Ladakh,14,2,5,Bus,Off-Peak,34,Vegetarian,Luxury,531620
Singapore,11,3,5,Flight,Shoulder,10,Non-Veg,Budget,949360
Singapore,11,3,4,Flight,Peak,27,Fine Dining,Luxury,1460200
Udaipur,11,5,4,Flight,Peak,20,Street Food,Budget,491290
Bali,9,8,3,Flight,Shoulder,17,Street Food,Budget,839410
Singapore,11,3,3,Flight,Peak,31,Fine Dining,Luxury,1189940
Paris,10,2,3,Flight,Peak,25,Non-Veg,Moderate,551280
Rishikesh,4,7,1,Car,Peak,8,Fine Dining,Budget,162580
Andaman,10,6,2,Flight,Peak,12,Non-Veg,Budget,310090
Manali,13,6,2,Flight,Shoulder,31,Non-Veg,Luxury,600240
Bali,2,2,1,Flight,Shoulder,2,Non-Veg,Luxury,195830
Bali,10,7,1,Flight,Shoulder,8,Fine Dining,Budget,628770
Andaman,12,8,1,Flight,Shoulder,35,Vegetarian,Luxury,1019310
Jaipur,13,3,3,Flight,Off-Peak,23,Non-Veg,Luxury,307820
Dubai,12,2,5,Flight,Shoulder,5,Vegetarian,Moderate,522110
Goa,12,7,3,Flight,Peak,23,Vegetarian,Moderate,551100
Dubai,12,2,5,Flight,Off-Peak,22,Non-Veg,Budget,435700
Varanasi,12,3,4,Car,Shoulder,12,Non-Veg,Budget,210810
Udaipur,2,5,2,Flight,Peak,1,Fine Dining,Moderate,93150
Rishikesh,9,5,1,Bus,Peak,10,Fine Dining,Budget,213570
Varanasi,6,2,3,Flight,Shoulder,15,Street Food,Moderate,65150
Udaipur,13,8,3,Car,Off-Peak,18,Vegetarian,Luxury,687880
Andaman,11,3,5,Flight,Peak,6,Fine Dining,Luxury,1121930
Udaipur,11,7,2,Train,Shoulder,29,Vegetarian,Luxury,626050
Varanasi,11,7,3,Train,Peak,5,Street Food,Moderate,289690
Paris,12,3,1,Flight,Peak,29,Vegetarian,Budget,622040
Singapore,12,6,3,Flight,Shoulder,3,Non-Veg,Luxury,1180150
Varanasi,7,8,1,Train,Off-Peak,12,Street Food,Moderate,139650
Jaipur,3,1,2,Train,Shoulder,9,Vegetarian,Moderate,17510
Paris,9,4,5,Flight,Shoulder,23,Street Food,Budget,1239990
Manali,9,3,4,Car,Off-Peak,11,Fine Dining,Luxury,321650
Rishikesh,6,5,2,Train,Off-Peak,6,Fine Dining,Luxury,234020
Jaipur,14,3,2,Bus,Peak,24,Fine Dining,Moderate,280580
Rishikesh,4,2,1,Flight,Off-Peak,12,Street Food,Luxury,77740
Andaman,11,2,2,Car,Off-Peak,5,Street Food,Moderate,70410
Varanasi,4,3,2,Flight,Peak,2,Non-Veg,Moderate,61340
Varanasi,13,4,3,Car,Off-Peak,19,Vegetarian,Moderate,174160
Rishikesh,6,3,3,Train,Peak,17,Non-Veg,Luxury,212900
Kerala,4,6,5,Flight,Peak,2,Vegetarian,Luxury,499140
Ladakh,12,4,5,Flight,Off-Peak,2,Street Food,Luxury,732230
Dubai,6,8,2,Flight,Off-Peak,13,Fine Dining,Moderate,802270
Goa,4,8,4,Train,Peak,6,Non-Veg,Moderate,267380
Varanasi,13,6,4,Flight,Shoulder,33,Vegetarian,Moderate,487220
Manali,6,8,2,Flight,Peak,10,Street Food,Luxury,352620
Kerala,7,6,2,Bus,Shoulder,17,Street Food,Moderate,186810
Udaipur,2,2,4,Train,Peak,2,Fine Dining,Budget,27870
Udaipur,11,8,3,Train,Peak,28,Non-Veg,Moderate,643170
Singapore,8,6,1,Flight,Shoulder,2,Non-Veg,Moderate,531250
Manali,8,8,5,Flight,Off-Peak,22,Vegetarian,Budget,627480
Andaman,7,6,5,Car,Peak,7,Street Food,Luxury,952450
Goa,4,6,4,Train,Peak,10,Non-Veg,Moderate,224860
Varanasi,4,7,5,Train,Shoulder,10,Fine Dining,Luxury,489810
Rishikesh,9,5,4,Bus,Shoulder,11,Vegetarian,Moderate,306900
Singapore,13,1,5,Flight,Shoulder,17,Non-Veg,Luxury,798820
Udaipur,4,7,2,Bus,Peak,1,Vegetarian,Budget,76070
Varanasi,8,3,4,Train,Shoulder,17,Street Food,Luxury,231550
Paris,4,4,5,Flight,Shoulder,11,Street Food,Luxury,1274280
Kerala,9,6,5,Flight,Off-Peak,22,Fine Dining,Luxury,1056260
Jaipur,6,5,2,Car,Shoulder,10,Non-Veg,Luxury,199080
Varanasi,9,6,5,Car,Off-Peak,9,Fine Dining,Budget,441750
Rishikesh,8,7,3,Car,Peak,10,Vegetarian,Moderate,320810
Manali,7,8,3,Train,Peak,7,Fine Dining,Luxury,559580
Kerala,3,4,2,Flight,Off-Peak,4,Non-Veg,Budget,61200
Varanasi,13,8,1,Train,Peak,1,Non-Veg,Moderate,247300
Udaipur,9,4,3,Flight,Off-Peak,2,Vegetarian,Luxury,218720
Rishikesh,13,1,2,Flight,Peak,3,Street Food,Moderate,55520
Paris,6,1,1,Flight,Shoulder,4,Fine Dining,Moderate,160710
Dubai,10,8,2,Flight,Off-Peak,15,Fine Dining,Budget,919660
Varanasi,4,8,3,Train,Peak,12,Fine Dining,Moderate,227120
Singapore,5,3,5,Flight,Off-Peak,15,Street Food,Moderate,567140
Manali,8,2,2,Car,Shoulder,11,Non-Veg,Budget,55070
Jaipur,9,5,3,Flight,Off-Peak,19,Vegetarian,Moderate,248390
Paris,5,1,1,Flight,Shoulder,5,Non-Veg,Moderate,153760
Paris,14,5,1,Flight,Off-Peak,19,Fine Dining,Luxury,1705680
Kerala,9,3,4,Train,Off-Peak,12,Street Food,Luxury,270450
Udaipur,14,4,2,Train,Off-Peak,6,Street Food,Luxury,211980
Manali,11,2,1,Bus,Off-Peak,13,Non-Veg,Budget,56520
Rishikesh,9,2,2,Train,Shoulder,3,Street Food,Budget,37930
Rishikesh,8,8,5,Flight,Shoulder,22,Fine Dining,Luxury,1262910
Ladakh,2,4,5,Flight,Shoulder,3,Vegetarian,Luxury,167110
Manali,9,1,3,Flight,Peak,25,Street Food,Moderate,86880
Andaman,9,7,4,Flight,Off-Peak,18,Non-Veg,Luxury,987570
Manali,4,7,5,Flight,Peak,1,Vegetarian,Moderate,380250
Paris,10,7,5,Flight,Shoulder,27,Non-Veg,Budget,2690480
Kerala,6,4,1,Flight,Off-Peak,14,Vegetarian,Budget,97940
Manali,11,1,4,Train,Off-Peak,4,Non-Veg,Luxury,123770
Udaipur,5,4,1,Flight,Shoulder,4,Fine Dining,Luxury,185900
Dubai,7,4,3,Flight,Peak,17,Non-Veg,Moderate,499130
Goa,10,3,4,Train,Peak,12,Street Food,Luxury,404810
Andaman,8,3,3,Flight,Off-Peak,16,Non-Veg,Budget,168680
Paris,4,8,1,Flight,Off-Peak,7,Street Food,Luxury,1689220
Andaman,5,5,2,Flight,Peak,15,Street Food,Moderate,226400
Paris,5,1,3,Flight,Shoulder,11,Vegetarian,Budget,163350
Singapore,11,4,4,Flight,Peak,22,Fine Dining,Budget,900650
Jaipur,13,2,4,Car,Off-Peak,39,Non-Veg,Moderate,191490
Rishikesh,7,5,4,Train,Off-Peak,12,Fine Dining,Moderate,295100
Udaipur,9,2,4,Bus,Shoulder,7,Fine Dining,Moderate,154090
Bali,5,3,1,Flight,Shoulder,9,Street Food,Moderate,235390
Varanasi,5,7,5,Bus,Shoulder,9,Fine Dining,Moderate,412130
Udaipur,13,8,4,Flight,Shoulder,11,Non-Veg,Luxury,1168230
Kerala,10,1,5,Flight,Peak,27,Vegetarian,Budget,239110
Dubai,5,2,2,Flight,Peak,4,Street Food,Moderate,134680
Dubai,12,8,4,Flight,Peak,1,Street Food,Budget,1076500
Paris,6,5,1,Flight,Off-Peak,14,Non-Veg,Budget,797130
Rishikesh,4,4,2,Train,Shoulder,6,Fine Dining,Moderate,95100
Andaman,9,4,2,Flight,Peak,21,Vegetarian,Budget,234620
Andaman,10,8,1,Train,Off-Peak,6,Vegetarian,Moderate,244380
Dubai,14,6,5,Flight,Peak,34,Vegetarian,Budget,2069000
Paris,11,8,3,Flight,Peak,5,Fine Dining,Luxury,2739180
Goa,4,6,1,Car,Off-Peak,3,Street Food,Budget,57160
Bali,5,7,5,Flight,Shoulder,7,Non-Veg,Luxury,1400860
Rishikesh,13,6,1,Flight,Peak,5,Fine Dining,Luxury,579480
Bali,8,6,1,Flight,Off-Peak,9,Street Food,Moderate,492220
Rishikesh,8,7,2,Train,Off-Peak,13,Vegetarian,Luxury,324860
Jaipur,13,2,1,Flight,Shoulder,10,Street Food,Moderate,68630
Manali,2,5,4,Flight,Shoulder,1,Non-Veg,Budget,73430
Udaipur,10,7,1,Flight,Shoulder,18,Vegetarian,Luxury,462180
Varanasi,8,1,3,Flight,Peak,24,Non-Veg,Luxury,95200
Dubai,8,3,2,Flight,Shoulder,10,Fine Dining,Moderate,333560
Kerala,8,5,4,Flight,Peak,12,Fine Dining,Budget,425670
Udaipur,11,4,4,Flight,Shoulder,1,Street Food,Moderate,295020
Andaman,14,6,4,Flight,Off-Peak,39,Non-Veg,Moderate,892780
Paris,5,8,3,Flight,Peak,7,Fine Dining,Moderate,1490460
Dubai,9,4,3,Flight,Shoulder,9,Street Food,Moderate,405120
Bali,5,3,5,Flight,Peak,12,Street Food,Luxury,714410
Singapore,6,2,4,Flight,Off-Peak,16,Non-Veg,Luxury,427710
Ladakh,12,3,4,Bus,Peak,29,Street Food,Luxury,680590
Rishikesh,13,7,5,Flight,Shoulder,35,Vegetarian,Budget,1065860
Dubai,12,6,2,Flight,Off-Peak,3,Street Food,Moderate,523730
Andaman,3,1,1,Flight,Off-Peak,9,Non-Veg,Moderate,30030
Udaipur,14,3,3,Car,Shoulder,7,Fine Dining,Moderate,311140
Manali,3,3,3,Flight,Shoulder,4,Street Food,Moderate,61920
Udaipur,13,8,3,Flight,Peak,8,Vegetarian,Moderate,576960
Dubai,14,3,2,Flight,Off-Peak,12,Non-Veg,Moderate,381660
Udaipur,5,7,2,Flight,Off-Peak,7,Street Food,Budget,155530
Jaipur,9,7,4,Flight,Peak,7,Fine Dining,Luxury,981180
Manali,11,2,5,Flight,Shoulder,13,Street Food,Budget,198100
Udaipur,10,6,5,Flight,Shoulder,19,Vegetarian,Moderate,800030
Udaipur,11,3,3,Car,Off-Peak,6,Non-Veg,Moderate,150790
Ladakh,3,3,3,Train,Off-Peak,7,Street Food,Luxury,86230
Andaman,8,3,4,Train,Off-Peak,21,Non-Veg,Luxury,379360
Ladakh,4,3,3,Bus,Off-Peak,1,Fine Dining,Budget,62450
Jaipur,8,8,4,Train,Shoulder,23,Street Food,Moderate,425890
Bali,2,4,3,Flight,Peak,3,Non-Veg,Luxury,389610
Singapore,9,8,5,Flight,Off-Peak,4,Vegetarian,Moderate,1686460
Varanasi,10,1,4,Train,Shoulder,4,Non-Veg,Moderate,88220
Goa,9,5,3,Bus,Peak,15,Vegetarian,Budget,222650
Paris,11,6,5,Flight,Off-Peak,28,Non-Veg,Luxury,3395100
Jaipur,5,1,5,Flight,Shoulder,10,Non-Veg,Moderate,100990
Ladakh,6,5,5,Car,Off-Peak,4,Non-Veg,Moderate,390480
Ladakh,12,3,2,Flight,Off-Peak,21,Non-Veg,Luxury,320780
Kerala,11,5,4,Flight,Peak,6,Street Food,Luxury,746320
Paris,7,8,4,Flight,Shoulder,19,Vegetarian,Luxury,2777170
Udaipur,12,6,1,Bus,Shoulder,14,Street Food,Budget,171350
Varanasi,6,6,5,Train,Off-Peak,16,Fine Dining,Luxury,540220
Goa,3,8,1,Flight,Peak,8,Street Food,Budget,148460
Andaman,5,3,3,Flight,Shoulder,2,Fine Dining,Moderate,123450
Dubai,12,3,1,Flight,Shoulder,20,Non-Veg,Moderate,394830
Paris,3,1,2,Flight,Shoulder,2,Non-Veg,Luxury,191980
Dubai,9,1,1,Flight,Off-Peak,11,Vegetarian,Moderate,99290
Udaipur,3,4,4,Flight,Peak,2,Fine Dining,Moderate,141210
Kerala,8,3,2,Flight,Off-Peak,1,Non-Veg,Moderate,94590
Jaipur,12,3,4,Train,Shoulder,14,Vegetarian,Budget,215520
Manali,11,7,3,Car,Shoulder,9,Non-Veg,Moderate,368540
Jaipur,10,5,1,Bus,Off-Peak,29,Fine Dining,Budget,251640
Rishikesh,5,7,3,Train,Peak,8,Street Food,Budget,155270
Dubai,11,2,5,Flight,Peak,24,Fine Dining,Budget,588870
Bali,8,6,5,Flight,Off-Peak,6,Street Food,Budget,697860
Manali,2,5,2,Flight,Peak,4,Fine Dining,Luxury,153700
Singapore,8,7,4,Flight,Peak,21,Non-Veg,Moderate,1497500
Manali,10,4,2,Train,Shoulder,19,Vegetarian,Moderate,167300
Paris,5,1,2,Flight,Peak,15,Street Food,Budget,170400
Bali,2,5,2,Flight,Peak,1,Non-Veg,Luxury,437620
Udaipur,7,5,2,Flight,Off-Peak,9,Vegetarian,Budget,141200
Andaman,6,2,3,Train,Off-Peak,3,Street Food,Moderate,47940
Goa,9,3,3,Flight,Peak,19,Vegetarian,Budget,179670
Goa,2,1,2,Flight,Shoulder,4,Non-Veg,Budget,16310
Goa,10,7,2,Flight,Shoulder,30,Fine Dining,Moderate,593380
Bali,7,2,5,Flight,Off-Peak,2,Non-Veg,Budget,231330
Goa,8,2,4,Bus,Shoulder,11,Vegetarian,Luxury,154130
Varanasi,5,5,5,Bus,Off-Peak,10,Non-Veg,Moderate,213940
Udaipur,14,4,5,Bus,Peak,10,Vegetarian,Moderate,790950
Rishikesh,7,1,3,Flight,Off-Peak,13,Fine Dining,Budget,52350
Jaipur,8,8,1,Car,Peak,23,Fine Dining,Budget,326280
Jaipur,10,7,3,Train,Off-Peak,3,Vegetarian,Luxury,322940
Andaman,3,1,4,Train,Peak,4,Fine Dining,Moderate,50270
Singapore,8,6,3,Flight,Shoulder,9,Non-Veg,Budget,696300
Kerala,14,2,2,Flight,Shoulder,30,Fine Dining,Moderate,182770
Varanasi,14,4,4,Flight,Shoulder,8,Vegetarian,Budget,268160
Ladakh,13,1,2,Bus,Shoulder,10,Vegetarian,Luxury,95610
Varanasi,8,1,3,Flight,Peak,1,Street Food,Moderate,49520
Rishikesh,5,2,4,Flight,Peak,2,Vegetarian,Budget,65110
Jaipur,4,4,4,Flight,Off-Peak,11,Vegetarian,Luxury,184590
Manali,2,2,2,Car,Shoulder,2,Vegetarian,Moderate,16800
Udaipur,2,3,5,Flight,Off-Peak,4,Street Food,Budget,65670
Andaman,4,6,2,Car,Shoulder,5,Street Food,Budget,96590
Bali,11,4,3,Flight,Shoulder,27,Street Food,Budget,467320
Andaman,4,7,2,Train,Off-Peak,4,Vegetarian,Moderate,129130
Varanasi,9,8,3,Car,Off-Peak,11,Street Food,Moderate,220190
Varanasi,11,4,1,Bus,Shoulder,4,Street Food,Luxury,106030
Bali,5,3,1,Flight,Peak,11,Non-Veg,Moderate,270560
Singapore,13,1,2,Flight,Off-Peak,25,Fine Dining,Budget,180990
Bali,7,6,5,Flight,Peak,12,Non-Veg,Luxury,1715170
Singapore,9,5,2,Flight,Shoulder,2,Vegetarian,Budget,418370
Jaipur,2,8,1,Flight,Off-Peak,2,Non-Veg,Moderate,113930
Singapore,7,1,1,Flight,Peak,19,Non-Veg,Budget,128300
Varanasi,3,6,4,Train,Shoulder,5,Fine Dining,Budget,117120
Paris,8,8,3,Flight,Peak,23,Fine Dining,Budget,1853570
Kerala,8,5,3,Flight,Off-Peak,1,Street Food,Luxury,227390
Bali,7,4,5,Flight,Peak,16,Non-Veg,Moderate,800000
Jaipur,7,6,2,Train,Peak,21,Fine Dining,Moderate,275970
Jaipur,5,2,3,Flight,Peak,12,Vegetarian,Budget,57130
Paris,8,3,4,Flight,Shoulder,13,Fine Dining,Luxury,1215490
Udaipur,14,4,2,Train,Peak,19,Vegetarian,Moderate,236560
Manali,3,6,2,Bus,Peak,2,Vegetarian,Moderate,59890
Bali,9,1,4,Flight,Off-Peak,6,Street Food,Budget,122090
Varanasi,5,4,4,Train,Off-Peak,15,Fine Dining,Luxury,211570
Jaipur,3,1,4,Train,Shoulder,3,Vegetarian,Moderate,23460
Manali,6,8,2,Flight,Peak,6,Fine Dining,Budget,278590
Manali,6,7,4,Train,Off-Peak,9,Vegetarian,Luxury,371200
Kerala,7,7,3,Flight,Peak,9,Street Food,Moderate,299450
Ladakh,11,1,2,Bus,Off-Peak,7,Vegetarian,Luxury,69730
Rishikesh,8,4,5,Flight,Shoulder,17,Street Food,Luxury,543210
Udaipur,11,4,4,Flight,Shoulder,3,Non-Veg,Budget,284330
Udaipur,4,3,2,Bus,Peak,1,Street Food,Budget,36810
Andaman,5,3,5,Flight,Off-Peak,15,Vegetarian,Budget,227900
Andaman,10,6,3,Train,Peak,26,Street Food,Budget,434950
Kerala,11,2,1,Train,Peak,19,Fine Dining,Moderate,120040
Dubai,9,8,1,Flight,Peak,9,Street Food,Budget,601320
Dubai,13,7,1,Flight,Shoulder,22,Non-Veg,Budget,824930
Ladakh,7,1,3,Bus,Shoulder,10,Fine Dining,Moderate,73800
Dubai,3,4,2,Flight,Shoulder,8,Fine Dining,Moderate,325830
Bali,12,2,2,Flight,Shoulder,14,Street Food,Luxury,321820
Rishikesh,7,1,5,Bus,Peak,10,Street Food,Budget,127630
Rishikesh,11,1,2,Flight,Peak,4,Non-Veg,Budget,49030
Varanasi,13,4,3,Flight,Shoulder,33,Street Food,Luxury,357260
Dubai,2,4,3,Flight,Shoulder,5,Street Food,Budget,227620
Udaipur,11,6,3,Flight,Shoulder,6,Fine Dining,Budget,377800
Kerala,11,4,2,Train,Off-Peak,14,Fine Dining,Luxury,343300
Goa,14,1,4,Car,Off-Peak,12,Vegetarian,Budget,105350
Singapore,6,5,4,Flight,Shoulder,12,Street Food,Moderate,744490
Ladakh,12,7,5,Flight,Off-Peak,24,Fine Dining,Moderate,1421460
Udaipur,3,6,3,Train,Shoulder,5,Fine Dining,Budget,106460
Singapore,5,1,5,Flight,Shoulder,11,Fine Dining,Luxury,360100
Goa,12,8,3,Flight,Shoulder,26,Street Food,Luxury,751500
Paris,11,4,3,Flight,Off-Peak,15,Street Food,Luxury,1241790
Ladakh,4,3,3,Flight,Peak,12,Fine Dining,Luxury,238160
Singapore,4,6,1,Flight,Peak,6,Non-Veg,Luxury,811300
Andaman,14,6,3,Flight,Shoulder,30,Vegetarian,Moderate,624400
Dubai,11,2,4,Flight,Peak,33,Vegetarian,Luxury,686000
Ladakh,8,1,2,Flight,Peak,11,Street Food,Luxury,91090
Udaipur,4,6,2,Bus,Shoulder,6,Non-Veg,Moderate,107430
Goa,9,5,2,Bus,Peak,19,Non-Veg,Moderate,251700
Singapore,3,3,5,Flight,Shoulder,7,Street Food,Moderate,425270
Andaman,2,1,5,Flight,Shoulder,1,Fine Dining,Luxury,57660
Dubai,2,4,2,Flight,Off-Peak,3,Fine Dining,Budget,197470
Rishikesh,11,5,2,Flight,Peak,20,Fine Dining,Moderate,426590
Bali,10,6,4,Flight,Off-Peak,5,Fine Dining,Moderate,829000
Jaipur,4,7,1,Flight,Off-Peak,3,Non-Veg,Luxury,179350
Rishikesh,4,2,3,Train,Peak,7,Fine Dining,Luxury,89080
Bali,2,2,1,Flight,Peak,6,Vegetarian,Moderate,140840
Manali,10,5,4,Train,Peak,23,Vegetarian,Moderate,461180
Manali,12,5,5,Train,Peak,27,Vegetarian,Luxury,1440370
Manali,6,2,1,Train,Off-Peak,7,Fine Dining,Luxury,91790
Varanasi,13,7,3,Flight,Off-Peak,32,Non-Veg,Luxury,684260
Varanasi,5,1,1,Train,Peak,14,Street Food,Budget,17200
Singapore,10,2,1,Flight,Shoulder,21,Non-Veg,Moderate,310600
Ladakh,6,8,1,Flight,Peak,2,Fine Dining,Moderate,299000
Varanasi,8,2,1,Bus,Peak,1,Non-Veg,Luxury,55310
Varanasi,7,8,5,Flight,Off-Peak,3,Fine Dining,Moderate,535760
Andaman,8,8,3,Bus,Off-Peak,16,Street Food,Luxury,610220
Kerala,3,3,1,Car,Peak,2,Street Food,Luxury,44680
Bali,12,8,2,Flight,Off-Peak,25,Fine Dining,Luxury,1695070
Dubai,13,3,4,Flight,Shoulder,8,Street Food,Moderate,565780
Ladakh,12,6,1,Train,Off-Peak,34,Non-Veg,Luxury,680480
Rishikesh,10,2,4,Train,Peak,16,Fine Dining,Luxury,286520
Andaman,4,1,1,Train,Peak,9,Street Food,Moderate,27900
Manali,14,8,3,Flight,Shoulder,4,Non-Veg,Luxury,716230
Andaman,5,2,4,Flight,Off-Peak,8,Vegetarian,Moderate,91240
Manali,9,1,1,Flight,Peak,18,Vegetarian,Budget,41460
Bali,12,5,5,Flight,Off-Peak,14,Street Food,Moderate,1110270
Goa,5,8,3,Train,Off-Peak,10,Street Food,Luxury,275280
Paris,9,2,1,Flight,Off-Peak,8,Vegetarian,Moderate,317090
Dubai,14,5,5,Flight,Off-Peak,24,Vegetarian,Budget,1440960
Udaipur,4,7,1,Flight,Peak,4,Vegetarian,Moderate,139340
Singapore,5,6,1,Flight,Shoulder,1,Vegetarian,Moderate,448590
Bali,10,3,4,Flight,Peak,17,Vegetarian,Luxury,877090
Bali,9,3,5,Flight,Peak,24,Non-Veg,Budget,724780
Bali,11,6,5,Flight,Shoulder,27,Non-Veg,Moderate,1468580
Varanasi,6,8,2,Flight,Off-Peak,17,Fine Dining,Luxury,475760
Varanasi,13,4,2,Flight,Off-Peak,19,Fine Dining,Luxury,387500
Paris,12,3,5,Flight,Off-Peak,21,Vegetarian,Moderate,1404520
Bali,11,7,5,Flight,Shoulder,28,Vegetarian,Luxury,2550640
Andaman,4,1,1,Flight,Peak,5,Fine Dining,Budget,31950
Paris,14,5,2,Flight,Off-Peak,3,Fine Dining,Moderate,981530
Dubai,13,4,5,Flight,Shoulder,16,Fine Dining,Luxury,1900680
Andaman,8,7,3,Car,Peak,1,Fine Dining,Budget,363880
Singapore,9,4,3,Flight,Off-Peak,18,Non-Veg,Luxury,941030
Ladakh,9,3,1,Flight,Peak,24,Vegetarian,Moderate,180750
Ladakh,10,5,2,Flight,Shoulder,1,Fine Dining,Moderate,303690
Kerala,2,3,3,Train,Off-Peak,5,Fine Dining,Moderate,47730
Rishikesh,7,2,3,Train,Peak,17,Vegetarian,Luxury,122080
Rishikesh,10,7,1,Flight,Peak,22,Fine Dining,Moderate,498480
Jaipur,14,8,5,Bus,Off-Peak,1,Vegetarian,Luxury,1275190
Jaipur,12,4,1,Train,Shoulder,25,Vegetarian,Moderate,156490
Paris,6,1,5,Flight,Shoulder,17,Street Food,Moderate,381220
Dubai,5,6,5,Flight,Peak,2,Non-Veg,Luxury,1241200
Dubai,3,4,2,Flight,Off-Peak,7,Vegetarian,Budget,238280
Paris,13,7,1,Flight,Off-Peak,10,Vegetarian,Moderate,1291410
Goa,3,2,1,Flight,Shoulder,9,Vegetarian,Luxury,65870
Ladakh,8,7,4,Train,Shoulder,11,Vegetarian,Moderate,508760
Rishikesh,2,2,5,Flight,Peak,3,Vegetarian,Moderate,51990
Ladakh,11,2,3,Bus,Shoulder,25,Street Food,Luxury,201970
Kerala,10,4,2,Train,Off-Peak,10,Non-Veg,Moderate,144350
Singapore,13,6,1,Flight,Off-Peak,36,Non-Veg,Budget,934780
Bali,11,7,5,Flight,Off-Peak,6,Fine Dining,Budget,1335140
Paris,7,4,4,Flight,Off-Peak,17,Non-Veg,Budget,766740
Bali,6,4,1,Flight,Peak,2,Street Food,Luxury,415190
Ladakh,12,2,3,Flight,Off-Peak,32,Fine Dining,Moderate,222080
Dubai,5,2,3,Flight,Off-Peak,2,Non-Veg,Moderate,139670
Varanasi,11,5,5,Flight,Off-Peak,24,Fine Dining,Moderate,622430
Varanasi,5,4,4,Flight,Shoulder,3,Fine Dining,Moderate,163070
Varanasi,14,5,4,Train,Peak,42,Vegetarian,Moderate,588080
Kerala,10,4,3,Train,Off-Peak,3,Vegetarian,Budget,119340
Dubai,2,7,5,Flight,Peak,1,Fine Dining,Luxury,832620
Rishikesh,9,3,3,Flight,Off-Peak,24,Fine Dining,Budget,203970
Rishikesh,3,7,3,Train,Off-Peak,4,Non-Veg,Luxury,143310
Kerala,4,3,4,Car,Peak,4,Street Food,Budget,86540
Varanasi,5,1,2,Train,Shoulder,7,Street Food,Moderate,19410
Goa,12,6,1,Train,Off-Peak,18,Fine Dining,Luxury,549340
Kerala,8,7,3,Train,Peak,17,Fine Dining,Moderate,493500
Jaipur,10,7,3,Bus,Shoulder,16,Street Food,Luxury,414430
Kerala,9,3,2,Flight,Off-Peak,9,Non-Veg,Budget,101790
Varanasi,11,2,2,Flight,Shoulder,8,Street Food,Luxury,95750
Jaipur,11,3,4,Flight,Peak,9,Non-Veg,Budget,273120
Goa,11,3,1,Flight,Peak,26,Vegetarian,Luxury,252450
Ladakh,3,4,4,Train,Shoulder,8,Non-Veg,Budget,103040
Bali,4,3,5,Flight,Off-Peak,9,Fine Dining,Budget,330000
Varanasi,9,2,2,Flight,Peak,4,Vegetarian,Budget,54480
Rishikesh,12,7,2,Train,Peak,31,Vegetarian,Luxury,689970
Manali,3,8,2,Car,Off-Peak,1,Street Food,Luxury,104210
Goa,13,7,2,Car,Shoulder,25,Fine Dining,Luxury,902730
Singapore,13,2,4,Flight,Peak,17,Street Food,Budget,463910
Manali,6,7,3,Flight,Off-Peak,1,Vegetarian,Luxury,251640
Dubai,5,6,4,Flight,Shoulder,2,Non-Veg,Moderate,540410
Ladakh,6,7,5,Flight,Shoulder,13,Non-Veg,Moderate,725910
Rishikesh,9,3,3,Train,Shoulder,9,Fine Dining,Luxury,261500
Paris,8,3,1,Flight,Off-Peak,8,Street Food,Luxury,732600
Manali,5,7,3,Bus,Off-Peak,12,Vegetarian,Budget,148120
Dubai,2,2,2,Flight,Shoulder,5,Street Food,Budget,99600
Jaipur,7,2,5,Flight,Shoulder,13,Fine Dining,Luxury,289290
Goa,14,3,4,Flight,Peak,34,Fine Dining,Budget,456770
Bali,10,4,5,Flight,Peak,22,Vegetarian,Moderate,988940
Goa,4,2,3,Bus,Shoulder,11,Street Food,Moderate,44520
Rishikesh,2,2,1,Train,Off-Peak,5,Fine Dining,Moderate,31100
Ladakh,5,4,4,Car,Off-Peak,1,Fine Dining,Budget,130050
Manali,10,2,5,Flight,Peak,26,Fine Dining,Luxury,506710
Bali,6,8,4,Flight,Off-Peak,16,Non-Veg,Moderate,998780
Udaipur,12,8,5,Bus,Shoulder,8,Fine Dining,Budget,1115590
Singapore,5,4,3,Flight,Shoulder,6,Vegetarian,Luxury,613670
Jaipur,6,2,4,Train,Shoulder,3,Non-Veg,Moderate,67950
Jaipur,11,5,2,Car,Off-Peak,13,Street Food,Luxury,238450
Paris,5,5,2,Flight,Peak,4,Non-Veg,Luxury,1094500
Singapore,3,2,1,Flight,Off-Peak,8,Vegetarian,Luxury,273590
Udaipur,7,6,4,Bus,Off-Peak,9,Street Food,Budget,220880
Rishikesh,6,7,2,Bus,Peak,2,Street Food,Moderate,126920
Goa,10,6,4,Bus,Peak,15,Vegetarian,Luxury,708830
Varanasi,13,1,1,Train,Shoulder,38,Vegetarian,Moderate,47780
Ladakh,4,5,2,Flight,Off-Peak,6,Fine Dining,Budget,147420
Jaipur,8,6,3,Bus,Shoulder,15,Non-Veg,Luxury,322620
Bali,12,4,1,Flight,Off-Peak,18,Non-Veg,Luxury,658650
Andaman,5,3,2,Train,Peak,3,Street Food,Moderate,65780
Dubai,10,6,4,Flight,Shoulder,9,Vegetarian,Moderate,846470
Kerala,2,4,3,Train,Off-Peak,1,Street Food,Luxury,39410
Varanasi,7,5,3,Flight,Peak,12,Non-Veg,Luxury,308790
Dubai,10,3,3,Flight,Shoulder,11,Street Food,Luxury,549880
Manali,8,5,4,Train,Peak,6,Fine Dining,Moderate,403810
Bali,8,2,1,Flight,Peak,11,Non-Veg,Moderate,188060
Ladakh,13,5,5,Train,Shoulder,29,Fine Dining,Luxury,1853970
Udaipur,8,3,2,Bus,Peak,24,Non-Veg,Luxury,227360
Paris,13,2,2,Flight,Peak,26,Vegetarian,Budget,428770
Udaipur,10,1,1,Bus,Off-Peak,25,Vegetarian,Budget,38990
Kerala,3,7,3,Flight,Off-Peak,5,Street Food,Luxury,195020
Rishikesh,4,1,1,Train,Shoulder,8,Street Food,Luxury,27520
Rishikesh,9,3,5,Flight,Off-Peak,15,Street Food,Luxury,454330
Rishikesh,6,6,4,Train,Peak,15,Fine Dining,Moderate,373790
Kerala,6,1,1,Train,Peak,12,Fine Dining,Moderate,40340
Paris,9,8,3,Flight,Peak,25,Street Food,Moderate,2133350
Singapore,2,6,2,Flight,Shoulder,5,Street Food,Moderate,464900
Paris,13,7,4,Flight,Peak,17,Vegetarian,Moderate,2680670
Rishikesh,14,5,3,Train,Off-Peak,18,Street Food,Budget,258670
Kerala,4,5,1,Train,Off-Peak,8,Fine Dining,Luxury,173530
Jaipur,7,1,2,Flight,Off-Peak,1,Non-Veg,Budget,26260
Kerala,13,8,1,Flight,Peak,1,Street Food,Budget,215230
Ladakh,14,8,3,Train,Peak,22,Vegetarian,Budget,614400
Singapore,8,2,5,Flight,Shoulder,6,Non-Veg,Moderate,462270
Goa,3,4,4,Bus,Shoulder,4,Vegetarian,Budget,60910
Singapore,3,4,4,Flight,Shoulder,5,Fine Dining,Budget,355660
Goa,13,2,3,Train,Shoulder,13,Fine Dining,Budget,148000
Jaipur,3,4,4,Flight,Peak,5,Vegetarian,Moderate,111750
Goa,2,8,5,Flight,Peak,2,Non-Veg,Moderate,202900
Bali,7,1,1,Flight,Shoulder,21,Non-Veg,Luxury,167590
Manali,4,8,2,Flight,Off-Peak,11,Fine Dining,Moderate,279860
Goa,13,7,3,Train,Shoulder,3,Street Food,Luxury,488380
Ladakh,10,8,2,Train,Off-Peak,12,Fine Dining,Luxury,721460
Bali,10,3,1,Flight,Off-Peak,5,Street Food,Moderate,257810
Rishikesh,7,8,1,Bus,Off-Peak,13,Non-Veg,Budget,199980
Varanasi,14,4,3,Train,Off-Peak,35,Street Food,Budget,174120
Udaipur,14,3,5,Flight,Shoulder,42,Fine Dining,Budget,681590
Dubai,3,1,2,Flight,Peak,1,Non-Veg,Budget,53960
Manali,2,7,4,Train,Off-Peak,5,Fine Dining,Budget,99150
Bali,13,2,1,Flight,Peak,32,Vegetarian,Moderate,294990
Goa,7,7,3,Bus,Peak,20,Fine Dining,Luxury,600290
Manali,6,2,2,Car,Peak,4,Non-Veg,Luxury,68070
Jaipur,10,4,5,Train,Peak,18,Street Food,Luxury,714440
Dubai,11,6,4,Flight,Off-Peak,28,Vegetarian,Budget,998840
Rishikesh,8,6,2,Train,Off-Peak,15,Fine Dining,Moderate,305110
Varanasi,7,7,4,Bus,Shoulder,20,Non-Veg,Luxury,478350
Andaman,14,5,3,Car,Shoulder,26,Vegetarian,Luxury,722340
Ladakh,11,1,5,Flight,Shoulder,1,Fine Dining,Budget,229530
Varanasi,2,5,5,Train,Off-Peak,5,Non-Veg,Budget,61190
Varanasi,4,3,3,Flight,Off-Peak,4,Non-Veg,Moderate,70680
Manali,11,7,5,Car,Off-Peak,5,Fine Dining,Moderate,842910
Paris,13,2,5,Flight,Off-Peak,20,Vegetarian,Luxury,1246080
Andaman,3,1,3,Flight,Shoulder,7,Vegetarian,Budget,30630
Bali,2,7,1,Flight,Shoulder,5,Vegetarian,Moderate,485030
Kerala,7,4,2,Flight,Off-Peak,13,Street Food,Luxury,189170
Manali,5,7,3,Bus,Peak,3,Fine Dining,Budget,193590
Paris,2,7,3,Flight,Peak,4,Street Food,Luxury,1328870
Kerala,9,4,4,Flight,Off-Peak,7,Non-Veg,Budget,191510
Singapore,8,6,5,Flight,Peak,4,Street Food,Moderate,1487260
Jaipur,7,6,5,Train,Shoulder,6,Fine Dining,Luxury,749970
Singapore,9,3,4,Flight,Peak,27,Non-Veg,Budget,715340
Kerala,14,2,1,Train,Peak,40,Non-Veg,Moderate,126300
Paris,14,2,3,Flight,Shoulder,31,Vegetarian,Moderate,591110
Rishikesh,5,4,5,Train,Shoulder,9,Street Food,Luxury,293230
Kerala,13,1,4,Train,Off-Peak,34,Vegetarian,Moderate,132920
Ladakh,5,5,1,Train,Peak,2,Street Food,Luxury,102710
Dubai,7,2,1,Flight,Shoulder,21,Street Food,Budget,198920
Rishikesh,13,2,3,Train,Off-Peak,35,Vegetarian,Budget,121240
Udaipur,10,1,1,Flight,Off-Peak,10,Fine Dining,Moderate,60090
Kerala,2,6,3,Flight,Shoulder,2,Fine Dining,Budget,100510
Andaman,2,5,2,Flight,Shoulder,6,Non-Veg,Budget,102820
Rishikesh,12,4,4,Flight,Peak,28,Fine Dining,Luxury,755010
Rishikesh,4,4,2,Train,Off-Peak,4,Non-Veg,Moderate,62960
Rishikesh,4,7,2,Train,Off-Peak,3,Fine Dining,Budget,128580
Paris,3,3,3,Flight,Peak,1,Fine Dining,Moderate,458120
Ladakh,9,5,2,Bus,Peak,5,Non-Veg,Budget,182230
Bali,11,5,5,Flight,Off-Peak,15,Non-Veg,Budget,961060
Varanasi,3,8,2,Train,Off-Peak,8,Fine Dining,Budget,124960
Udaipur,9,3,2,Flight,Peak,14,Vegetarian,Moderate,166380
Jaipur,13,4,2,Flight,Shoulder,32,Fine Dining,Moderate,365860
Andaman,8,1,5,Train,Shoulder,24,Fine Dining,Moderate,239660
Paris,11,1,5,Flight,Peak,29,Street Food,Budget,719530
Jaipur,10,7,1,Train,Off-Peak,25,Vegetarian,Budget,210790
Andaman,6,5,4,Flight,Shoulder,2,Non-Veg,Moderate,289140
Udaipur,3,2,2,Bus,Off-Peak,9,Non-Veg,Moderate,33560
Udaipur,2,3,4,Train,Off-Peak,2,Street Food,Budget,28540
Paris,12,3,1,Flight,Peak,8,Street Food,Luxury,773540
Rishikesh,13,7,5,Train,Peak,25,Street Food,Budget,1142400
Varanasi,11,3,2,Bus,Peak,4,Street Food,Moderate,91400
Singapore,9,5,2,Flight,Peak,5,Non-Veg,Budget,519700
Ladakh,2,8,4,Bus,Off-Peak,1,Street Food,Budget,60570
Dubai,9,8,4,Flight,Shoulder,3,Vegetarian,Budget,884790
Ladakh,11,4,1,Flight,Peak,23,Vegetarian,Budget,226800
Dubai,11,5,3,Flight,Peak,4,Vegetarian,Moderate,672510
Kerala,12,5,5,Train,Off-Peak,36,Non-Veg,Moderate,816190
Varanasi,2,2,3,Flight,Shoulder,1,Street Food,Luxury,35970
Udaipur,4,2,3,Flight,Shoulder,9,Non-Veg,Luxury,87070
Goa,3,2,4,Train,Off-Peak,5,Street Food,Luxury,51600
Ladakh,10,6,2,Train,Shoulder,17,Street Food,Moderate,306360
Bali,5,5,2,Flight,Peak,2,Vegetarian,Moderate,388430
Manali,13,4,5,Car,Shoulder,3,Fine Dining,Moderate,627520
Dubai,5,1,2,Flight,Off-Peak,5,Fine Dining,Budget,72810
Rishikesh,10,6,1,Flight,Shoulder,11,Street Food,Luxury,306670
Goa,4,4,3,Bus,Off-Peak,8,Street Food,Budget,62080
Udaipur,4,8,5,Bus,Shoulder,7,Vegetarian,Luxury,512260
Paris,12,6,5,Flight,Off-Peak,2,Non-Veg,Luxury,2991830
Singapore,14,6,1,Flight,Peak,18,Vegetarian,Moderate,948130
Dubai,10,3,5,Flight,Off-Peak,13,Non-Veg,Luxury,1030780
Singapore,14,5,3,Flight,Off-Peak,3,Fine Dining,Moderate,806890
Jaipur,7,8,3,Flight,Shoulder,6,Vegetarian,Moderate,280060
Singapore,5,2,4,Flight,Off-Peak,1,Street Food,Luxury,270790
Varanasi,9,5,3,Flight,Peak,27,Non-Veg,Budget,254350
Udaipur,8,2,1,Flight,Peak,22,Vegetarian,Moderate,90940
Goa,3,5,1,Train,Shoulder,4,Fine Dining,Budget,70340
Ladakh,10,6,4,Train,Shoulder,5,Non-Veg,Moderate,424170
Bali,10,2,2,Flight,Off-Peak,12,Fine Dining,Moderate,234260
Paris,14,5,5,Flight,Peak,11,Vegetarian,Moderate,3163930
Varanasi,10,8,1,Flight,Shoulder,29,Vegetarian,Budget,265450
Manali,8,7,2,Train,Off-Peak,21,Street Food,Luxury,350390
Varanasi,5,2,4,Train,Peak,14,Street Food,Budget,55270
Dubai,12,8,4,Flight,Peak,15,Non-Veg,Luxury,2368150
Varanasi,8,3,3,Bus,Shoulder,15,Street Food,Budget,79660
Manali,7,8,4,Bus,Shoulder,12,Non-Veg,Luxury,528060
Paris,14,2,3,Flight,Off-Peak,42,Vegetarian,Moderate,664800
Andaman,11,7,2,Train,Off-Peak,11,Street Food,Moderate,296680
Jaipur,13,7,4,Train,Shoulder,35,Non-Veg,Budget,635030
Manali,13,8,1,Train,Shoulder,21,Vegetarian,Moderate,326020
Andaman,3,2,5,Bus,Shoulder,6,Street Food,Luxury,112910
Manali,5,3,5,Car,Off-Peak,13,Vegetarian,Budget,152830
Udaipur,10,5,4,Train,Shoulder,7,Non-Veg,Luxury,599680
Ladakh,11,5,4,Train,Shoulder,6,Vegetarian,Luxury,688670
Andaman,4,5,1,Flight,Off-Peak,1,Vegetarian,Luxury,128030
Varanasi,3,5,1,Flight,Off-Peak,7,Fine Dining,Luxury,164970
Andaman,8,4,2,Train,Peak,18,Street Food,Moderate,221240
Kerala,6,3,2,Flight,Off-Peak,1,Non-Veg,Luxury,119050
Dubai,8,3,1,Flight,Peak,21,Street Food,Moderate,371230
Paris,11,7,5,Flight,Peak,30,Street Food,Luxury,5929570
Andaman,7,4,2,Flight,Peak,19,Street Food,Luxury,327660
Rishikesh,6,7,5,Train,Peak,2,Street Food,Luxury,701010
Bali,9,2,2,Flight,Off-Peak,24,Fine Dining,Moderate,279470
Rishikesh,11,2,2,Train,Off-Peak,5,Fine Dining,Luxury,141990
Varanasi,10,1,4,Train,Shoulder,19,Fine Dining,Moderate,107000
Singapore,6,5,2,Flight,Peak,10,Fine Dining,Budget,554240
Bali,4,1,3,Flight,Off-Peak,10,Vegetarian,Moderate,93240
Kerala,10,2,3,Flight,Off-Peak,9,Fine Dining,Moderate,123530
Manali,11,3,5,Train,Off-Peak,29,Fine Dining,Budget,391980
Paris,5,8,2,Flight,Off-Peak,14,Vegetarian,Moderate,1504600
Kerala,11,3,4,Bus,Shoulder,25,Non-Veg,Luxury,445990
Dubai,4,4,5,Flight,Off-Peak,6,Vegetarian,Luxury,585240
Manali,2,3,4,Flight,Shoulder,4,Non-Veg,Moderate,64590
Andaman,9,5,2,Train,Shoulder,1,Fine Dining,Moderate,238340
Varanasi,10,1,1,Car,Off-Peak,12,Street Food,Luxury,39510
Ladakh,7,5,3,Bus,Shoulder,21,Street Food,Moderate,294110
Paris,5,4,5,Flight,Shoulder,11,Non-Veg,Moderate,1003300
Dubai,2,2,1,Flight,Shoulder,1,Vegetarian,Luxury,147630
Jaipur,13,5,3,Flight,Peak,6,Vegetarian,Luxury,498290
Jaipur,11,2,1,Flight,Off-Peak,9,Street Food,Luxury,89750
Dubai,11,3,1,Flight,Off-Peak,12,Fine Dining,Moderate,364790
Manali,12,8,3,Bus,Off-Peak,21,Fine Dining,Budget,536530
Ladakh,14,1,4,Flight,Peak,17,Fine Dining,Budget,223090
Udaipur,5,7,2,Train,Peak,3,Street Food,Budget,110420
Manali,9,5,1,Flight,Peak,19,Fine Dining,Moderate,289450
Udaipur,4,1,1,Train,Shoulder,3,Fine Dining,Moderate,22570
Rishikesh,13,8,4,Flight,Off-Peak,5,Non-Veg,Budget,474230
Paris,14,8,1,Flight,Off-Peak,35,Fine Dining,Moderate,2422120
Andaman,2,2,3,Train,Shoulder,1,Street Food,Moderate,17580
Kerala,10,1,4,Train,Shoulder,23,Street Food,Budget,101680
Varanasi,9,2,4,Train,Peak,2,Non-Veg,Budget,95040
Bali,5,8,4,Flight,Peak,13,Fine Dining,Moderate,1020460
Singapore,9,1,1,Flight,Shoulder,2,Fine Dining,Luxury,159140
Manali,5,8,5,Flight,Off-Peak,4,Vegetarian,Budget,328280
Udaipur,12,1,4,Car,Off-Peak,3,Non-Veg,Luxury,168560
Goa,4,1,3,Bus,Peak,8,Non-Veg,Luxury,45100
Manali,3,8,5,Bus,Peak,2,Non-Veg,Moderate,244730
Paris,12,7,3,Flight,Peak,35,Non-Veg,Moderate,2473900
Singapore,5,1,5,Flight,Peak,6,Vegetarian,Budget,232100
Singapore,8,3,3,Flight,Off-Peak,6,Street Food,Budget,317580
Goa,4,2,5,Flight,Peak,1,Street Food,Budget,83340
Kerala,3,5,4,Train,Shoulder,3,Non-Veg,Budget,90880
Rishikesh,9,7,2,Car,Off-Peak,23,Vegetarian,Luxury,460190
Udaipur,11,2,3,Flight,Peak,16,Non-Veg,Budget,132170
Manali,11,6,5,Train,Shoulder,14,Fine Dining,Budget,685300
Singapore,4,8,4,Flight,Peak,3,Vegetarian,Budget,756630
Ladakh,5,7,3,Flight,Shoulder,1,Vegetarian,Luxury,274990
Rishikesh,4,3,1,Train,Peak,2,Non-Veg,Luxury,57940
Bali,7,7,2,Flight,Off-Peak,11,Non-Veg,Budget,560540
Manali,5,7,2,Flight,Peak,2,Street Food,Luxury,226240
Andaman,4,4,5,Train,Shoulder,6,Non-Veg,Moderate,223550
Dubai,7,5,2,Flight,Shoulder,5,Vegetarian,Luxury,595470
Ladakh,4,2,4,Train,Peak,6,Non-Veg,Moderate,77650
Singapore,14,3,5,Flight,Off-Peak,15,Vegetarian,Moderate,1194280
Udaipur,5,8,4,Flight,Off-Peak,7,Non-Veg,Budget,262830
Bali,5,3,5,Flight,Peak,7,Vegetarian,Budget,438560
Paris,14,1,4,Flight,Off-Peak,26,Street Food,Luxury,659590
Udaipur,9,4,1,Train,Peak,23,Street Food,Budget,129480
Ladakh,5,2,1,Train,Shoulder,3,Street Food,Luxury,42460
Goa,9,8,2,Bus,Shoulder,6,Fine Dining,Luxury,535470
Dubai,2,2,4,Flight,Off-Peak,3,Vegetarian,Moderate,121470
Ladakh,13,4,1,Train,Shoulder,4,Fine Dining,Budget,191110
Varanasi,9,1,3,Flight,Off-Peak,18,Vegetarian,Luxury,76100
Jaipur,4,6,2,Train,Off-Peak,8,Non-Veg,Luxury,151450
Varanasi,7,5,5,Train,Shoulder,2,Vegetarian,Moderate,326470
Udaipur,10,2,4,Train,Off-Peak,27,Fine Dining,Moderate,196350
Singapore,12,2,2,Flight,Shoulder,6,Vegetarian,Moderate,251210
Ladakh,3,2,2,Flight,Off-Peak,3,Street Food,Budget,32680
Rishikesh,12,1,3,Flight,Off-Peak,35,Non-Veg,Moderate,96950
Udaipur,13,1,3,Flight,Peak,15,Fine Dining,Moderate,144830
Dubai,12,6,4,Flight,Off-Peak,34,Street Food,Moderate,1221470
Kerala,14,5,2,Bus,Peak,31,Fine Dining,Moderate,511990
Goa,4,6,3,Train,Peak,10,Non-Veg,Luxury,230730
Kerala,4,3,2,Flight,Peak,6,Non-Veg,Moderate,78600
Kerala,5,1,3,Car,Peak,6,Street Food,Luxury,58270
Rishikesh,6,2,1,Flight,Shoulder,5,Street Food,Moderate,43330
Paris,10,6,3,Flight,Shoulder,29,Fine Dining,Luxury,2610350
Singapore,11,8,3,Flight,Off-Peak,8,Street Food,Budget,840160
Rishikesh,3,5,1,Flight,Peak,8,Fine Dining,Budget,121030
Bali,12,4,5,Flight,Off-Peak,15,Fine Dining,Budget,746750
Rishikesh,9,2,5,Flight,Shoulder,11,Vegetarian,Luxury,274470
Kerala,13,7,3,Flight,Peak,19,Fine Dining,Moderate,744440
Udaipur,10,2,2,Train,Shoulder,24,Street Food,Moderate,91930
Singapore,13,7,4,Flight,Peak,38,Vegetarian,Budget,1963720
Udaipur,10,6,1,Car,Off-Peak,25,Street Food,Budget,199280
Dubai,6,7,2,Flight,Off-Peak,15,Non-Veg,Budget,582510
Andaman,6,8,1,Bus,Shoulder,10,Street Food,Luxury,322810
Jaipur,2,1,2,Flight,Off-Peak,6,Street Food,Budget,14650
Ladakh,8,3,4,Car,Off-Peak,8,Vegetarian,Budget,171680
Udaipur,3,6,5,Train,Shoulder,5,Street Food,Luxury,284070
Varanasi,10,1,3,Flight,Peak,5,Fine Dining,Moderate,89140
Kerala,7,3,1,Flight,Shoulder,21,Fine Dining,Budget,133530
Rishikesh,12,2,5,Flight,Off-Peak,12,Vegetarian,Luxury,320540
Rishikesh,7,6,3,Flight,Off-Peak,12,Vegetarian,Luxury,345390
Kerala,2,3,5,Flight,Shoulder,4,Fine Dining,Budget,78680
Kerala,10,4,2,Bus,Off-Peak,20,Vegetarian,Moderate,155400
Manali,3,3,1,Train,Shoulder,6,Non-Veg,Moderate,42710
Bali,10,6,2,Flight,Off-Peak,10,Vegetarian,Luxury,887460
Jaipur,4,3,2,Flight,Peak,3,Vegetarian,Moderate,67330
Singapore,3,2,1,Flight,Shoulder,7,Vegetarian,Budget,141150
Singapore,12,1,4,Flight,Peak,17,Vegetarian,Budget,313830
Goa,14,2,1,Car,Peak,38,Non-Veg,Budget,121360
Goa,3,3,3,Car,Shoulder,6,Non-Veg,Luxury,88400
Bali,5,2,1,Flight,Off-Peak,13,Vegetarian,Luxury,248040
Jaipur,6,3,5,Flight,Off-Peak,4,Non-Veg,Luxury,311900
Udaipur,7,3,4,Train,Peak,6,Fine Dining,Moderate,248340
Rishikesh,5,7,1,Bus,Shoulder,2,Street Food,Budget,64220
Udaipur,14,6,3,Train,Peak,6,Fine Dining,Moderate,546510
Ladakh,9,5,4,Flight,Shoulder,10,Street Food,Budget,372900
Singapore,9,6,2,Flight,Peak,22,Street Food,Luxury,1305060
Udaipur,10,2,1,Flight,Shoulder,23,Vegetarian,Luxury,148830
Kerala,3,6,2,Flight,Off-Peak,7,Vegetarian,Budget,107510
Paris,9,5,5,Flight,Off-Peak,9,Street Food,Moderate,1624270
Bali,8,8,5,Flight,Shoulder,5,Street Food,Budget,1045810
Udaipur,9,4,2,Flight,Off-Peak,2,Vegetarian,Moderate,124470
Kerala,8,6,2,Flight,Off-Peak,4,Vegetarian,Luxury,261060
Singapore,9,8,2,Flight,Shoulder,22,Street Food,Moderate,1212060
Rishikesh,7,1,1,Car,Peak,13,Street Food,Moderate,34010
Udaipur,9,1,1,Flight,Off-Peak,25,Fine Dining,Luxury,98480
Andaman,4,5,4,Train,Peak,10,Street Food,Luxury,356460
Rishikesh,11,8,4,Train,Peak,33,Vegetarian,Moderate,785640
Bali,8,6,3,Flight,Shoulder,2,Vegetarian,Luxury,740920
Varanasi,7,1,3,Flight,Shoulder,12,Fine Dining,Moderate,57770
Dubai,5,4,2,Flight,Off-Peak,5,Vegetarian,Luxury,387700
Ladakh,3,6,2,Flight,Shoulder,1,Street Food,Luxury,147270
Bali,10,7,3,Flight,Peak,23,Street Food,Luxury,1400880
Varanasi,8,7,3,Train,Shoulder,4,Non-Veg,Moderate,214680
Singapore,14,6,2,Flight,Off-Peak,20,Fine Dining,Moderate,1090920
Dubai,14,2,5,Flight,Peak,19,Fine Dining,Budget,682440
Bali,8,4,5,Flight,Off-Peak,3,Vegetarian,Luxury,806680
Manali,11,8,4,Flight,Peak,20,Fine Dining,Moderate,949870
Varanasi,5,7,4,Flight,Off-Peak,8,Non-Veg,Budget,203660
Rishikesh,4,8,2,Train,Off-Peak,8,Fine Dining,Luxury,309680
Bali,14,7,5,Flight,Off-Peak,41,Vegetarian,Luxury,2900000
Udaipur,4,4,2,Train,Shoulder,7,Street Food,Moderate,70810
Manali,12,4,4,Flight,Shoulder,11,Fine Dining,Luxury,607590
Andaman,5,2,2,Flight,Peak,13,Fine Dining,Moderate,108260
Andaman,8,1,2,Flight,Peak,1,Fine Dining,Moderate,66930
Kerala,12,1,4,Bus,Peak,6,Fine Dining,Luxury,261160
Manali,8,6,1,Flight,Off-Peak,5,Non-Veg,Budget,147150
Rishikesh,3,5,4,Bus,Peak,2,Fine Dining,Moderate,131720
Paris,8,4,4,Flight,Peak,5,Vegetarian,Budget,777460
Ladakh,9,7,3,Bus,Peak,16,Fine Dining,Luxury,911860
Varanasi,10,7,4,Train,Shoulder,29,Non-Veg,Moderate,481960
Varanasi,6,1,5,Flight,Off-Peak,2,Non-Veg,Moderate,80710
Ladakh,12,6,1,Train,Peak,29,Street Food,Budget,347560
Andaman,6,5,1,Car,Peak,10,Non-Veg,Budget,155810
Dubai,7,7,1,Flight,Shoulder,3,Street Food,Moderate,479210
Varanasi,13,7,1,Bus,Off-Peak,17,Vegetarian,Moderate,212480
Paris,10,6,4,Flight,Off-Peak,1,Vegetarian,Luxury,1812920
Dubai,9,3,1,Flight,Shoulder,7,Fine Dining,Moderate,312360
Manali,4,4,5,Train,Off-Peak,3,Street Food,Moderate,119900
Paris,4,5,2,Flight,Off-Peak,10,Fine Dining,Moderate,818490
Andaman,7,3,4,Bus,Off-Peak,8,Vegetarian,Budget,158540
Dubai,11,4,1,Flight,Shoulder,13,Fine Dining,Luxury,748720
Goa,8,7,5,Flight,Peak,12,Non-Veg,Luxury,1305010
Paris,10,7,4,Flight,Off-Peak,16,Vegetarian,Budget,1637470
Jaipur,14,5,3,Train,Shoulder,9,Street Food,Budget,232510
Ladakh,13,4,4,Flight,Peak,2,Fine Dining,Moderate,540640
Udaipur,5,6,5,Train,Shoulder,2,Vegetarian,Moderate,305440
Varanasi,13,7,2,Train,Off-Peak,28,Fine Dining,Budget,391690
Goa,2,6,2,Train,Shoulder,5,Vegetarian,Budget,52070
Bali,8,5,4,Flight,Off-Peak,12,Non-Veg,Luxury,892550
Kerala,6,3,5,Train,Shoulder,15,Non-Veg,Budget,230450
Rishikesh,8,3,3,Flight,Peak,5,Street Food,Moderate,137880
Andaman,6,5,5,Bus,Shoulder,17,Fine Dining,Moderate,632980
Varanasi,13,8,2,Train,Off-Peak,29,Vegetarian,Budget,271230
Jaipur,4,1,4,Flight,Off-Peak,8,Street Food,Budget,34760
Udaipur,2,8,3,Car,Off-Peak,4,Street Food,Moderate,85560
Paris,4,2,3,Flight,Peak,4,Fine Dining,Budget,284130
Paris,10,5,5,Flight,Off-Peak,19,Non-Veg,Luxury,2991090
Goa,10,3,4,Car,Peak,25,Street Food,Luxury,447050
Varanasi,2,5,1,Flight,Off-Peak,1,Fine Dining,Budget,65720
Udaipur,13,8,4,Train,Shoulder,39,Vegetarian,Moderate,976930
Dubai,11,8,3,Flight,Off-Peak,9,Non-Veg,Budget,807480
Ladakh,7,1,1,Train,Off-Peak,13,Vegetarian,Moderate,35080
Jaipur,14,7,1,Flight,Peak,11,Street Food,Moderate,278830
Singapore,12,3,1,Flight,Shoulder,32,Street Food,Luxury,813770
Ladakh,12,3,3,Train,Shoulder,33,Non-Veg,Moderate,317830
Andaman,9,5,5,Train,Peak,25,Street Food,Moderate,1024470
Andaman,12,7,1,Flight,Shoulder,30,Non-Veg,Luxury,883930
Kerala,9,2,3,Train,Peak,26,Street Food,Moderate,108070
Kerala,12,5,2,Train,Shoulder,4,Vegetarian,Budget,160130
Rishikesh,8,7,1,Train,Off-Peak,19,Fine Dining,Moderate,355710
Manali,14,1,1,Train,Shoulder,12,Non-Veg,Moderate,46520
Andaman,13,5,3,Train,Shoulder,29,Fine Dining,Moderate,692870
Singapore,4,4,2,Flight,Peak,12,Fine Dining,Luxury,650900
Rishikesh,2,1,4,Flight,Peak,6,Street Food,Moderate,27970
Dubai,13,8,3,Flight,Off-Peak,24,Street Food,Moderate,1166080
Kerala,2,4,1,Bus,Off-Peak,2,Vegetarian,Budget,20530
Kerala,12,4,4,Bus,Off-Peak,13,Vegetarian,Moderate,284150
Kerala,9,7,1,Flight,Peak,24,Street Food,Moderate,310440
Udaipur,11,4,2,Flight,Shoulder,4,Fine Dining,Budget,202040
Paris,8,7,4,Flight,Off-Peak,19,Fine Dining,Budget,1624880
Udaipur,10,8,2,Train,Off-Peak,1,Street Food,Luxury,257710
Manali,6,7,4,Flight,Off-Peak,12,Street Food,Luxury,443470
Kerala,6,4,4,Flight,Peak,17,Non-Veg,Luxury,385580
Varanasi,11,8,2,Bus,Off-Peak,25,Street Food,Luxury,379880
Varanasi,14,8,2,Train,Shoulder,6,Street Food,Budget,204230
Kerala,11,8,1,Bus,Shoulder,20,Non-Veg,Budget,280700
Goa,7,5,3,Train,Peak,17,Vegetarian,Budget,197410
Manali,11,4,1,Train,Shoulder,17,Fine Dining,Moderate,239710
Singapore,10,5,2,Flight,Off-Peak,28,Vegetarian,Luxury,1188180
Udaipur,14,8,1,Car,Off-Peak,40,Vegetarian,Luxury,714620
Manali,4,2,2,Car,Peak,12,Fine Dining,Luxury,90080
Rishikesh,9,2,2,Train,Shoulder,27,Non-Veg,Budget,96070
Udaipur,8,1,2,Bus,Shoulder,11,Fine Dining,Luxury,80520
Ladakh,7,7,3,Train,Peak,5,Street Food,Budget,227870
Andaman,8,7,4,Car,Off-Peak,22,Fine Dining,Budget,597520
Singapore,2,2,1,Flight,Shoulder,3,Street Food,Budget,123150
Andaman,14,1,2,Car,Peak,41,Fine Dining,Moderate,166770
Dubai,13,5,3,Flight,Shoulder,1,Fine Dining,Luxury,1057040
Kerala,13,7,4,Train,Off-Peak,29,Fine Dining,Luxury,1212300
Jaipur,6,2,1,Train,Shoulder,5,Fine Dining,Budget,45440
Rishikesh,6,6,2,Flight,Off-Peak,9,Non-Veg,Moderate,198570
Rishikesh,3,1,3,Flight,Off-Peak,6,Vegetarian,Budget,21990
Manali,9,5,5,Train,Shoulder,11,Non-Veg,Luxury,856960
Bali,13,4,3,Flight,Shoulder,19,Non-Veg,Luxury,832540
Paris,5,2,3,Flight,Off-Peak,10,Non-Veg,Moderate,343510
Kerala,13,7,4,Flight,Peak,28,Non-Veg,Moderate,933190
Manali,7,7,5,Train,Shoulder,9,Street Food,Luxury,785070
Udaipur,13,8,4,Bus,Peak,33,Non-Veg,Moderate,1082840
Kerala,13,2,2,Train,Peak,11,Fine Dining,Budget,127900
Andaman,3,2,3,Train,Peak,9,Non-Veg,Budget,47990
Varanasi,6,5,4,Flight,Peak,5,Street Food,Budget,201620
Ladakh,6,4,2,Bus,Shoulder,1,Vegetarian,Luxury,100800
Goa,8,8,5,Flight,Shoulder,11,Street Food,Moderate,793830
Bali,4,3,5,Flight,Off-Peak,8,Street Food,Luxury,497280
Paris,7,2,5,Flight,Off-Peak,20,Street Food,Moderate,576310
Andaman,7,1,4,Train,Off-Peak,3,Non-Veg,Luxury,99510
Dubai,14,5,5,Flight,Off-Peak,8,Vegetarian,Budget,1271300
Rishikesh,11,1,5,Train,Shoulder,33,Vegetarian,Budget,184790
Rishikesh,4,1,3,Bus,Peak,12,Street Food,Budget,29210
Bali,7,7,5,Flight,Peak,16,Vegetarian,Moderate,1430200
Andaman,2,6,4,Flight,Peak,1,Non-Veg,Moderate,120960
Ladakh,14,2,2,Flight,Shoulder,11,Vegetarian,Luxury,186020
Kerala,2,1,3,Flight,Shoulder,2,Street Food,Moderate,16730
Manali,2,4,2,Bus,Off-Peak,2,Street Food,Luxury,36210
Andaman,3,5,1,Flight,Off-Peak,7,Vegetarian,Moderate,118900
Dubai,5,1,3,Flight,Off-Peak,10,Vegetarian,Budget,87950
Dubai,14,3,3,Flight,Off-Peak,27,Street Food,Budget,472430
Rishikesh,5,3,3,Train,Peak,13,Non-Veg,Luxury,171090
Rishikesh,9,1,1,Bus,Off-Peak,10,Non-Veg,Budget,26580
Udaipur,6,5,4,Car,Off-Peak,7,Fine Dining,Budget,219890
Rishikesh,11,2,3,Flight,Off-Peak,8,Non-Veg,Luxury,144290
Ladakh,8,4,5,Train,Shoulder,22,Fine Dining,Luxury,792690
Singapore,13,8,3,Flight,Peak,21,Fine Dining,Budget,1561570
Bali,7,1,2,Flight,Off-Peak,1,Street Food,Budget,72100
Dubai,4,7,5,Flight,Off-Peak,12,Street Food,Moderate,867710
Singapore,12,2,5,Flight,Peak,29,Vegetarian,Moderate,902020
Andaman,11,6,4,Flight,Off-Peak,1,Vegetarian,Moderate,408450
Jaipur,9,1,2,Train,Shoulder,22,Fine Dining,Budget,53180
Bali,12,5,2,Flight,Peak,32,Fine Dining,Budget,751200
Paris,13,4,1,Flight,Peak,26,Vegetarian,Moderate,979050
Udaipur,4,4,5,Train,Off-Peak,10,Non-Veg,Budget,150560
Paris,3,3,3,Flight,Off-Peak,4,Fine Dining,Budget,393680
Goa,13,5,5,Bus,Peak,28,Vegetarian,Moderate,1126200
Andaman,6,2,5,Train,Shoulder,17,Vegetarian,Luxury,272700
Ladakh,8,8,3,Flight,Peak,11,Vegetarian,Luxury,702970
Paris,5,7,1,Flight,Peak,4,Non-Veg,Moderate,983840
Dubai,12,2,1,Flight,Shoulder,28,Vegetarian,Luxury,423600
Varanasi,6,4,1,Train,Shoulder,2,Fine Dining,Luxury,151020
Manali,14,8,1,Train,Off-Peak,8,Vegetarian,Budget,225200
Andaman,7,2,2,Flight,Shoulder,2,Fine Dining,Luxury,130470
Manali,3,1,5,Flight,Shoulder,7,Vegetarian,Luxury,81260
Jaipur,11,1,4,Flight,Shoulder,7,Fine Dining,Luxury,204660
Singapore,2,8,5,Flight,Shoulder,5,Non-Veg,Budget,631130
Bali,13,2,5,Flight,Peak,37,Non-Veg,Luxury,985190
Varanasi,8,8,5,Flight,Peak,5,Vegetarian,Budget,586700
Bali,8,6,3,Flight,Off-Peak,18,Non-Veg,Budget,597380
Bali,7,5,3,Flight,Peak,17,Non-Veg,Budget,515820
Rishikesh,2,7,3,Flight,Peak,6,Non-Veg,Budget,124960
Dubai,9,8,5,Flight,Off-Peak,11,Fine Dining,Luxury,2324670
Varanasi,4,2,4,Bus,Peak,8,Non-Veg,Budget,44400
Paris,5,8,5,Flight,Peak,4,Street Food,Luxury,2980210
Varanasi,14,7,2,Flight,Peak,24,Vegetarian,Budget,332200
Rishikesh,3,3,3,Flight,Off-Peak,6,Vegetarian,Budget,56730
Ladakh,4,4,3,Train,Shoulder,9,Non-Veg,Budget,95630
Kerala,6,2,1,Bus,Peak,13,Vegetarian,Moderate,49220
Ladakh,9,4,3,Bus,Off-Peak,6,Street Food,Luxury,195560
Kerala,4,4,2,Train,Off-Peak,6,Fine Dining,Luxury,134070
Dubai,5,1,5,Flight,Off-Peak,4,Fine Dining,Budget,145710
Goa,12,5,2,Bus,Off-Peak,32,Non-Veg,Luxury,429260
Udaipur,14,2,2,Train,Off-Peak,33,Fine Dining,Moderate,187480
Kerala,7,6,5,Train,Off-Peak,16,Street Food,Moderate,431240
Dubai,14,1,2,Flight,Peak,13,Street Food,Budget,137210
Ladakh,8,7,5,Flight,Shoulder,9,Vegetarian,Budget,762530
Ladakh,9,6,2,Train,Shoulder,17,Fine Dining,Moderate,402510
Andaman,8,6,4,Flight,Shoulder,1,Non-Veg,Moderate,364550
Dubai,3,6,1,Flight,Shoulder,9,Vegetarian,Moderate,463390
Manali,3,2,3,Flight,Peak,6,Non-Veg,Luxury,68340
Ladakh,13,5,2,Train,Peak,35,Fine Dining,Budget,536200
Ladakh,7,7,4,Bus,Off-Peak,1,Street Food,Luxury,402640
Singapore,4,7,2,Flight,Peak,12,Non-Veg,Moderate,761600
Bali,14,8,4,Flight,Shoulder,6,Fine Dining,Budget,1278600
Paris,8,4,4,Flight,Shoulder,18,Vegetarian,Moderate,994850
Kerala,6,1,4,Bus,Shoulder,11,Non-Veg,Moderate,67670
Singapore,8,5,3,Flight,Off-Peak,1,Vegetarian,Budget,420350
Varanasi,11,7,4,Flight,Shoulder,5,Street Food,Budget,371850
Varanasi,11,8,3,Flight,Peak,12,Vegetarian,Luxury,597240
Goa,4,4,1,Car,Shoulder,5,Non-Veg,Budget,53300
Rishikesh,3,8,1,Flight,Peak,3,Fine Dining,Moderate,184000
Manali,4,7,4,Train,Shoulder,4,Non-Veg,Budget,153330
Paris,12,8,2,Flight,Off-Peak,20,Non-Veg,Luxury,2711220
Udaipur,6,4,1,Car,Shoulder,3,Street Food,Luxury,92920
Rishikesh,7,8,4,Train,Peak,3,Fine Dining,Luxury,702770
Udaipur,7,5,4,Train,Peak,14,Non-Veg,Budget,329310
Paris,8,8,4,Flight,Off-Peak,6,Vegetarian,Moderate,1663530
Goa,5,3,3,Bus,Off-Peak,5,Vegetarian,Luxury,96990
Jaipur,9,7,5,Flight,Shoulder,3,Vegetarian,Luxury,1086590
Varanasi,8,8,2,Flight,Off-Peak,2,Street Food,Budget,147820
Paris,12,8,4,Flight,Shoulder,26,Non-Veg,Moderate,2563650
Ladakh,3,3,3,Train,Shoulder,8,Street Food,Budget,57120
Dubai,5,8,2,Flight,Shoulder,14,Fine Dining,Budget,685780
Goa,11,2,2,Flight,Off-Peak,26,Non-Veg,Budget,103160
Goa,12,5,2,Flight,Peak,14,Vegetarian,Luxury,422500
Udaipur,13,1,5,Train,Off-Peak,7,Street Food,Luxury,323150
Goa,11,1,1,Bus,Peak,16,Fine Dining,Budget,56010
Goa,8,1,1,Flight,Peak,22,Vegetarian,Budget,44850
Manali,14,3,2,Flight,Off-Peak,7,Fine Dining,Moderate,230880
Jaipur,11,4,5,Flight,Shoulder,8,Non-Veg,Budget,392270
Varanasi,4,1,4,Train,Peak,7,Non-Veg,Moderate,38730
Dubai,6,6,1,Flight,Peak,7,Street Food,Moderate,466180
Udaipur,3,3,3,Car,Off-Peak,6,Street Food,Luxury,79440
Singapore,13,3,3,Flight,Peak,21,Street Food,Budget,559370
Bali,11,8,4,Flight,Off-Peak,15,Vegetarian,Budget,922620
Singapore,3,5,2,Flight,Off-Peak,7,Non-Veg,Luxury,623000
Kerala,7,8,3,Flight,Shoulder,7,Vegetarian,Budget,265380
Bali,9,6,2,Flight,Shoulder,11,Vegetarian,Luxury,903070
Andaman,12,5,1,Flight,Off-Peak,22,Fine Dining,Budget,373730
Goa,12,4,2,Train,Shoulder,34,Fine Dining,Budget,290110
Goa,3,8,1,Car,Peak,3,Non-Veg,Budget,80940
Bali,10,4,2,Flight,Off-Peak,3,Street Food,Luxury,480630
Kerala,13,4,2,Flight,Off-Peak,16,Fine Dining,Moderate,309400
Dubai,5,5,4,Flight,Peak,6,Street Food,Moderate,540540
Udaipur,8,7,2,Bus,Shoulder,1,Street Food,Moderate,155220
Singapore,6,3,5,Flight,Off-Peak,6,Fine Dining,Moderate,592480
Udaipur,6,7,5,Train,Peak,11,Non-Veg,Luxury,1032280
Kerala,5,1,1,Bus,Off-Peak,12,Fine Dining,Moderate,31250
Andaman,8,6,4,Train,Off-Peak,19,Vegetarian,Moderate,465330
Manali,8,3,2,Bus,Shoulder,24,Fine Dining,Luxury,262200
Dubai,13,6,1,Flight,Off-Peak,25,Street Food,Luxury,1096030
Udaipur,2,6,1,Train,Off-Peak,2,Fine Dining,Luxury,97580
Dubai,4,5,2,Flight,Off-Peak,10,Non-Veg,Budget,334830
Manali,12,7,4,Train,Peak,34,Non-Veg,Moderate,797960
Andaman,6,5,5,Car,Off-Peak,13,Fine Dining,Luxury,731080
Paris,3,2,5,Flight,Shoulder,3,Fine Dining,Luxury,499610
Paris,8,5,1,Flight,Peak,16,Vegetarian,Budget,785890
Paris,8,7,3,Flight,Off-Peak,14,Non-Veg,Budget,1218980
Paris,4,4,4,Flight,Peak,9,Vegetarian,Moderate,769900
Jaipur,4,4,1,Train,Peak,5,Street Food,Moderate,48080
Bali,3,3,1,Flight,Shoulder,2,Street Food,Budget,161910
Varanasi,2,4,4,Train,Peak,1,Vegetarian,Moderate,40780
Goa,12,1,1,Flight,Peak,25,Fine Dining,Moderate,88490
Varanasi,11,7,3,Flight,Shoulder,21,Non-Veg,Moderate,402620
Andaman,11,1,3,Bus,Peak,1,Street Food,Luxury,124390
Kerala,2,2,5,Flight,Off-Peak,2,Fine Dining,Moderate,51280
Dubai,9,7,2,Flight,Peak,21,Fine Dining,Budget,920930
Goa,14,6,4,Flight,Shoulder,26,Vegetarian,Moderate,649980
Udaipur,12,2,4,Flight,Peak,10,Vegetarian,Budget,178850
Manali,6,8,2,Bus,Peak,16,Non-Veg,Budget,210070
Singapore,12,2,1,Flight,Shoulder,2,Non-Veg,Moderate,207610
Singapore,6,4,3,Flight,Off-Peak,16,Vegetarian,Luxury,726040
Rishikesh,12,8,1,Bus,Shoulder,15,Vegetarian,Luxury,430690
Paris,13,7,5,Flight,Shoulder,15,Non-Veg,Moderate,3298340
Manali,3,2,3,Train,Peak,2,Fine Dining,Budget,33950
Andaman,11,1,3,Flight,Off-Peak,13,Street Food,Moderate,83220
Varanasi,14,3,5,Train,Off-Peak,15,Vegetarian,Moderate,372900
Udaipur,7,3,3,Bus,Shoulder,15,Non-Veg,Luxury,197060
Paris,12,1,5,Flight,Shoulder,20,Vegetarian,Moderate,733470
Paris,11,8,2,Flight,Shoulder,19,Street Food,Budget,1580940
Varanasi,4,4,2,Train,Peak,3,Street Food,Luxury,65710
Dubai,4,1,5,Flight,Shoulder,6,Street Food,Luxury,232940
Varanasi,14,7,4,Flight,Off-Peak,19,Fine Dining,Luxury,1133050
Paris,10,7,1,Flight,Peak,11,Vegetarian,Luxury,1818310
Dubai,4,3,4,Flight,Off-Peak,8,Fine Dining,Budget,252620
Singapore,13,4,1,Flight,Shoulder,37,Vegetarian,Luxury,1171130
Kerala,8,7,2,Car,Peak,12,Street Food,Budget,217820
Manali,10,6,5,Flight,Peak,21,Street Food,Budget,679610
Jaipur,8,8,3,Train,Peak,21,Street Food,Luxury,533240
Dubai,12,2,4,Flight,Off-Peak,25,Fine Dining,Luxury,630770
Varanasi,2,2,1,Flight,Shoulder,6,Non-Veg,Budget,26640
Bali,9,5,1,Flight,Off-Peak,6,Street Food,Moderate,434870
Paris,8,5,5,Flight,Peak,4,Fine Dining,Budget,1737940
Singapore,10,3,4,Flight,Off-Peak,1,Street Food,Luxury,718180
Singapore,14,8,1,Flight,Off-Peak,38,Vegetarian,Budget,1415640
Manali,4,3,1,Train,Shoulder,2,Vegetarian,Budget,28560
Dubai,4,2,5,Flight,Shoulder,1,Vegetarian,Budget,171930
Varanasi,10,3,4,Car,Off-Peak,1,Non-Veg,Moderate,152550
Rishikesh,14,5,5,Flight,Off-Peak,32,Fine Dining,Luxury,1446070
Varanasi,11,4,1,Train,Peak,16,Vegetarian,Budget,96570
Jaipur,4,4,5,Flight,Peak,12,Street Food,Budget,191880
Ladakh,8,3,4,Train,Shoulder,22,Street Food,Luxury,382930
Jaipur,3,5,2,Train,Off-Peak,9,Non-Veg,Moderate,80510
Varanasi,14,7,4,Flight,Off-Peak,16,Vegetarian,Moderate,508280
Manali,12,7,1,Flight,Peak,24,Fine Dining,Moderate,520180
Singapore,5,5,1,Flight,Peak,7,Non-Veg,Moderate,508780
Singapore,3,3,5,Flight,Off-Peak,5,Street Food,Budget,303430
Paris,11,5,5,Flight,Shoulder,7,Vegetarian,Budget,1748300
Singapore,8,3,3,Flight,Off-Peak,22,Street Food,Moderate,495290
Ladakh,2,3,2,Flight,Off-Peak,6,Fine Dining,Budget,68190
Dubai,7,4,5,Flight,Shoulder,15,Non-Veg,Moderate,806720
Singapore,9,5,3,Flight,Shoulder,17,Non-Veg,Moderate,838410
Manali,6,7,3,Bus,Off-Peak,3,Vegetarian,Luxury,203060
Manali,4,1,1,Train,Off-Peak,8,Vegetarian,Moderate,17030
Paris,4,8,4,Flight,Off-Peak,11,Vegetarian,Moderate,1371070
Jaipur,13,1,4,Train,Off-Peak,23,Non-Veg,Luxury,176770
Rishikesh,12,1,5,Flight,Peak,34,Non-Veg,Budget,238820
Kerala,10,6,1,Flight,Shoulder,6,Fine Dining,Budget,260090
Dubai,5,2,3,Flight,Shoulder,8,Fine Dining,Moderate,186320
Paris,12,7,2,Flight,Shoulder,33,Vegetarian,Moderate,2055350
Udaipur,2,6,1,Train,Shoulder,3,Fine Dining,Budget,59340
Paris,4,7,3,Flight,Peak,2,Street Food,Moderate,994350
Rishikesh,10,3,4,Flight,Shoulder,1,Non-Veg,Luxury,299590
Udaipur,8,6,3,Flight,Peak,18,Fine Dining,Budget,402980
Dubai,9,3,2,Flight,Shoulder,24,Street Food,Budget,342200
Paris,5,2,2,Flight,Shoulder,1,Non-Veg,Moderate,270220
Varanasi,2,3,2,Car,Off-Peak,3,Vegetarian,Moderate,25430
Udaipur,14,3,3,Bus,Shoulder,33,Street Food,Budget,216880
Manali,14,1,2,Flight,Off-Peak,1,Non-Veg,Budget,48450
Varanasi,8,1,4,Train,Shoulder,16,Vegetarian,Moderate,68050
Kerala,13,3,2,Flight,Peak,17,Non-Veg,Luxury,319850
Jaipur,9,2,5,Train,Peak,19,Non-Veg,Budget,199250
Andaman,2,5,2,Car,Shoulder,1,Non-Veg,Budget,45000
Andaman,8,5,2,Flight,Shoulder,16,Vegetarian,Luxury,412570
Goa,6,2,3,Flight,Shoulder,14,Non-Veg,Moderate,88300
Kerala,2,1,1,Train,Shoulder,2,Fine Dining,Moderate,11470
Bali,3,7,2,Flight,Shoulder,8,Fine Dining,Moderate,577890
Manali,12,1,5,Bus,Peak,22,Fine Dining,Luxury,475400
Paris,14,6,2,Flight,Off-Peak,18,Non-Veg,Luxury,1961150
Manali,4,2,1,Train,Off-Peak,4,Non-Veg,Luxury,38150
Manali,3,6,3,Train,Peak,9,Non-Veg,Budget,97490
Andaman,10,5,5,Car,Shoulder,15,Vegetarian,Moderate,807420
Andaman,10,1,2,Train,Off-Peak,5,Fine Dining,Budget,58920
Goa,14,4,4,Train,Off-Peak,33,Vegetarian,Budget,326730
Rishikesh,8,7,4,Train,Peak,6,Vegetarian,Budget,347960
Bali,13,1,5,Flight,Shoulder,33,Fine Dining,Moderate,479560
Ladakh,13,5,5,Flight,Peak,3,Non-Veg,Moderate,1189010
Kerala,6,3,3,Bus,Peak,8,Non-Veg,Luxury,157400
Dubai,7,6,3,Flight,Peak,18,Fine Dining,Luxury,1183110
Bali,6,6,1,Flight,Off-Peak,1,Fine Dining,Budget,424840
Ladakh,4,5,1,Train,Off-Peak,2,Street Food,Luxury,77750
Dubai,12,4,4,Flight,Peak,21,Fine Dining,Budget,843410
Singapore,14,7,2,Flight,Shoulder,15,Street Food,Moderate,1029830
Udaipur,3,8,2,Train,Peak,4,Street Food,Luxury,141050
Ladakh,2,5,2,Bus,Shoulder,6,Non-Veg,Budget,60500
Andaman,5,8,4,Flight,Off-Peak,3,Vegetarian,Luxury,418630
Andaman,2,2,1,Bus,Off-Peak,1,Non-Veg,Budget,12020
Ladakh,4,1,1,Car,Peak,9,Fine Dining,Luxury,48340
Kerala,9,8,2,Flight,Shoulder,5,Non-Veg,Budget,256610
Ladakh,12,2,1,Bus,Peak,35,Fine Dining,Budget,170500
Andaman,4,1,2,Flight,Shoulder,7,Non-Veg,Moderate,36590
Jaipur,12,7,1,Train,Peak,15,Vegetarian,Moderate,251160
Bali,7,2,3,Flight,Peak,2,Non-Veg,Budget,157980
Varanasi,11,3,4,Flight,Off-Peak,20,Fine Dining,Moderate,290730
Ladakh,9,6,3,Bus,Off-Peak,26,Vegetarian,Budget,350260
Kerala,14,3,3,Flight,Shoulder,31,Vegetarian,Budget,236170
Paris,6,3,1,Flight,Shoulder,5,Non-Veg,Moderate,441750
Udaipur,8,8,4,Train,Off-Peak,11,Non-Veg,Luxury,650900
Andaman,8,8,5,Train,Off-Peak,18,Non-Veg,Moderate,845450
Paris,8,4,1,Flight,Peak,12,Vegetarian,Budget,641970
Goa,7,8,2,Car,Peak,12,Fine Dining,Budget,312360
Kerala,10,7,2,Flight,Peak,2,Non-Veg,Budget,276650
Paris,4,7,1,Flight,Off-Peak,7,Fine Dining,Budget,943410
Dubai,11,2,4,Flight,Off-Peak,11,Vegetarian,Budget,245370
Manali,5,2,1,Train,Shoulder,3,Non-Veg,Moderate,30570
Paris,10,5,4,Flight,Shoulder,24,Fine Dining,Moderate,1778860
Paris,2,5,1,Flight,Peak,1,Vegetarian,Luxury,907720
Rishikesh,4,1,4,Bus,Off-Peak,8,Fine Dining,Luxury,60280
Paris,5,7,2,Flight,Shoulder,2,Street Food,Budget,848820
Andaman,11,1,2,Flight,Off-Peak,5,Street Food,Moderate,51640
Dubai,8,7,2,Flight,Peak,12,Street Food,Budget,607640
Manali,3,6,5,Bus,Shoulder,1,Non-Veg,Moderate,143640
Manali,3,4,5,Flight,Shoulder,4,Non-Veg,Luxury,212850
Jaipur,6,2,5,Train,Off-Peak,16,Vegetarian,Budget,93910
Ladakh,2,6,3,Car,Off-Peak,2,Fine Dining,Moderate,92340
Kerala,13,2,3,Flight,Off-Peak,33,Vegetarian,Luxury,221120
Kerala,2,7,4,Train,Peak,3,Non-Veg,Budget,91580
Manali,12,2,2,Bus,Off-Peak,10,Non-Veg,Luxury,112330
Paris,11,6,4,Flight,Peak,22,Fine Dining,Moderate,2214680
Andaman,2,7,2,Flight,Off-Peak,5,Vegetarian,Budget,124640
Udaipur,3,1,2,Bus,Shoulder,9,Vegetarian,Moderate,18420
Varanasi,4,5,2,Flight,Off-Peak,6,Fine Dining,Budget,111820
Paris,14,8,3,Flight,Shoulder,17,Street Food,Luxury,3093320
Manali,11,8,1,Flight,Shoulder,26,Street Food,Luxury,572490
Kerala,9,6,5,Bus,Shoulder,12,Vegetarian,Luxury,898390
Udaipur,6,1,5,Car,Peak,8,Vegetarian,Budget,140430
Ladakh,8,3,5,Flight,Peak,8,Street Food,Moderate,518390
Varanasi,9,8,5,Car,Shoulder,4,Vegetarian,Budget,539210
Andaman,14,7,2,Flight,Peak,21,Fine Dining,Luxury,1202710
Paris,13,8,1,Flight,Shoulder,30,Vegetarian,Luxury,2795210
Udaipur,4,4,3,Train,Off-Peak,7,Vegetarian,Moderate,81530
Udaipur,5,1,2,Bus,Off-Peak,7,Fine Dining,Moderate,34010
Manali,4,2,3,Flight,Shoulder,12,Street Food,Moderate,58370
Dubai,6,3,1,Flight,Peak,14,Fine Dining,Moderate,313610
Varanasi,8,8,4,Train,Peak,23,Street Food,Moderate,453170
Bali,8,1,5,Flight,Off-Peak,7,Vegetarian,Luxury,324870
Bali,4,6,3,Flight,Peak,3,Street Food,Budget,393520
Varanasi,3,7,3,Train,Peak,8,Non-Veg,Luxury,163470
Bali,3,1,2,Flight,Off-Peak,4,Street Food,Luxury,104940
Kerala,11,7,2,Flight,Peak,1,Fine Dining,Moderate,431900
Ladakh,10,2,4,Train,Shoulder,14,Street Food,Moderate,158590
Rishikesh,8,6,1,Car,Shoulder,14,Fine Dining,Budget,248300
Kerala,10,7,4,Flight,Off-Peak,23,Street Food,Luxury,757440
Bali,3,2,1,Flight,Peak,1,Street Food,Budget,107710
Singapore,11,2,4,Flight,Off-Peak,3,Fine Dining,Moderate,340910
Singapore,9,7,1,Flight,Peak,16,Vegetarian,Moderate,973530
Udaipur,8,7,1,Car,Peak,17,Fine Dining,Moderate,386710
Ladakh,6,7,2,Flight,Shoulder,2,Vegetarian,Budget,157470
Varanasi,10,6,3,Flight,Off-Peak,14,Non-Veg,Luxury,403190
Jaipur,11,7,1,Bus,Off-Peak,28,Non-Veg,Luxury,432570
Paris,4,7,3,Flight,Off-Peak,3,Street Food,Budget,803740
Singapore,4,2,5,Flight,Shoulder,11,Fine Dining,Luxury,450190
Varanasi,5,2,1,Flight,Peak,11,Non-Veg,Budget,42500
Rishikesh,3,7,1,Train,Peak,8,Fine Dining,Budget,129140
Jaipur,6,4,5,Bus,Off-Peak,13,Fine Dining,Luxury,361660
Manali,4,1,5,Bus,Peak,8,Vegetarian,Budget,67680
Ladakh,4,2,1,Train,Shoulder,4,Street Food,Budget,23670
Goa,8,2,4,Car,Peak,7,Street Food,Moderate,124860
Dubai,9,3,2,Flight,Shoulder,1,Non-Veg,Luxury,370100
Bali,2,2,3,Flight,Shoulder,4,Vegetarian,Budget,117840
Ladakh,3,4,5,Flight,Peak,9,Non-Veg,Budget,200630
Manali,5,1,3,Flight,Peak,12,Non-Veg,Moderate,47220
Jaipur,3,6,5,Train,Shoulder,8,Street Food,Luxury,263060
Jaipur,6,3,2,Train,Off-Peak,9,Street Food,Budget,52800
Singapore,11,5,2,Flight,Peak,32,Street Food,Moderate,992690
Paris,6,6,5,Flight,Peak,13,Street Food,Budget,1596570
Varanasi,12,2,4,Flight,Peak,33,Fine Dining,Luxury,331490
Bali,12,6,4,Flight,Peak,8,Non-Veg,Moderate,1036250
Kerala,7,4,1,Flight,Shoulder,12,Non-Veg,Moderate,126930
Varanasi,13,1,3,Flight,Off-Peak,21,Non-Veg,Luxury,100710
Ladakh,11,4,5,Flight,Off-Peak,18,Vegetarian,Luxury,852990
Andaman,12,7,3,Bus,Peak,13,Vegetarian,Moderate,577630
Ladakh,8,2,1,Train,Off-Peak,11,Street Food,Budget,50380
Ladakh,2,1,4,Flight,Shoulder,1,Vegetarian,Moderate,24160
Manali,9,2,4,Train,Shoulder,11,Fine Dining,Moderate,141580
Singapore,7,8,5,Flight,Peak,13,Fine Dining,Luxury,3286650
Udaipur,12,2,3,Car,Peak,2,Non-Veg,Budget,105160
Kerala,3,6,4,Flight,Peak,4,Fine Dining,Luxury,317850
Paris,2,5,1,Flight,Peak,1,Fine Dining,Budget,518830
Paris,11,7,3,Flight,Off-Peak,11,Non-Veg,Luxury,2186100
Kerala,7,3,5,Bus,Shoulder,21,Street Food,Luxury,446430
Rishikesh,5,8,4,Car,Shoulder,13,Street Food,Budget,243800
Singapore,6,2,3,Flight,Off-Peak,8,Non-Veg,Luxury,304500
Udaipur,2,4,1,Train,Shoulder,4,Non-Veg,Moderate,37800
Jaipur,11,6,3,Train,Off-Peak,10,Vegetarian,Budget,191450
Varanasi,8,8,5,Train,Shoulder,7,Vegetarian,Moderate,544130
Dubai,6,2,2,Flight,Shoulder,4,Vegetarian,Budget,117000
Udaipur,4,5,1,Train,Off-Peak,8,Fine Dining,Moderate,118670
Rishikesh,3,6,4,Flight,Shoulder,9,Street Food,Luxury,249400
Udaipur,6,6,1,Flight,Shoulder,14,Non-Veg,Moderate,201600
Kerala,11,5,5,Train,Off-Peak,28,Vegetarian,Luxury,938300
Jaipur,3,4,1,Flight,Peak,5,Non-Veg,Budget,63350
Ladakh,5,7,4,Flight,Peak,12,Fine Dining,Moderate,503990
Singapore,5,6,3,Flight,Off-Peak,10,Fine Dining,Luxury,979070
Kerala,10,8,3,Bus,Off-Peak,8,Non-Veg,Moderate,330140
Kerala,4,6,4,Flight,Peak,11,Street Food,Moderate,237930
Kerala,6,2,2,Train,Peak,12,Street Food,Luxury,71890
Jaipur,9,2,1,Bus,Off-Peak,22,Fine Dining,Budget,84640
Kerala,14,3,1,Flight,Off-Peak,22,Street Food,Moderate,150430
Rishikesh,6,8,3,Flight,Peak,12,Fine Dining,Luxury,610320
Rishikesh,14,8,1,Flight,Off-Peak,41,Vegetarian,Budget,545160
Jaipur,12,3,3,Train,Peak,28,Fine Dining,Budget,263630
Jaipur,8,2,3,Bus,Off-Peak,18,Street Food,Luxury,92410
Dubai,7,6,4,Flight,Off-Peak,14,Fine Dining,Moderate,805810
Bali,10,6,5,Flight,Peak,14,Street Food,Luxury,2189860
Singapore,7,5,1,Flight,Peak,16,Non-Veg,Moderate,657230
Rishikesh,6,3,3,Train,Peak,10,Vegetarian,Moderate,103980
Ladakh,11,2,1,Train,Peak,28,Fine Dining,Luxury,262230
Goa,6,3,3,Bus,Off-Peak,18,Non-Veg,Budget,102310
Kerala,13,4,4,Train,Peak,19,Non-Veg,Budget,384130
Varanasi,5,7,4,Flight,Peak,15,Fine Dining,Moderate,382180
Kerala,11,7,3,Bus,Peak,13,Fine Dining,Budget,489360
Jaipur,6,5,1,Flight,Off-Peak,15,Non-Veg,Moderate,162220
Andaman,3,3,5,Flight,Shoulder,9,Fine Dining,Moderate,192770
Udaipur,8,7,4,Flight,Off-Peak,1,Street Food,Budget,305350
Bali,6,4,5,Flight,Off-Peak,12,Non-Veg,Luxury,802810
Bali,6,1,4,Flight,Peak,13,Vegetarian,Moderate,170410
Rishikesh,9,1,1,Flight,Off-Peak,4,Fine Dining,Luxury,67770
Ladakh,11,8,3,Bus,Peak,33,Vegetarian,Luxury,1073520
Kerala,10,8,2,Flight,Off-Peak,21,Non-Veg,Moderate,412130
Paris,2,8,5,Flight,Off-Peak,2,Vegetarian,Budget,899360
Bali,3,2,2,Flight,Peak,2,Street Food,Budget,119100
Udaipur,8,1,1,Flight,Shoulder,6,Non-Veg,Luxury,51800
Bali,12,8,5,Flight,Peak,28,Non-Veg,Luxury,3337980
Kerala,13,4,2,Train,Off-Peak,35,Non-Veg,Moderate,252000
Ladakh,12,2,5,Train,Off-Peak,18,Street Food,Moderate,289430
Manali,9,7,4,Flight,Shoulder,15,Vegetarian,Luxury,710660
Bali,6,1,5,Flight,Shoulder,2,Fine Dining,Budget,174000
Paris,9,5,1,Flight,Peak,12,Non-Veg,Moderate,983420
Rishikesh,8,2,2,Train,Shoulder,21,Fine Dining,Moderate,120350
Singapore,4,5,3,Flight,Shoulder,2,Street Food,Moderate,457220
Bali,12,3,5,Flight,Off-Peak,33,Fine Dining,Budget,789260
Bali,11,6,5,Flight,Off-Peak,26,Vegetarian,Budget,1043980
Paris,4,4,1,Flight,Off-Peak,2,Street Food,Luxury,737990
Singapore,5,4,1,Flight,Peak,12,Street Food,Moderate,446380
Goa,11,5,1,Flight,Off-Peak,5,Street Food,Moderate,150580
Goa,4,6,1,Train,Shoulder,3,Non-Veg,Budget,64730
Udaipur,12,5,2,Flight,Peak,28,Non-Veg,Budget,336100
Dubai,12,2,2,Flight,Peak,9,Vegetarian,Moderate,232510
Bali,10,2,3,Flight,Peak,22,Street Food,Budget,246960
Bali,9,6,3,Flight,Off-Peak,18,Non-Veg,Budget,614680
Dubai,8,2,5,Flight,Peak,5,Fine Dining,Budget,374500
Jaipur,2,6,1,Flight,Shoulder,3,Street Food,Luxury,115450
Kerala,6,2,5,Train,Off-Peak,17,Fine Dining,Moderate,155380
Rishikesh,13,2,5,Train,Shoulder,2,Vegetarian,Moderate,231300
Jaipur,7,1,2,Flight,Off-Peak,11,Vegetarian,Budget,30810
Singapore,11,1,3,Flight,Peak,27,Vegetarian,Luxury,382500
Kerala,6,1,1,Flight,Off-Peak,8,Fine Dining,Moderate,40010
Singapore,5,1,1,Flight,Peak,13,Non-Veg,Luxury,174150
Andaman,12,1,5,Train,Shoulder,25,Non-Veg,Moderate,335620
Rishikesh,4,2,4,Flight,Off-Peak,6,Fine Dining,Budget,62680
Goa,5,4,1,Train,Peak,7,Vegetarian,Budget,63520
Jaipur,2,2,1,Flight,Peak,3,Vegetarian,Moderate,27850
Dubai,5,5,2,Flight,Off-Peak,7,Street Food,Luxury,523640
Manali,3,5,5,Flight,Off-Peak,6,Non-Veg,Moderate,183990
Varanasi,14,5,2,Train,Shoulder,21,Vegetarian,Budget,187360
Andaman,13,8,3,Flight,Peak,34,Non-Veg,Moderate,1046530
Jaipur,3,6,2,Flight,Peak,8,Street Food,Budget,98160
Goa,6,5,5,Flight,Peak,2,Fine Dining,Luxury,766520
Goa,8,7,4,Flight,Peak,13,Non-Veg,Luxury,818570
Goa,12,5,1,Train,Shoulder,2,Fine Dining,Moderate,266110
Bali,5,1,3,Flight,Off-Peak,14,Street Food,Moderate,108780
Paris,14,1,1,Flight,Off-Peak,25,Fine Dining,Luxury,399750
Bali,13,5,2,Flight,Shoulder,30,Non-Veg,Budget,688270
Ladakh,14,5,1,Car,Off-Peak,19,Fine Dining,Luxury,606550
Bali,6,6,3,Flight,Off-Peak,9,Vegetarian,Budget,456140
Dubai,7,5,2,Flight,Shoulder,15,Vegetarian,Moderate,500940
Goa,7,8,5,Flight,Peak,19,Vegetarian,Moderate,933410
Rishikesh,7,2,4,Flight,Shoulder,9,Street Food,Budget,79180
Kerala,4,1,2,Flight,Peak,3,Street Food,Luxury,36540
Rishikesh,13,4,1,Car,Shoulder,17,Vegetarian,Luxury,264130
Varanasi,10,1,5,Flight,Peak,3,Street Food,Budget,168960
Jaipur,5,6,5,Flight,Off-Peak,7,Vegetarian,Luxury,417800
Ladakh,4,1,3,Train,Shoulder,6,Street Food,Luxury,43960
Ladakh,11,1,2,Flight,Shoulder,10,Vegetarian,Budget,57570
Singapore,7,6,2,Flight,Shoulder,19,Vegetarian,Luxury,1232570
Andaman,14,2,1,Car,Peak,37,Street Food,Luxury,265580
Rishikesh,14,1,5,Train,Off-Peak,34,Street Food,Moderate,214760
Bali,6,4,3,Flight,Peak,12,Non-Veg,Moderate,416180
Manali,13,4,4,Train,Shoulder,24,Vegetarian,Moderate,357580
Manali,7,8,5,Flight,Shoulder,8,Non-Veg,Luxury,902970
Andaman,12,3,5,Flight,Shoulder,22,Fine Dining,Budget,631640
Andaman,10,3,5,Train,Peak,29,Non-Veg,Moderate,715830
Manali,8,5,5,Train,Shoulder,24,Vegetarian,Budget,477570
Andaman,2,3,1,Flight,Off-Peak,4,Street Food,Moderate,51770
Paris,10,4,3,Flight,Peak,11,Fine Dining,Luxury,1441450
Manali,13,1,1,Train,Shoulder,29,Street Food,Luxury,76600
Andaman,6,8,2,Train,Off-Peak,17,Vegetarian,Budget,306140
Bali,11,6,4,Flight,Shoulder,21,Street Food,Budget,836760
Bali,6,2,2,Flight,Shoulder,16,Fine Dining,Budget,193750
Rishikesh,11,7,3,Flight,Shoulder,12,Non-Veg,Budget,372300
Paris,13,4,4,Flight,Off-Peak,18,Fine Dining,Budget,1068070
Kerala,3,5,3,Train,Peak,3,Fine Dining,Moderate,116110
Singapore,3,4,3,Flight,Peak,2,Non-Veg,Luxury,501730
Singapore,4,1,5,Flight,Peak,9,Non-Veg,Budget,203870
Goa,7,4,3,Car,Off-Peak,14,Street Food,Luxury,186070
Udaipur,6,2,1,Flight,Shoulder,16,Fine Dining,Budget,83390
Ladakh,13,2,3,Bus,Off-Peak,15,Vegetarian,Moderate,122260
Varanasi,6,8,5,Train,Peak,11,Vegetarian,Moderate,491450
Paris,14,6,2,Flight,Off-Peak,41,Vegetarian,Luxury,2686960
Jaipur,4,7,2,Train,Shoulder,8,Non-Veg,Moderate,131580
Paris,9,5,2,Flight,Peak,21,Vegetarian,Luxury,1774430
Paris,5,1,4,Flight,Peak,8,Non-Veg,Luxury,361600
Andaman,13,5,5,Flight,Off-Peak,16,Fine Dining,Moderate,1084790
Kerala,6,4,3,Train,Shoulder,13,Fine Dining,Luxury,255050
Manali,5,2,3,Flight,Shoulder,6,Non-Veg,Luxury,86220
Kerala,9,6,1,Flight,Shoulder,23,Non-Veg,Moderate,289890
Udaipur,11,7,2,Flight,Shoulder,33,Non-Veg,Moderate,486110
Singapore,7,5,3,Flight,Shoulder,13,Street Food,Moderate,671790
Goa,6,8,2,Flight,Peak,10,Street Food,Moderate,247280
Kerala,10,4,1,Car,Off-Peak,20,Fine Dining,Budget,194750
Goa,13,1,4,Flight,Off-Peak,22,Fine Dining,Luxury,220070
Goa,10,4,3,Train,Peak,27,Street Food,Luxury,352000
Singapore,4,6,3,Flight,Shoulder,4,Non-Veg,Budget,443030
Goa,14,2,5,Flight,Shoulder,3,Non-Veg,Moderate,315110
Jaipur,12,4,1,Flight,Peak,25,Street Food,Budget,161950
Ladakh,3,2,1,Train,Off-Peak,7,Vegetarian,Budget,29560
Rishikesh,11,3,1,Train,Shoulder,13,Fine Dining,Moderate,175710
Paris,2,5,3,Flight,Shoulder,2,Vegetarian,Moderate,681320
Bali,9,7,3,Flight,Shoulder,3,Non-Veg,Moderate,722610
Udaipur,6,4,4,Flight,Shoulder,13,Fine Dining,Luxury,392950
Udaipur,5,1,4,Bus,Shoulder,6,Street Food,Luxury,72690
Ladakh,7,3,1,Flight,Peak,7,Street Food,Luxury,140140
Kerala,8,8,5,Train,Off-Peak,8,Vegetarian,Moderate,589600
Ladakh,13,6,2,Flight,Off-Peak,37,Street Food,Budget,433720
Jaipur,14,8,5,Train,Off-Peak,16,Fine Dining,Moderate,1246480
Rishikesh,10,2,1,Flight,Peak,13,Non-Veg,Budget,72770
Paris,3,3,2,Flight,Shoulder,2,Vegetarian,Moderate,395320
Dubai,14,8,2,Flight,Off-Peak,36,Street Food,Moderate,1283100
Manali,8,5,3,Train,Off-Peak,12,Non-Veg,Budget,160380
Dubai,5,6,5,Flight,Off-Peak,5,Street Food,Moderate,661410
Varanasi,13,3,2,Train,Shoulder,1,Fine Dining,Moderate,175440
Udaipur,3,1,3,Train,Peak,2,Street Food,Moderate,19130
Bali,9,3,1,Flight,Shoulder,21,Non-Veg,Moderate,356300
Jaipur,6,5,4,Train,Shoulder,12,Street Food,Moderate,210030
Dubai,12,4,1,Flight,Off-Peak,10,Vegetarian,Luxury,524770
Kerala,6,2,2,Bus,Off-Peak,13,Fine Dining,Luxury,109960
Bali,11,5,5,Flight,Off-Peak,31,Non-Veg,Budget,998930
Jaipur,5,2,5,Flight,Peak,8,Vegetarian,Moderate,127500
Goa,4,8,4,Train,Shoulder,5,Vegetarian,Budget,174820
Andaman,14,7,4,Flight,Off-Peak,21,Vegetarian,Luxury,1340870
Kerala,12,5,2,Bus,Off-Peak,29,Street Food,Luxury,376370
Dubai,3,7,3,Flight,Peak,1,Fine Dining,Moderate,496470
Varanasi,13,7,2,Train,Peak,25,Fine Dining,Budget,467480
Goa,5,8,3,Train,Peak,10,Fine Dining,Moderate,299940
Varanasi,6,1,5,Flight,Off-Peak,9,Street Food,Moderate,75720
Paris,13,5,3,Flight,Off-Peak,4,Vegetarian,Luxury,1545970
Bali,12,8,4,Flight,Peak,31,Vegetarian,Budget,1414910
Bali,13,3,2,Flight,Peak,6,Street Food,Budget,275560
Dubai,13,1,3,Flight,Peak,35,Fine Dining,Budget,253160
Paris,2,6,3,Flight,Off-Peak,2,Fine Dining,Luxury,1073260
Dubai,8,7,1,Flight,Peak,7,Non-Veg,Luxury,849360
Kerala,9,1,3,Train,Off-Peak,17,Street Food,Budget,47520
Goa,6,5,5,Flight,Shoulder,15,Vegetarian,Luxury,677040
Manali,3,2,2,Train,Peak,6,Vegetarian,Budget,24750
Jaipur,12,6,4,Flight,Off-Peak,16,Fine Dining,Luxury,849460
Jaipur,13,3,3,Flight,Off-Peak,19,Non-Veg,Moderate,197150
Varanasi,8,4,2,Flight,Peak,6,Fine Dining,Moderate,191970
Ladakh,3,8,3,Train,Shoulder,9,Street Food,Luxury,274690
Kerala,2,7,2,Train,Peak,6,Street Food,Moderate,78710
Dubai,14,5,2,Flight,Shoulder,33,Fine Dining,Budget,878410
Jaipur,6,4,4,Flight,Peak,17,Non-Veg,Moderate,220150
Bali,7,6,5,Flight,Shoulder,19,Vegetarian,Moderate,1072600
Dubai,7,1,2,Flight,Shoulder,16,Fine Dining,Moderate,136050
Manali,4,6,3,Flight,Off-Peak,3,Vegetarian,Moderate,131860
Udaipur,11,7,4,Train,Peak,17,Fine Dining,Luxury,1289070
Dubai,8,5,1,Flight,Peak,17,Vegetarian,Moderate,539430
Ladakh,11,7,5,Flight,Off-Peak,11,Fine Dining,Luxury,1785090
Rishikesh,5,3,2,Train,Peak,2,Fine Dining,Budget,74220
Udaipur,8,3,4,Flight,Peak,7,Non-Veg,Moderate,262390
Kerala,5,4,4,Flight,Peak,3,Fine Dining,Budget,179080
Varanasi,3,8,5,Train,Off-Peak,4,Street Food,Luxury,221010
Udaipur,13,4,1,Flight,Shoulder,9,Street Food,Moderate,158800
Dubai,13,7,5,Flight,Shoulder,35,Vegetarian,Moderate,2586240
Paris,11,1,2,Flight,Off-Peak,12,Non-Veg,Moderate,216270
Rishikesh,2,7,1,Train,Peak,4,Non-Veg,Budget,60900
Andaman,3,6,4,Train,Shoulder,3,Fine Dining,Moderate,167350
Udaipur,2,5,4,Flight,Shoulder,6,Vegetarian,Moderate,119850
Varanasi,12,2,4,Bus,Peak,11,Fine Dining,Budget,166650
Andaman,12,8,1,Train,Off-Peak,26,Street Food,Budget,411150
Ladakh,13,2,5,Bus,Shoulder,33,Fine Dining,Moderate,471290
Rishikesh,7,2,2,Car,Off-Peak,13,Vegetarian,Budget,49800
Paris,11,5,2,Flight,Off-Peak,30,Street Food,Budget,1088050
Goa,3,8,4,Flight,Off-Peak,6,Fine Dining,Moderate,246930
Ladakh,14,1,5,Flight,Shoulder,23,Street Food,Budget,302360
Ladakh,12,1,5,Flight,Off-Peak,3,Street Food,Budget,187820
Rishikesh,3,3,2,Train,Shoulder,5,Fine Dining,Moderate,62530
Jaipur,13,8,1,Flight,Shoulder,3,Non-Veg,Luxury,463570
Dubai,14,2,4,Flight,Off-Peak,6,Fine Dining,Luxury,551710
Andaman,8,1,2,Car,Shoulder,24,Vegetarian,Moderate,78000
Singapore,5,5,3,Flight,Off-Peak,9,Non-Veg,Luxury,835080
Varanasi,11,8,2,Bus,Shoulder,18,Non-Veg,Moderate,298460
Goa,11,7,2,Train,Shoulder,1,Street Food,Budget,158580
Andaman,12,3,3,Flight,Off-Peak,21,Vegetarian,Budget,221090
Paris,7,4,1,Flight,Off-Peak,10,Street Food,Luxury,930090
Bali,7,7,4,Flight,Off-Peak,1,Fine Dining,Moderate,777580
Udaipur,4,8,4,Flight,Off-Peak,3,Street Food,Moderate,218940
Dubai,11,2,4,Flight,Off-Peak,23,Vegetarian,Budget,309350
Rishikesh,7,5,3,Bus,Shoulder,15,Vegetarian,Budget,171500
Kerala,11,6,5,Flight,Peak,19,Street Food,Budget,847240
Rishikesh,4,7,5,Car,Peak,2,Street Food,Budget,261360
Manali,11,5,2,Bus,Off-Peak,26,Street Food,Moderate,232400
Andaman,11,5,3,Bus,Off-Peak,7,Fine Dining,Luxury,547650
Andaman,5,7,4,Bus,Shoulder,14,Street Food,Budget,342200
Kerala,8,5,1,Train,Shoulder,15,Non-Veg,Luxury,244830
Andaman,11,7,4,Flight,Off-Peak,2,Non-Veg,Budget,489240
Rishikesh,3,7,1,Flight,Peak,3,Street Food,Luxury,160260
Varanasi,2,7,5,Train,Peak,2,Street Food,Moderate,119060
Jaipur,4,8,2,Flight,Shoulder,2,Vegetarian,Budget,127660
Udaipur,5,8,2,Bus,Shoulder,9,Vegetarian,Luxury,261440
Kerala,5,8,1,Flight,Peak,11,Street Food,Luxury,318160
Andaman,3,7,3,Bus,Off-Peak,2,Vegetarian,Moderate,93820
Paris,2,5,4,Flight,Off-Peak,1,Fine Dining,Moderate,684850
Rishikesh,12,8,4,Bus,Peak,10,Fine Dining,Luxury,1263400
Manali,13,3,3,Flight,Shoulder,10,Non-Veg,Moderate,204430
Manali,7,2,4,Bus,Shoulder,8,Fine Dining,Moderate,109830
Udaipur,7,8,3,Train,Off-Peak,2,Non-Veg,Budget,183370
Goa,5,6,5,Flight,Shoulder,5,Non-Veg,Luxury,535690
Udaipur,13,8,3,Flight,Off-Peak,9,Non-Veg,Luxury,692700
Andaman,6,4,1,Bus,Off-Peak,10,Non-Veg,Luxury,162940
Varanasi,13,7,4,Train,Peak,23,Non-Veg,Luxury,1034730
Varanasi,10,6,4,Bus,Shoulder,21,Non-Veg,Luxury,517510
Udaipur,8,1,1,Flight,Shoulder,7,Non-Veg,Budget,31220
Singapore,13,2,2,Flight,Shoulder,32,Street Food,Luxury,587720
Goa,13,4,2,Flight,Peak,26,Vegetarian,Moderate,272010
Ladakh,10,2,1,Flight,Off-Peak,8,Non-Veg,Moderate,84540
Kerala,13,4,2,Train,Shoulder,12,Vegetarian,Luxury,245260
Ladakh,3,4,1,Car,Peak,9,Fine Dining,Budget,91300
Jaipur,11,8,4,Flight,Peak,21,Vegetarian,Budget,621260
Udaipur,3,8,2,Flight,Off-Peak,4,Street Food,Moderate,143620
Bali,8,2,4,Flight,Off-Peak,7,Street Food,Budget,181130
Andaman,11,5,4,Train,Shoulder,33,Street Food,Luxury,945940
Dubai,6,5,5,Flight,Peak,11,Fine Dining,Luxury,1595190
Ladakh,12,8,1,Car,Peak,32,Vegetarian,Moderate,614530
Rishikesh,9,8,2,Flight,Shoulder,22,Fine Dining,Budget,504870
Udaipur,7,3,2,Bus,Peak,7,Fine Dining,Luxury,193840
Singapore,10,8,1,Flight,Off-Peak,10,Non-Veg,Luxury,1345320
Varanasi,4,4,4,Bus,Peak,10,Non-Veg,Moderate,112610
Udaipur,12,7,3,Flight,Shoulder,31,Fine Dining,Moderate,727350
Varanasi,13,6,3,Flight,Shoulder,37,Street Food,Moderate,342140
Andaman,2,7,3,Train,Peak,4,Fine Dining,Budget,119920
Jaipur,5,5,3,Bus,Peak,6,Street Food,Moderate,114570
Rishikesh,13,4,2,Train,Shoulder,18,Vegetarian,Budget,165120
Varanasi,13,8,5,Train,Peak,25,Street Food,Budget,966210
Bali,11,7,1,Flight,Peak,4,Fine Dining,Moderate,784610
Udaipur,6,2,4,Flight,Off-Peak,3,Fine Dining,Luxury,147660
Kerala,4,5,5,Flight,Peak,8,Non-Veg,Moderate,352240
Singapore,12,5,5,Flight,Off-Peak,19,Vegetarian,Budget,1440150
Manali,14,6,3,Car,Shoulder,14,Non-Veg,Moderate,381350
Udaipur,7,6,2,Train,Off-Peak,9,Fine Dining,Luxury,360690
Goa,4,2,4,Flight,Shoulder,1,Vegetarian,Luxury,81470
Bali,8,1,5,Flight,Shoulder,18,Street Food,Moderate,275150
Dubai,3,2,5,Flight,Peak,9,Vegetarian,Luxury,315460
Rishikesh,3,8,5,Train,Peak,2,Street Food,Moderate,225950
Paris,4,6,1,Flight,Peak,11,Fine Dining,Moderate,1026700
Paris,13,7,1,Flight,Shoulder,37,Fine Dining,Budget,1842120
Andaman,2,1,2,Flight,Peak,3,Non-Veg,Luxury,31110
Varanasi,10,8,2,Bus,Off-Peak,30,Fine Dining,Luxury,677550
Kerala,5,3,2,Flight,Peak,1,Vegetarian,Budget,64360
Manali,7,6,2,Train,Peak,10,Non-Veg,Moderate,195430
Jaipur,5,6,1,Flight,Shoulder,2,Street Food,Budget,87640
Paris,13,4,4,Flight,Peak,29,Street Food,Moderate,1512650
Singapore,8,2,1,Flight,Peak,17,Vegetarian,Budget,227500
Manali,9,6,3,Flight,Peak,3,Fine Dining,Moderate,362180
Manali,9,1,1,Flight,Shoulder,13,Vegetarian,Moderate,39330
Ladakh,3,7,3,Flight,Off-Peak,2,Street Food,Moderate,128520
Ladakh,13,6,1,Flight,Peak,12,Vegetarian,Budget,270480
Kerala,13,8,1,Flight,Peak,19,Fine Dining,Luxury,879070
Kerala,8,3,2,Car,Peak,24,Non-Veg,Moderate,161670
Manali,14,3,1,Train,Shoulder,26,Fine Dining,Moderate,242600
Goa,14,1,3,Flight,Shoulder,3,Non-Veg,Moderate,87710
Andaman,14,3,2,Flight,Shoulder,15,Vegetarian,Moderate,245100
Manali,9,8,4,Bus,Off-Peak,15,Non-Veg,Luxury,662290
Goa,6,8,4,Bus,Shoulder,5,Fine Dining,Luxury,567340
Bali,12,2,4,Flight,Shoulder,13,Non-Veg,Budget,278530
Singapore,4,4,1,Flight,Off-Peak,2,Street Food,Moderate,308840
Manali,5,4,3,Flight,Off-Peak,5,Fine Dining,Luxury,220490
Dubai,11,5,2,Flight,Shoulder,28,Fine Dining,Luxury,1225010
Paris,2,7,1,Flight,Peak,2,Vegetarian,Budget,755330
Singapore,5,3,4,Flight,Shoulder,1,Street Food,Moderate,364380
Jaipur,12,7,4,Car,Shoulder,17,Street Food,Budget,488330
Dubai,14,6,3,Flight,Peak,17,Fine Dining,Moderate,1217740
Udaipur,12,2,3,Bus,Shoulder,5,Fine Dining,Moderate,147410
Rishikesh,4,2,2,Car,Peak,2,Fine Dining,Budget,40520
Ladakh,9,7,5,Car,Peak,17,Non-Veg,Moderate,1308120
Rishikesh,5,3,2,Bus,Peak,12,Fine Dining,Luxury,168570
Kerala,11,1,5,Flight,Peak,11,Fine Dining,Budget,260650
Kerala,12,4,2,Train,Off-Peak,28,Non-Veg,Moderate,207880
Andaman,6,7,5,Car,Shoulder,15,Fine Dining,Budget,709950
Ladakh,2,2,3,Train,Off-Peak,3,Non-Veg,Luxury,34640
Manali,2,7,2,Flight,Peak,2,Street Food,Budget,86470
Andaman,11,4,2,Bus,Peak,15,Fine Dining,Budget,291440
Manali,13,3,2,Flight,Off-Peak,18,Fine Dining,Budget,210610
Rishikesh,6,2,5,Train,Off-Peak,15,Fine Dining,Budget,120440
Bali,9,3,1,Flight,Off-Peak,11,Fine Dining,Budget,282720
Ladakh,3,8,4,Train,Off-Peak,8,Fine Dining,Budget,218470
Manali,13,6,2,Bus,Off-Peak,32,Street Food,Moderate,295510
Manali,14,5,3,Car,Off-Peak,33,Fine Dining,Moderate,523580
Ladakh,7,2,1,Flight,Shoulder,8,Street Food,Budget,53590
Dubai,6,2,4,Flight,Off-Peak,13,Street Food,Budget,195920
Bali,14,2,5,Flight,Peak,8,Non-Veg,Moderate,615950
Paris,11,7,4,Flight,Off-Peak,3,Fine Dining,Luxury,2690790
Udaipur,11,1,4,Bus,Off-Peak,28,Vegetarian,Budget,104920
Goa,12,6,1,Flight,Shoulder,2,Street Food,Moderate,170220
Dubai,7,6,2,Flight,Shoulder,15,Vegetarian,Moderate,620090
Dubai,6,3,2,Flight,Off-Peak,18,Fine Dining,Luxury,520460
Varanasi,14,3,4,Bus,Shoulder,23,Non-Veg,Moderate,301590
Manali,13,2,4,Flight,Shoulder,12,Street Food,Budget,135300
Paris,9,6,3,Flight,Shoulder,12,Non-Veg,Budget,1052710
Manali,5,5,5,Train,Off-Peak,5,Non-Veg,Moderate,247010
Manali,5,2,1,Train,Off-Peak,7,Fine Dining,Budget,45820
Rishikesh,7,7,2,Car,Peak,10,Vegetarian,Moderate,239480
Udaipur,2,4,5,Flight,Shoulder,1,Street Food,Budget,79740
Jaipur,5,4,4,Train,Peak,3,Vegetarian,Moderate,125420
Goa,11,8,4,Flight,Off-Peak,13,Street Food,Budget,481700
Bali,8,7,3,Flight,Off-Peak,12,Fine Dining,Moderate,845630
Jaipur,7,6,1,Car,Peak,11,Non-Veg,Luxury,232560
Manali,14,8,5,Flight,Off-Peak,15,Fine Dining,Luxury,1902800
Rishikesh,5,8,3,Train,Peak,8,Street Food,Moderate,206460
Manali,4,1,5,Flight,Off-Peak,1,Fine Dining,Moderate,68750
Kerala,3,6,1,Car,Shoulder,5,Vegetarian,Luxury,109410
Andaman,13,3,4,Flight,Shoulder,20,Fine Dining,Moderate,506410
Singapore,10,7,2,Flight,Off-Peak,22,Fine Dining,Budget,1105720
Goa,13,6,5,Flight,Peak,5,Street Food,Luxury,1499330
Jaipur,5,3,2,Flight,Shoulder,12,Vegetarian,Moderate,84280
Andaman,11,7,4,Flight,Shoulder,9,Fine Dining,Budget,702990
Varanasi,4,7,3,Train,Peak,5,Street Food,Budget,94700
Dubai,12,2,3,Flight,Shoulder,7,Fine Dining,Budget,253880
Goa,10,1,3,Flight,Peak,17,Vegetarian,Budget,74790
Ladakh,2,6,1,Car,Peak,6,Street Food,Budget,75870
Varanasi,3,3,5,Flight,Peak,8,Non-Veg,Luxury,183420
Udaipur,2,1,5,Bus,Peak,3,Fine Dining,Budget,32490
Kerala,11,3,1,Train,Off-Peak,10,Fine Dining,Moderate,167050
Rishikesh,8,8,1,Train,Peak,11,Non-Veg,Moderate,240500
Udaipur,5,7,1,Flight,Shoulder,13,Vegetarian,Luxury,293330
Dubai,7,7,5,Flight,Off-Peak,7,Fine Dining,Moderate,1165580
Singapore,5,5,4,Flight,Shoulder,7,Street Food,Budget,545500
Udaipur,3,6,5,Train,Shoulder,5,Street Food,Moderate,194830
Paris,2,1,2,Flight,Peak,3,Non-Veg,Luxury,190950
Goa,10,1,1,Car,Shoulder,7,Fine Dining,Luxury,73790
Dubai,8,3,5,Flight,Shoulder,22,Vegetarian,Budget,632910
Kerala,5,6,1,Train,Shoulder,4,Vegetarian,Budget,75610
Jaipur,13,2,3,Flight,Peak,22,Non-Veg,Moderate,159330
Varanasi,8,1,2,Flight,Peak,20,Fine Dining,Moderate,64530
Paris,12,5,2,Flight,Off-Peak,18,Street Food,Luxury,1493610
Andaman,8,5,2,Bus,Shoulder,9,Vegetarian,Luxury,287860
Goa,13,8,2,Train,Peak,5,Vegetarian,Budget,276790
Singapore,9,2,2,Flight,Off-Peak,11,Non-Veg,Luxury,343430
Dubai,13,7,3,Flight,Off-Peak,19,Fine Dining,Luxury,1734600
Singapore,3,7,2,Flight,Peak,9,Street Food,Budget,551030
Goa,9,8,1,Flight,Peak,27,Street Food,Budget,311800
Paris,14,2,2,Flight,Shoulder,40,Fine Dining,Moderate,693690
Udaipur,11,1,5,Bus,Peak,14,Fine Dining,Budget,283590
Kerala,7,5,2,Flight,Peak,21,Vegetarian,Moderate,230470
Ladakh,10,2,2,Flight,Peak,11,Street Food,Budget,91720
Manali,5,5,5,Flight,Off-Peak,6,Vegetarian,Budget,236370
Andaman,10,1,5,Train,Off-Peak,30,Fine Dining,Moderate,243110
Manali,12,4,1,Flight,Off-Peak,4,Street Food,Luxury,157640
Jaipur,14,1,5,Train,Peak,42,Street Food,Luxury,514250
Ladakh,12,7,4,Car,Peak,32,Fine Dining,Moderate,1311080
Dubai,9,8,2,Flight,Shoulder,18,Fine Dining,Budget,888200
Dubai,13,3,4,Flight,Shoulder,11,Fine Dining,Luxury,971110
Singapore,6,3,1,Flight,Shoulder,14,Non-Veg,Moderate,338530
Dubai,7,4,4,Flight,Shoulder,14,Street Food,Luxury,764450
Andaman,9,6,3,Flight,Shoulder,5,Non-Veg,Budget,262010
Jaipur,11,4,5,Flight,Shoulder,27,Fine Dining,Luxury,867400
Andaman,4,8,1,Train,Shoulder,5,Street Food,Budget,107690
Varanasi,10,3,4,Car,Shoulder,6,Street Food,Budget,153820
Andaman,11,3,3,Car,Off-Peak,10,Street Food,Luxury,268660
Jaipur,4,7,3,Train,Off-Peak,3,Street Food,Moderate,98300
Singapore,11,1,1,Flight,Peak,6,Vegetarian,Budget,110510
Goa,7,2,3,Car,Shoulder,7,Non-Veg,Budget,56900
Manali,7,6,5,Car,Shoulder,16,Fine Dining,Luxury,782580
Ladakh,3,3,2,Flight,Peak,9,Street Food,Budget,76320
Dubai,9,5,2,Flight,Peak,22,Non-Veg,Moderate,670040
Goa,4,7,4,Flight,Peak,1,Fine Dining,Moderate,307860
Kerala,9,1,4,Car,Off-Peak,12,Fine Dining,Budget,93000
Manali,4,3,5,Flight,Shoulder,3,Vegetarian,Luxury,218610
Dubai,7,5,1,Flight,Shoulder,20,Street Food,Budget,471900
Bali,8,3,3,Flight,Shoulder,7,Fine Dining,Luxury,558000
Goa,9,6,2,Flight,Peak,23,Fine Dining,Moderate,430710
Andaman,7,1,3,Train,Off-Peak,15,Vegetarian,Moderate,62050
Kerala,11,1,5,Flight,Shoulder,13,Street Food,Moderate,233140
Paris,12,5,4,Flight,Shoulder,24,Street Food,Moderate,1785590
Kerala,7,5,5,Flight,Shoulder,9,Vegetarian,Moderate,518670
Manali,14,6,5,Bus,Peak,9,Vegetarian,Budget,858780
Varanasi,3,3,5,Bus,Peak,2,Vegetarian,Luxury,133410
Singapore,7,2,2,Flight,Off-Peak,21,Street Food,Luxury,420420
Singapore,12,2,5,Flight,Peak,4,Non-Veg,Budget,644540
Manali,4,2,1,Flight,Off-Peak,4,Non-Veg,Budget,34610
Andaman,7,4,4,Bus,Off-Peak,16,Non-Veg,Moderate,254320
Dubai,11,1,4,Flight,Peak,33,Vegetarian,Budget,277280
Jaipur,6,3,5,Train,Peak,4,Vegetarian,Budget,221130
Varanasi,14,4,2,Flight,Off-Peak,19,Street Food,Luxury,245990
Jaipur,8,5,3,Train,Off-Peak,1,Fine Dining,Moderate,220590
Manali,2,2,4,Flight,Off-Peak,1,Street Food,Budget,26120
Paris,9,1,1,Flight,Shoulder,19,Fine Dining,Luxury,344750
Dubai,3,5,3,Flight,Shoulder,6,Street Food,Moderate,360650
Singapore,9,6,5,Flight,Off-Peak,7,Non-Veg,Luxury,1801730
Paris,7,7,4,Flight,Shoulder,11,Street Food,Moderate,1688960
Udaipur,9,3,2,Train,Shoulder,14,Vegetarian,Budget,109250
Andaman,12,3,4,Flight,Shoulder,12,Non-Veg,Luxury,597370
Jaipur,3,1,4,Train,Shoulder,6,Non-Veg,Budget,23880
Kerala,6,5,2,Flight,Off-Peak,16,Street Food,Moderate,178200
Kerala,9,1,3,Car,Peak,11,Street Food,Luxury,99970
Jaipur,10,8,2,Flight,Peak,10,Non-Veg,Moderate,365960
Dubai,11,7,5,Flight,Peak,9,Fine Dining,Moderate,2471120
Singapore,13,3,3,Flight,Off-Peak,31,Vegetarian,Budget,556820
Andaman,5,4,3,Train,Shoulder,11,Street Food,Moderate,144310
Bali,14,6,2,Flight,Peak,21,Non-Veg,Luxury,1265810
Jaipur,5,8,5,Train,Peak,6,Vegetarian,Moderate,487410
Bali,7,2,5,Flight,Shoulder,15,Fine Dining,Budget,307020
Singapore,5,5,2,Flight,Shoulder,14,Vegetarian,Moderate,575000
Dubai,2,6,3,Flight,Off-Peak,4,Non-Veg,Moderate,388490
Udaipur,7,4,2,Car,Off-Peak,20,Vegetarian,Moderate,154460
Paris,5,5,2,Flight,Shoulder,7,Vegetarian,Moderate,767580
Kerala,6,1,1,Train,Shoulder,3,Fine Dining,Moderate,31920
Kerala,9,7,5,Flight,Shoulder,25,Fine Dining,Budget,954500
Udaipur,6,4,5,Train,Peak,5,Fine Dining,Budget,313460
Varanasi,10,8,3,Flight,Off-Peak,13,Vegetarian,Luxury,458640
Varanasi,8,3,3,Train,Peak,21,Fine Dining,Moderate,181900
Bali,2,1,2,Flight,Shoulder,1,Vegetarian,Budget,52260
Rishikesh,4,4,1,Bus,Shoulder,6,Vegetarian,Moderate,56600
Manali,9,7,5,Flight,Shoulder,21,Street Food,Luxury,1140680
Manali,5,8,2,Flight,Shoulder,4,Non-Veg,Budget,170880
Rishikesh,2,1,2,Train,Peak,2,Non-Veg,Budget,9330
Kerala,10,6,3,Flight,Off-Peak,22,Street Food,Budget,270570
Ladakh,9,1,4,Train,Peak,7,Vegetarian,Budget,113060
Udaipur,2,6,1,Train,Shoulder,5,Non-Veg,Moderate,62970
Rishikesh,2,5,3,Train,Off-Peak,4,Non-Veg,Budget,50870
Ladakh,7,4,3,Bus,Shoulder,4,Fine Dining,Moderate,173520
Bali,12,7,2,Flight,Peak,8,Vegetarian,Moderate,815240
Paris,5,4,5,Flight,Off-Peak,12,Fine Dining,Luxury,1441230
Bali,6,6,4,Flight,Peak,8,Fine Dining,Budget,658650
Ladakh,2,4,2,Bus,Peak,4,Street Food,Luxury,62640
Andaman,11,3,4,Train,Off-Peak,19,Non-Veg,Budget,285710
Goa,2,1,1,Car,Peak,3,Street Food,Moderate,10090
Kerala,3,1,3,Flight,Peak,7,Fine Dining,Budget,30420
Dubai,2,5,1,Flight,Peak,3,Non-Veg,Moderate,286240
Singapore,5,2,1,Flight,Shoulder,3,Vegetarian,Budget,130460
Jaipur,9,5,3,Flight,Off-Peak,16,Vegetarian,Luxury,346200
Jaipur,3,7,4,Flight,Shoulder,7,Street Food,Moderate,177020
Goa,11,1,1,Car,Shoulder,19,Street Food,Budget,38580
Goa,12,5,2,Flight,Shoulder,1,Vegetarian,Luxury,310150
Andaman,10,8,2,Train,Off-Peak,2,Fine Dining,Moderate,374650
Varanasi,9,8,5,Flight,Off-Peak,12,Non-Veg,Moderate,637170
Varanasi,8,3,5,Flight,Shoulder,12,Fine Dining,Budget,296370
Singapore,9,7,3,Flight,Shoulder,3,Fine Dining,Budget,810920
Varanasi,12,8,4,Bus,Off-Peak,11,Vegetarian,Moderate,421840
Dubai,4,6,5,Flight,Off-Peak,12,Non-Veg,Luxury,1000840
Singapore,5,7,1,Flight,Shoulder,15,Vegetarian,Luxury,1174130
Rishikesh,3,1,3,Car,Off-Peak,3,Non-Veg,Luxury,25940
Varanasi,9,2,3,Train,Shoulder,18,Street Food,Luxury,99810
Andaman,5,6,4,Train,Peak,4,Street Food,Budget,228810
Singapore,5,1,5,Flight,Peak,8,Non-Veg,Budget,250540
Ladakh,5,7,3,Bus,Off-Peak,11,Vegetarian,Budget,183630
Goa,6,2,2,Flight,Off-Peak,3,Vegetarian,Moderate,47490
Manali,8,6,4,Flight,Off-Peak,10,Fine Dining,Moderate,395370
Ladakh,8,8,5,Train,Off-Peak,16,Vegetarian,Moderate,778930
Goa,6,8,4,Bus,Peak,14,Fine Dining,Luxury,739070
Goa,8,1,4,Bus,Peak,16,Fine Dining,Luxury,174700
Jaipur,13,2,4,Flight,Shoulder,16,Street Food,Budget,137930
Rishikesh,14,8,2,Train,Peak,1,Non-Veg,Luxury,517510
Singapore,2,8,1,Flight,Off-Peak,2,Street Food,Moderate,572990
Andaman,14,1,3,Train,Off-Peak,34,Street Food,Budget,114380
Ladakh,4,1,3,Train,Shoulder,2,Non-Veg,Budget,22600
Udaipur,5,1,4,Bus,Off-Peak,15,Non-Veg,Moderate,52930
Kerala,5,6,5,Bus,Peak,12,Street Food,Luxury,637340
Manali,3,3,2,Flight,Off-Peak,1,Street Food,Moderate,44600
Paris,8,1,5,Flight,Off-Peak,12,Vegetarian,Moderate,415280
Ladakh,8,7,1,Flight,Shoulder,22,Fine Dining,Moderate,495540
Jaipur,4,2,1,Flight,Off-Peak,3,Non-Veg,Moderate,37790
Rishikesh,7,5,4,Flight,Off-Peak,6,Street Food,Budget,188050
Jaipur,5,3,3,Flight,Off-Peak,7,Vegetarian,Moderate,81300
Singapore,2,2,5,Flight,Off-Peak,3,Vegetarian,Moderate,182740
Kerala,7,4,4,Bus,Peak,16,Street Food,Moderate,227220
Kerala,8,2,2,Train,Off-Peak,5,Vegetarian,Moderate,46730
Manali,11,3,2,Train,Shoulder,24,Non-Veg,Moderate,164040
Singapore,8,1,3,Flight,Shoulder,1,Non-Veg,Luxury,205690
Varanasi,8,8,5,Bus,Peak,24,Non-Veg,Moderate,772220
Singapore,10,7,2,Flight,Peak,20,Fine Dining,Moderate,1324830
Andaman,11,1,4,Flight,Peak,10,Vegetarian,Moderate,181830
Ladakh,9,6,3,Bus,Off-Peak,11,Fine Dining,Moderate,380150
Andaman,14,3,4,Flight,Off-Peak,32,Fine Dining,Luxury,804470
Dubai,3,5,3,Flight,Shoulder,5,Non-Veg,Moderate,375450
Varanasi,5,4,3,Car,Peak,14,Fine Dining,Luxury,212510
Ladakh,6,7,2,Bus,Peak,10,Non-Veg,Luxury,375510
Paris,10,6,2,Flight,Shoulder,19,Non-Veg,Budget,1162190
Ladakh,12,4,2,Train,Off-Peak,22,Non-Veg,Luxury,390570
Varanasi,5,7,4,Train,Off-Peak,8,Fine Dining,Budget,205650
Manali,6,2,4,Bus,Shoulder,1,Vegetarian,Budget,53970
Ladakh,9,8,5,Train,Shoulder,17,Street Food,Budget,845270
Andaman,12,8,5,Flight,Shoulder,25,Fine Dining,Budget,1438160
Manali,7,1,1,Bus,Shoulder,4,Fine Dining,Budget,30410
Paris,12,7,2,Flight,Peak,4,Vegetarian,Budget,1109800
Bali,13,5,3,Flight,Shoulder,16,Non-Veg,Budget,635070
Bali,14,5,5,Flight,Shoulder,16,Non-Veg,Budget,1296310
Varanasi,14,4,2,Bus,Shoulder,14,Vegetarian,Budget,122730
Paris,11,5,4,Flight,Peak,7,Non-Veg,Moderate,1547150
Udaipur,11,3,2,Car,Shoulder,7,Vegetarian,Budget,109560
Andaman,11,7,4,Flight,Peak,6,Street Food,Luxury,1146750
Kerala,13,7,5,Bus,Peak,35,Fine Dining,Budget,1591280
Udaipur,8,6,3,Flight,Off-Peak,20,Street Food,Moderate,299660
Varanasi,4,2,5,Bus,Off-Peak,7,Non-Veg,Moderate,56850
Varanasi,7,7,3,Flight,Shoulder,8,Street Food,Luxury,334640
Goa,12,4,1,Train,Peak,25,Fine Dining,Moderate,286800
Udaipur,8,8,4,Flight,Shoulder,12,Non-Veg,Moderate,536080
Ladakh,9,3,2,Flight,Off-Peak,21,Non-Veg,Budget,175850
Varanasi,2,4,1,Train,Peak,1,Vegetarian,Moderate,22270
Ladakh,9,3,3,Flight,Shoulder,9,Non-Veg,Budget,161980
Kerala,10,2,2,Bus,Off-Peak,2,Non-Veg,Moderate,56600
Andaman,4,4,1,Bus,Peak,10,Vegetarian,Budget,89040
Ladakh,14,3,5,Flight,Shoulder,36,Fine Dining,Luxury,1284000
Rishikesh,4,4,1,Flight,Peak,5,Vegetarian,Luxury,123060
Goa,8,3,2,Flight,Peak,5,Non-Veg,Luxury,187840
Bali,14,5,4,Flight,Peak,30,Non-Veg,Luxury,1744000
Jaipur,4,1,1,Car,Peak,1,Fine Dining,Moderate,21860
Udaipur,12,7,5,Train,Shoulder,34,Street Food,Luxury,1937780
Varanasi,14,7,3,Train,Shoulder,11,Street Food,Budget,290000
Jaipur,3,6,3,Flight,Shoulder,7,Street Food,Moderate,122910
Varanasi,9,4,1,Flight,Off-Peak,25,Non-Veg,Moderate,159760
Singapore,14,3,3,Flight,Shoulder,16,Non-Veg,Budget,544670
Udaipur,6,8,4,Train,Shoulder,12,Non-Veg,Moderate,369260
Goa,5,3,1,Flight,Peak,6,Street Food,Moderate,73700
Andaman,3,5,3,Bus,Off-Peak,8,Vegetarian,Moderate,110420
Varanasi,5,5,5,Flight,Peak,3,Fine Dining,Budget,297510
Jaipur,12,6,1,Flight,Shoulder,30,Fine Dining,Luxury,638920
Varanasi,2,2,4,Bus,Shoulder,5,Vegetarian,Luxury,30010
Paris,13,2,2,Flight,Shoulder,22,Street Food,Luxury,708930
Ladakh,4,3,2,Flight,Shoulder,5,Street Food,Budget,62270
Ladakh,2,3,2,Flight,Peak,4,Non-Veg,Moderate,61260
Ladakh,5,1,1,Flight,Peak,5,Street Food,Budget,23500
Kerala,12,8,1,Flight,Shoulder,22,Fine Dining,Moderate,612470
Ladakh,11,6,3,Train,Off-Peak,18,Non-Veg,Budget,349000
Andaman,9,5,3,Car,Shoulder,16,Street Food,Budget,289070
Ladakh,14,5,1,Bus,Off-Peak,15,Non-Veg,Budget,225700
Kerala,3,6,4,Train,Shoulder,6,Fine Dining,Budget,131340
Bali,9,2,3,Flight,Peak,14,Street Food,Moderate,231140
Udaipur,2,6,3,Flight,Peak,4,Street Food,Moderate,108390
Andaman,8,4,3,Flight,Peak,11,Non-Veg,Luxury,365760
Andaman,3,2,1,Flight,Off-Peak,1,Non-Veg,Luxury,47140
Manali,14,3,1,Flight,Peak,3,Non-Veg,Moderate,146230
Varanasi,12,6,5,Flight,Peak,20,Fine Dining,Budget,803590
Bali,3,1,5,Flight,Peak,4,Non-Veg,Moderate,139130
Udaipur,3,5,5,Flight,Off-Peak,2,Fine Dining,Budget,166100
Bali,6,3,5,Flight,Peak,16,Non-Veg,Luxury,863100
Andaman,7,3,4,Bus,Shoulder,17,Fine Dining,Moderate,296670
Andaman,8,4,3,Train,Peak,8,Street Food,Budget,167870
Goa,3,1,5,Bus,Peak,2,Street Food,Budget,46880
Manali,6,6,3,Train,Off-Peak,16,Street Food,Moderate,170700
Dubai,12,5,2,Flight,Shoulder,3,Fine Dining,Budget,502360
Varanasi,3,1,1,Bus,Shoulder,7,Non-Veg,Moderate,11590
Andaman,14,6,4,Flight,Shoulder,28,Fine Dining,Luxury,1573290
Kerala,2,3,3,Flight,Shoulder,3,Non-Veg,Budget,47000
Jaipur,10,8,3,Car,Off-Peak,6,Street Food,Budget,224110
Dubai,7,6,5,Flight,Shoulder,11,Vegetarian,Budget,906490
Rishikesh,5,4,2,Flight,Off-Peak,14,Fine Dining,Luxury,251030
Rishikesh,11,4,4,Bus,Off-Peak,3,Street Food,Luxury,266190
Ladakh,10,8,1,Flight,Peak,14,Vegetarian,Moderate,409380
Andaman,9,4,3,Bus,Peak,15,Fine Dining,Moderate,351300
Goa,5,5,4,Flight,Off-Peak,4,Vegetarian,Budget,162650
Udaipur,5,7,1,Flight,Peak,13,Fine Dining,Luxury,438480
Rishikesh,8,1,5,Bus,Off-Peak,21,Fine Dining,Luxury,208490
Udaipur,11,4,5,Train,Shoulder,8,Non-Veg,Moderate,541920
Varanasi,4,4,1,Train,Peak,6,Non-Veg,Moderate,50480
Kerala,13,5,2,Train,Off-Peak,17,Street Food,Budget,194320
Jaipur,13,3,3,Flight,Shoulder,20,Vegetarian,Budget,193020
Manali,2,4,1,Bus,Shoulder,2,Vegetarian,Moderate,24320
Rishikesh,14,8,5,Flight,Off-Peak,40,Fine Dining,Budget,1216520
Manali,7,3,4,Bus,Off-Peak,9,Vegetarian,Luxury,200650
Singapore,14,2,1,Flight,Peak,10,Fine Dining,Budget,265310
Paris,10,4,4,Flight,Off-Peak,12,Vegetarian,Moderate,1014900
Singapore,14,7,1,Flight,Off-Peak,26,Non-Veg,Budget,975810
Dubai,9,2,2,Flight,Off-Peak,25,Street Food,Luxury,388610
Andaman,7,6,2,Bus,Peak,15,Non-Veg,Budget,250670
Goa,12,6,3,Flight,Peak,21,Street Food,Budget,349770
Manali,11,2,5,Flight,Shoulder,22,Vegetarian,Luxury,392110
Singapore,12,6,2,Flight,Shoulder,35,Street Food,Moderate,1122720
Manali,2,5,2,Train,Shoulder,2,Fine Dining,Moderate,62210
Manali,10,6,1,Train,Off-Peak,10,Street Food,Budget,116500
Ladakh,7,3,1,Bus,Off-Peak,20,Vegetarian,Moderate,121990
Ladakh,14,6,3,Bus,Peak,37,Non-Veg,Luxury,1086470
Jaipur,2,5,3,Bus,Off-Peak,5,Vegetarian,Luxury,68670
Bali,13,5,5,Flight,Off-Peak,20,Vegetarian,Moderate,1302280
Goa,6,7,1,Train,Shoulder,2,Non-Veg,Budget,96060
Bali,2,2,4,Flight,Peak,4,Fine Dining,Moderate,156860
Ladakh,4,4,1,Flight,Peak,11,Vegetarian,Luxury,192810
Udaipur,5,3,2,Train,Off-Peak,9,Non-Veg,Moderate,69400
Rishikesh,6,4,4,Train,Peak,14,Non-Veg,Luxury,305640
Jaipur,10,5,3,Flight,Off-Peak,14,Fine Dining,Moderate,334340
Manali,13,7,3,Train,Shoulder,1,Vegetarian,Moderate,332580
Paris,6,3,5,Flight,Peak,4,Non-Veg,Budget,866470
Jaipur,5,1,1,Train,Peak,4,Fine Dining,Budget,23530
Dubai,5,2,1,Flight,Shoulder,2,Fine Dining,Budget,119390
Kerala,13,2,3,Flight,Shoulder,25,Fine Dining,Moderate,203060
Dubai,4,4,4,Flight,Shoulder,4,Non-Veg,Moderate,336790
Ladakh,8,1,3,Flight,Shoulder,6,Vegetarian,Budget,56740
Rishikesh,6,4,4,Flight,Shoulder,5,Fine Dining,Moderate,203110
Singapore,2,8,5,Flight,Peak,5,Street Food,Moderate,796180
Jaipur,9,4,3,Bus,Shoulder,9,Non-Veg,Moderate,147680
Kerala,2,4,4,Flight,Off-Peak,5,Non-Veg,Budget,65810
Varanasi,10,5,1,Flight,Off-Peak,17,Fine Dining,Luxury,386310
Manali,11,2,2,Bus,Shoulder,16,Non-Veg,Luxury,126680
Rishikesh,2,3,1,Flight,Off-Peak,5,Street Food,Luxury,72010
Udaipur,5,3,1,Train,Off-Peak,13,Street Food,Moderate,68540
Ladakh,11,4,4,Train,Off-Peak,23,Vegetarian,Moderate,364560
Jaipur,5,6,1,Bus,Shoulder,8,Non-Veg,Luxury,145800
Jaipur,8,1,1,Flight,Peak,8,Street Food,Budget,26830
Andaman,10,2,1,Train,Off-Peak,15,Non-Veg,Budget,82590
Jaipur,7,2,1,Flight,Off-Peak,14,Vegetarian,Moderate,60480
Udaipur,5,2,3,Car,Off-Peak,2,Vegetarian,Moderate,39980
Rishikesh,13,4,1,Train,Shoulder,35,Non-Veg,Luxury,399880
Paris,2,8,2,Flight,Shoulder,3,Vegetarian,Budget,878950
Jaipur,11,5,1,Flight,Shoulder,23,Street Food,Luxury,313140
Goa,13,2,5,Flight,Shoulder,13,Non-Veg,Budget,261680
Goa,13,3,2,Bus,Peak,9,Fine Dining,Moderate,223830
Udaipur,5,3,1,Flight,Off-Peak,4,Fine Dining,Luxury,142910
Singapore,6,7,2,Flight,Off-Peak,3,Non-Veg,Moderate,624090
Kerala,7,1,5,Flight,Shoulder,4,Vegetarian,Budget,118540
Kerala,8,2,4,Flight,Peak,9,Fine Dining,Moderate,165460
Bali,10,4,4,Flight,Shoulder,6,Street Food,Moderate,508700
Bali,5,1,2,Flight,Shoulder,5,Street Food,Luxury,120770
Manali,11,2,2,Car,Peak,8,Street Food,Moderate,75330
Bali,13,3,1,Flight,Off-Peak,12,Non-Veg,Budget,268190
Goa,10,2,2,Train,Peak,11,Vegetarian,Moderate,76240
Rishikesh,4,3,1,Flight,Peak,3,Non-Veg,Luxury,93320
Rishikesh,4,8,1,Flight,Off-Peak,9,Vegetarian,Luxury,296610
Udaipur,4,5,3,Flight,Peak,1,Vegetarian,Luxury,180230
Varanasi,4,2,1,Train,Shoulder,2,Street Food,Luxury,25170
Goa,14,1,2,Car,Shoulder,25,Vegetarian,Luxury,112890
Singapore,6,5,2,Flight,Peak,18,Non-Veg,Luxury,1040040
Rishikesh,9,5,4,Train,Peak,5,Non-Veg,Moderate,345740
Singapore,2,6,4,Flight,Shoulder,1,Street Food,Moderate,424900
Bali,2,1,3,Flight,Peak,4,Fine Dining,Luxury,110870
Varanasi,13,5,5,Flight,Shoulder,37,Vegetarian,Budget,641820
Singapore,6,4,3,Flight,Shoulder,2,Fine Dining,Moderate,450370
Singapore,11,7,1,Flight,Off-Peak,3,Street Food,Budget,537630
Jaipur,8,8,5,Flight,Peak,20,Non-Veg,Budget,753380
Ladakh,14,1,1,Bus,Shoulder,34,Vegetarian,Luxury,130270
Paris,2,5,3,Flight,Off-Peak,2,Street Food,Moderate,665250
Jaipur,10,4,4,Train,Peak,17,Vegetarian,Moderate,293680
Kerala,12,2,2,Train,Off-Peak,19,Non-Veg,Luxury,139640
Dubai,12,5,4,Flight,Shoulder,11,Vegetarian,Budget,833780
Singapore,13,3,3,Flight,Off-Peak,34,Street Food,Budget,546270
Singapore,6,2,4,Flight,Peak,13,Fine Dining,Luxury,501290
Varanasi,14,6,3,Bus,Peak,12,Street Food,Budget,263690
Varanasi,7,3,3,Flight,Off-Peak,1,Vegetarian,Moderate,85640
Andaman,14,5,3,Train,Off-Peak,33,Vegetarian,Budget,465950
Varanasi,5,3,3,Flight,Peak,8,Vegetarian,Luxury,138460
Goa,6,1,3,Flight,Peak,7,Fine Dining,Budget,57010
Ladakh,11,6,1,Flight,Peak,10,Vegetarian,Budget,222170
Bali,9,8,1,Flight,Off-Peak,2,Non-Veg,Budget,544430
Dubai,12,4,4,Flight,Peak,9,Street Food,Luxury,1067550
Jaipur,2,7,1,Train,Peak,5,Street Food,Moderate,63690
Manali,9,7,5,Train,Off-Peak,1,Vegetarian,Budget,456080
Goa,14,1,5,Flight,Shoulder,8,Non-Veg,Luxury,428390
Goa,5,7,3,Train,Off-Peak,8,Fine Dining,Luxury,336620
Bali,3,7,1,Flight,Off-Peak,4,Street Food,Moderate,483230
Varanasi,4,1,1,Flight,Peak,2,Fine Dining,Budget,22870
Jaipur,5,7,5,Train,Peak,10,Non-Veg,Moderate,474650
Paris,4,4,5,Flight,Off-Peak,9,Non-Veg,Budget,674940
Ladakh,7,6,4,Flight,Shoulder,2,Fine Dining,Budget,344300
Andaman,13,1,3,Train,Shoulder,16,Street Food,Moderate,106820
Singapore,13,1,5,Flight,Off-Peak,7,Vegetarian,Luxury,635890
Singapore,2,1,2,Flight,Peak,5,Non-Veg,Moderate,83990
Bali,3,1,4,Flight,Peak,8,Vegetarian,Moderate,111060
Jaipur,3,3,2,Flight,Shoulder,6,Vegetarian,Moderate,59610
Kerala,8,2,4,Train,Shoulder,14,Non-Veg,Luxury,167440
Rishikesh,6,5,1,Flight,Shoulder,18,Vegetarian,Luxury,298750
Singapore,5,6,3,Flight,Peak,8,Non-Veg,Moderate,648970
Jaipur,12,6,5,Train,Peak,7,Fine Dining,Moderate,1070400
Goa,11,1,5,Flight,Off-Peak,5,Fine Dining,Moderate,208940
Goa,13,8,3,Train,Peak,26,Street Food,Luxury,860460
Andaman,14,5,5,Train,Off-Peak,30,Vegetarian,Luxury,1542660
Rishikesh,14,6,5,Flight,Off-Peak,16,Non-Veg,Moderate,797240
Ladakh,2,5,5,Train,Peak,2,Non-Veg,Budget,108170
Singapore,14,4,3,Flight,Peak,28,Street Food,Luxury,1326580
Goa,8,1,5,Train,Shoulder,21,Vegetarian,Moderate,174450
Goa,12,8,2,Train,Shoulder,36,Non-Veg,Luxury,790910
Varanasi,12,6,2,Bus,Off-Peak,9,Vegetarian,Moderate,180080
Varanasi,8,2,2,Car,Off-Peak,20,Street Food,Moderate,50030
Singapore,14,3,4,Flight,Off-Peak,23,Non-Veg,Moderate,827840
Manali,14,7,5,Flight,Shoulder,41,Vegetarian,Budget,1085230
Udaipur,14,7,1,Train,Off-Peak,10,Non-Veg,Luxury,411390
Varanasi,14,2,3,Bus,Shoulder,26,Non-Veg,Budget,101020
Singapore,6,5,1,Flight,Peak,6,Street Food,Budget,373930
Dubai,10,7,5,Flight,Shoulder,30,Street Food,Budget,1866470
Manali,14,7,5,Flight,Peak,13,Fine Dining,Budget,1343090
Manali,8,1,5,Train,Peak,10,Vegetarian,Luxury,260940
Udaipur,8,3,5,Flight,Off-Peak,15,Street Food,Luxury,462580
Paris,7,4,3,Flight,Shoulder,1,Street Food,Moderate,614540
Ladakh,8,3,1,Train,Shoulder,5,Street Food,Moderate,73110
Bali,4,6,1,Flight,Off-Peak,2,Street Food,Luxury,582100
Udaipur,8,1,2,Train,Off-Peak,3,Fine Dining,Budget,39440
Rishikesh,12,5,1,Car,Peak,13,Street Food,Budget,153400
Kerala,7,6,2,Flight,Shoulder,4,Street Food,Luxury,244930
Udaipur,2,4,2,Train,Peak,5,Non-Veg,Budget,40290
Jaipur,14,7,2,Bus,Off-Peak,21,Non-Veg,Moderate,360760
Bali,7,7,1,Flight,Peak,7,Street Food,Budget,517590
Rishikesh,6,5,3,Train,Off-Peak,6,Fine Dining,Budget,151580
Andaman,6,1,1,Flight,Shoulder,2,Non-Veg,Moderate,28260
Ladakh,3,7,4,Train,Peak,8,Street Food,Luxury,332610
Kerala,3,1,2,Train,Shoulder,9,Non-Veg,Budget,16930
Ladakh,10,7,2,Train,Shoulder,24,Street Food,Luxury,633500
Udaipur,5,7,2,Bus,Off-Peak,4,Vegetarian,Luxury,160170
Dubai,7,7,1,Flight,Shoulder,8,Street Food,Luxury,756570
Singapore,13,7,4,Flight,Off-Peak,8,Street Food,Moderate,1387600
Andaman,9,4,4,Train,Peak,26,Vegetarian,Moderate,470560
Andaman,10,3,1,Train,Peak,6,Non-Veg,Luxury,169300
Dubai,4,2,4,Flight,Off-Peak,11,Fine Dining,Budget,182720
Rishikesh,9,2,3,Flight,Peak,24,Vegetarian,Luxury,193120
Kerala,3,3,3,Train,Shoulder,1,Fine Dining,Budget,48650
Bali,10,5,5,Flight,Peak,6,Non-Veg,Budget,1148890
Singapore,2,4,5,Flight,Shoulder,6,Fine Dining,Luxury,635070
Dubai,4,5,5,Flight,Shoulder,12,Vegetarian,Luxury,952490
Varanasi,9,8,1,Train,Shoulder,3,Fine Dining,Budget,242160
Rishikesh,8,8,4,Train,Off-Peak,22,Non-Veg,Budget,429390
Udaipur,6,7,1,Car,Peak,15,Street Food,Luxury,291400
Andaman,10,3,5,Train,Shoulder,17,Street Food,Luxury,835400
Kerala,7,4,4,Car,Peak,21,Fine Dining,Luxury,470720
Andaman,12,3,2,Flight,Off-Peak,18,Vegetarian,Luxury,321690
Varanasi,14,7,4,Train,Shoulder,30,Vegetarian,Budget,529440
Kerala,6,3,3,Bus,Shoulder,9,Non-Veg,Luxury,145570
Bali,8,4,2,Flight,Shoulder,20,Fine Dining,Budget,449540
Dubai,4,5,4,Flight,Peak,4,Vegetarian,Moderate,473350
Ladakh,3,6,2,Train,Shoulder,8,Non-Veg,Moderate,125630
Bali,4,7,5,Flight,Peak,12,Non-Veg,Moderate,986730
Singapore,12,6,1,Flight,Peak,33,Vegetarian,Luxury,1657120
Varanasi,7,1,4,Train,Shoulder,18,Fine Dining,Budget,66440
Singapore,9,5,3,Flight,Peak,1,Non-Veg,Moderate,674700
Manali,12,2,1,Car,Off-Peak,31,Non-Veg,Budget,87220
Paris,7,4,3,Flight,Peak,3,Fine Dining,Budget,628590
Manali,7,5,4,Flight,Shoulder,7,Vegetarian,Budget,234060
Varanasi,11,4,4,Train,Off-Peak,7,Non-Veg,Moderate,203900
Varanasi,2,1,5,Flight,Peak,6,Vegetarian,Moderate,36040
Singapore,3,1,3,Flight,Peak,8,Street Food,Luxury,159470
Manali,13,8,5,Flight,Off-Peak,9,Street Food,Budget,758920
Kerala,5,6,4,Flight,Peak,15,Fine Dining,Luxury,563150
Singapore,14,7,4,Flight,Peak,21,Street Food,Moderate,2147360
Ladakh,6,3,2,Train,Shoulder,17,Fine Dining,Luxury,254180
Ladakh,10,6,5,Flight,Shoulder,26,Fine Dining,Luxury,1654640
Ladakh,4,3,3,Car,Peak,2,Street Food,Moderate,68450
Goa,2,1,2,Bus,Shoulder,6,Non-Veg,Luxury,18650
Jaipur,3,4,2,Train,Peak,6,Fine Dining,Budget,63390
Varanasi,7,8,1,Train,Off-Peak,21,Street Food,Luxury,258290
Dubai,3,5,3,Flight,Shoulder,9,Street Food,Moderate,402290
Paris,9,3,4,Flight,Off-Peak,8,Street Food,Moderate,754990
Singapore,9,5,4,Flight,Peak,24,Vegetarian,Budget,1047520
Rishikesh,13,3,3,Flight,Peak,34,Non-Veg,Budget,274970
Singapore,3,3,2,Flight,Peak,3,Non-Veg,Luxury,346410
Dubai,2,5,5,Flight,Peak,1,Street Food,Luxury,511190
Manali,10,4,4,Flight,Peak,7,Street Food,Moderate,277870
Kerala,14,8,4,Train,Peak,30,Non-Veg,Budget,926410
Udaipur,9,6,3,Train,Shoulder,18,Fine Dining,Moderate,392800
Kerala,11,1,3,Flight,Peak,33,Street Food,Moderate,113270
Rishikesh,5,2,4,Flight,Peak,12,Street Food,Budget,80590
Kerala,3,8,2,Flight,Off-Peak,4,Non-Veg,Budget,125890
Kerala,4,4,4,Bus,Peak,12,Street Food,Moderate,138000
Bali,3,5,2,Flight,Off-Peak,9,Non-Veg,Budget,358970
Varanasi,12,6,2,Bus,Off-Peak,14,Fine Dining,Luxury,512690
Ladakh,8,2,4,Train,Shoulder,24,Street Food,Budget,133530
Andaman,6,4,1,Train,Shoulder,9,Street Food,Luxury,156190
Manali,4,8,5,Bus,Off-Peak,8,Vegetarian,Budget,237290
Udaipur,3,3,1,Flight,Off-Peak,8,Street Food,Luxury,86420
Udaipur,13,6,2,Train,Off-Peak,34,Non-Veg,Budget,332320
Singapore,12,2,2,Flight,Shoulder,26,Vegetarian,Luxury,490980
Goa,2,5,5,Train,Off-Peak,4,Street Food,Moderate,88430
Paris,13,6,5,Flight,Shoulder,12,Non-Veg,Luxury,3886880
Goa,14,1,2,Flight,Shoulder,16,Street Food,Luxury,96850
Bali,14,6,1,Flight,Shoulder,5,Fine Dining,Budget,652990
Paris,11,2,1,Flight,Peak,11,Fine Dining,Luxury,564920
Ladakh,5,8,3,Train,Off-Peak,9,Non-Veg,Budget,215260
Jaipur,2,7,4,Flight,Off-Peak,5,Street Food,Budget,109620
Manali,4,7,1,Train,Off-Peak,3,Vegetarian,Budget,63880
Dubai,13,8,4,Flight,Shoulder,9,Vegetarian,Budget,1202430
Paris,12,2,1,Flight,Peak,25,Street Food,Budget,378730
Kerala,2,2,5,Train,Shoulder,2,Fine Dining,Luxury,61930
Rishikesh,14,8,2,Flight,Off-Peak,14,Vegetarian,Moderate,417430
Andaman,8,6,2,Train,Off-Peak,6,Street Food,Luxury,257090
Singapore,6,2,2,Flight,Shoulder,6,Vegetarian,Budget,162060
Singapore,10,7,5,Flight,Peak,30,Fine Dining,Budget,2583650
Varanasi,4,3,5,Flight,Peak,1,Non-Veg,Luxury,250480
Varanasi,13,7,1,Bus,Off-Peak,1,Non-Veg,Luxury,281560
Bali,7,3,5,Flight,Shoulder,1,Vegetarian,Budget,450750
Manali,4,5,2,Flight,Shoulder,9,Fine Dining,Luxury,240920
Ladakh,14,3,2,Bus,Shoulder,5,Non-Veg,Budget,138210
Udaipur,2,7,1,Flight,Peak,4,Non-Veg,Luxury,171120
Goa,4,1,4,Train,Peak,7,Street Food,Luxury,66660
Jaipur,4,3,3,Train,Peak,6,Fine Dining,Moderate,95900
Kerala,12,1,2,Train,Shoulder,3,Non-Veg,Budget,43150
Bali,7,7,4,Flight,Off-Peak,21,Street Food,Moderate,925470
Singapore,6,2,3,Flight,Shoulder,12,Fine Dining,Moderate,270370
Kerala,5,5,4,Bus,Peak,14,Fine Dining,Moderate,294150
Manali,2,1,1,Bus,Off-Peak,1,Vegetarian,Budget,4580
Paris,14,7,5,Flight,Peak,7,Street Food,Moderate,3985500
Manali,9,3,4,Train,Off-Peak,1,Vegetarian,Luxury,221350
Udaipur,3,3,5,Flight,Off-Peak,2,Fine Dining,Luxury,179420
Manali,5,1,4,Train,Peak,1,Street Food,Luxury,72880
Manali,2,5,3,Car,Shoulder,4,Fine Dining,Budget,70100
Kerala,3,4,1,Flight,Shoulder,3,Fine Dining,Luxury,135400
Dubai,7,8,4,Flight,Off-Peak,14,Fine Dining,Moderate,1052860
Manali,10,1,3,Flight,Off-Peak,26,Non-Veg,Luxury,109400
Singapore,9,5,4,Flight,Shoulder,14,Non-Veg,Budget,834780
Manali,10,4,2,Train,Shoulder,1,Vegetarian,Budget,91870
Andaman,8,7,1,Flight,Shoulder,21,Vegetarian,Budget,359050
Goa,9,8,4,Flight,Shoulder,2,Vegetarian,Luxury,691820
Bali,5,2,5,Flight,Off-Peak,14,Fine Dining,Luxury,376930
Jaipur,12,2,3,Bus,Peak,17,Vegetarian,Luxury,162220
Bali,9,7,5,Flight,Off-Peak,16,Non-Veg,Luxury,1839020
Udaipur,11,8,1,Bus,Shoulder,19,Vegetarian,Moderate,331470
Manali,4,4,4,Flight,Peak,8,Street Food,Luxury,202800
Jaipur,4,6,4,Flight,Off-Peak,12,Fine Dining,Luxury,354370
Manali,11,8,1,Flight,Shoulder,11,Street Food,Luxury,380120
Jaipur,9,1,5,Train,Off-Peak,6,Vegetarian,Budget,111120
Kerala,12,1,3,Flight,Off-Peak,6,Non-Veg,Moderate,75950
Singapore,11,8,2,Flight,Peak,6,Street Food,Budget,845740
Rishikesh,10,5,5,Flight,Peak,18,Street Food,Moderate,739810
Kerala,4,2,4,Car,Shoulder,9,Non-Veg,Luxury,96530
Rishikesh,7,8,1,Train,Peak,1,Fine Dining,Luxury,330300
Udaipur,7,8,1,Bus,Peak,7,Street Food,Luxury,222280
Bali,8,2,1,Flight,Peak,17,Street Food,Luxury,307490
Ladakh,14,3,5,Train,Off-Peak,33,Non-Veg,Moderate,714400
Andaman,11,8,1,Flight,Off-Peak,23,Non-Veg,Luxury,761270
Singapore,3,7,1,Flight,Shoulder,7,Vegetarian,Moderate,641800
Dubai,5,3,4,Flight,Shoulder,11,Non-Veg,Moderate,373200
Varanasi,3,8,5,Bus,Off-Peak,7,Non-Veg,Moderate,177660
Bali,8,5,5,Flight,Shoulder,13,Non-Veg,Luxury,1394570
Bali,8,1,3,Flight,Shoulder,17,Fine Dining,Budget,124110
Goa,4,6,1,Flight,Peak,6,Non-Veg,Luxury,197630
Rishikesh,10,3,1,Train,Off-Peak,26,Non-Veg,Moderate,154190
Rishikesh,13,4,5,Flight,Shoulder,9,Fine Dining,Moderate,629250
Singapore,10,8,5,Flight,Off-Peak,3,Street Food,Budget,1483900
Manali,3,5,1,Flight,Peak,4,Fine Dining,Luxury,178380
Bali,12,3,2,Flight,Off-Peak,27,Vegetarian,Budget,341790
Paris,8,1,3,Flight,Peak,8,Vegetarian,Moderate,240870
Rishikesh,3,7,3,Bus,Off-Peak,1,Non-Veg,Moderate,78230
Ladakh,14,5,4,Flight,Peak,40,Vegetarian,Moderate,944630
Goa,5,5,3,Flight,Off-Peak,7,Street Food,Budget,121410
Paris,9,2,5,Flight,Peak,23,Fine Dining,Luxury,1330510
Singapore,10,1,5,Flight,Off-Peak,30,Vegetarian,Moderate,427250
Rishikesh,4,2,3,Flight,Shoulder,7,Vegetarian,Budget,47720
Bali,4,7,4,Flight,Shoulder,9,Street Food,Luxury,1002790
Bali,14,4,5,Flight,Shoulder,40,Street Food,Moderate,1283420
Andaman,11,5,1,Flight,Off-Peak,17,Fine Dining,Luxury,542980
Manali,11,3,5,Train,Peak,31,Fine Dining,Budget,574130
Andaman,13,1,3,Flight,Shoulder,6,Street Food,Luxury,146500
Jaipur,11,7,2,Flight,Peak,27,Non-Veg,Budget,370910
Ladakh,7,6,5,Flight,Shoulder,1,Vegetarian,Budget,457220
Dubai,11,5,2,Flight,Shoulder,17,Non-Veg,Budget,539960
Andaman,8,5,5,Train,Shoulder,16,Street Food,Budget,571240
Andaman,6,3,1,Bus,Shoulder,11,Street Food,Moderate,89890
Udaipur,7,1,5,Train,Shoulder,11,Non-Veg,Budget,134400
Singapore,11,1,4,Flight,Peak,16,Fine Dining,Moderate,387010
Andaman,14,3,2,Bus,Shoulder,19,Vegetarian,Budget,191850
Varanasi,11,6,2,Car,Peak,28,Non-Veg,Budget,230480
Kerala,6,3,4,Flight,Shoulder,16,Fine Dining,Moderate,211060
Varanasi,11,2,4,Flight,Peak,12,Fine Dining,Luxury,298120
Manali,7,5,5,Bus,Off-Peak,13,Vegetarian,Budget,317930
Rishikesh,2,2,4,Train,Shoulder,4,Street Food,Luxury,34420
Manali,4,6,4,Car,Peak,5,Street Food,Budget,151400
Andaman,14,5,2,Train,Shoulder,5,Non-Veg,Luxury,391690
Kerala,2,4,5,Flight,Off-Peak,4,Fine Dining,Budget,90630
Paris,11,7,5,Flight,Peak,30,Fine Dining,Luxury,5729890
Ladakh,10,3,3,Flight,Off-Peak,18,Non-Veg,Luxury,321110
Ladakh,7,5,1,Flight,Shoulder,9,Fine Dining,Luxury,353990
Dubai,9,6,2,Flight,Peak,3,Vegetarian,Budget,460240
Kerala,13,8,3,Bus,Off-Peak,32,Vegetarian,Moderate,518810
Singapore,8,4,2,Flight,Off-Peak,10,Non-Veg,Moderate,444350
Jaipur,10,7,2,Bus,Shoulder,12,Vegetarian,Luxury,345270
Singapore,3,7,2,Flight,Peak,5,Fine Dining,Luxury,955650
Goa,8,4,3,Train,Off-Peak,5,Fine Dining,Luxury,275980
Varanasi,5,5,1,Flight,Off-Peak,13,Vegetarian,Luxury,159560
Andaman,9,8,5,Flight,Peak,27,Street Food,Moderate,1580890
Ladakh,6,5,3,Flight,Shoulder,2,Non-Veg,Luxury,281810
Paris,3,8,5,Flight,Off-Peak,4,Street Food,Luxury,1992490
Manali,2,6,2,Train,Peak,2,Street Food,Luxury,65000
Ladakh,10,7,5,Train,Shoulder,19,Non-Veg,Luxury,1687870
Ladakh,7,8,5,Train,Shoulder,4,Fine Dining,Moderate,822280
Ladakh,8,4,1,Bus,Off-Peak,20,Street Food,Luxury,231690
Ladakh,4,4,5,Train,Off-Peak,8,Non-Veg,Luxury,267770
Bali,14,2,2,Flight,Peak,42,Street Food,Budget,290770
Kerala,11,4,2,Train,Off-Peak,4,Non-Veg,Budget,107890
Goa,3,1,2,Flight,Peak,1,Vegetarian,Luxury,29390
Udaipur,8,7,1,Flight,Peak,17,Street Food,Luxury,398840
Goa,10,2,3,Flight,Shoulder,26,Vegetarian,Moderate,122580
Paris,5,5,3,Flight,Off-Peak,4,Vegetarian,Luxury,1112880
Goa,14,8,3,Flight,Off-Peak,42,Non-Veg,Budget,610530
Andaman,11,6,1,Flight,Peak,2,Street Food,Moderate,205550
Goa,7,5,3,Car,Off-Peak,13,Street Food,Budget,145350
Paris,2,7,4,Flight,Off-Peak,4,Street Food,Moderate,924790
Goa,12,7,3,Flight,Peak,6,Non-Veg,Moderate,461690
Udaipur,10,6,1,Flight,Off-Peak,9,Street Food,Budget,162290
Goa,7,4,4,Flight,Peak,10,Non-Veg,Moderate,260930
Bali,11,7,2,Flight,Shoulder,30,Vegetarian,Luxury,1400710
Andaman,10,2,4,Train,Off-Peak,22,Street Food,Luxury,241870
Goa,7,7,2,Flight,Peak,19,Street Food,Moderate,291490
Bali,5,3,1,Flight,Peak,3,Street Food,Luxury,325030
Varanasi,9,3,4,Flight,Peak,18,Vegetarian,Luxury,335850
Kerala,3,8,3,Flight,Shoulder,2,Street Food,Moderate,144290
Paris,3,3,4,Flight,Shoulder,7,Non-Veg,Budget,414290
Dubai,14,3,3,Flight,Peak,39,Street Food,Budget,608890
Kerala,4,3,5,Car,Shoulder,9,Vegetarian,Moderate,161270
Paris,6,6,3,Flight,Peak,4,Fine Dining,Luxury,1533370
Udaipur,2,6,4,Bus,Peak,1,Non-Veg,Budget,64690
Varanasi,9,1,5,Flight,Off-Peak,2,Vegetarian,Luxury,169420
Paris,7,7,3,Flight,Peak,15,Non-Veg,Budget,1380200
Ladakh,9,3,5,Flight,Off-Peak,20,Fine Dining,Luxury,753860
Ladakh,2,1,1,Train,Off-Peak,5,Non-Veg,Budget,11860
Paris,9,4,1,Flight,Peak,14,Vegetarian,Moderate,793320
Rishikesh,14,6,1,Train,Peak,23,Vegetarian,Budget,257490
Varanasi,2,3,4,Bus,Peak,6,Vegetarian,Moderate,38000
Manali,13,1,3,Flight,Shoulder,4,Non-Veg,Budget,66130
Udaipur,3,7,5,Flight,Peak,1,Street Food,Moderate,328450
Dubai,3,5,5,Flight,Off-Peak,6,Fine Dining,Budget,445540
Kerala,14,8,4,Train,Off-Peak,14,Street Food,Moderate,588990
Ladakh,6,8,1,Flight,Off-Peak,3,Non-Veg,Moderate,195320
Ladakh,14,2,2,Car,Off-Peak,5,Vegetarian,Moderate,84120
Kerala,7,7,2,Train,Peak,15,Fine Dining,Budget,308660
Singapore,14,6,4,Flight,Shoulder,34,Non-Veg,Moderate,1841260
Kerala,8,1,4,Bus,Off-Peak,14,Vegetarian,Luxury,110330
Jaipur,11,4,3,Bus,Off-Peak,33,Non-Veg,Luxury,328470
Kerala,7,4,4,Car,Off-Peak,10,Street Food,Budget,141300
Varanasi,7,1,4,Bus,Shoulder,2,Street Food,Moderate,51930
Varanasi,7,2,3,Car,Peak,7,Non-Veg,Luxury,94980
Bali,2,6,3,Flight,Peak,1,Street Food,Luxury,571240
Paris,2,2,2,Flight,Peak,1,Vegetarian,Moderate,254440
Andaman,3,1,2,Flight,Shoulder,8,Street Food,Budget,26920
Kerala,4,1,4,Train,Shoulder,4,Fine Dining,Moderate,48860
Manali,12,3,1,Bus,Off-Peak,9,Non-Veg,Moderate,107820
Singapore,14,6,1,Flight,Peak,11,Street Food,Luxury,1153630
Manali,7,2,3,Flight,Off-Peak,6,Fine Dining,Luxury,138100
Bali,6,8,5,Flight,Shoulder,2,Street Food,Moderate,973240
Udaipur,3,8,2,Bus,Shoulder,9,Vegetarian,Moderate,135140
Bali,12,6,1,Flight,Peak,5,Vegetarian,Budget,493740
Ladakh,12,4,3,Bus,Peak,14,Vegetarian,Budget,245010
Kerala,2,4,4,Flight,Off-Peak,6,Fine Dining,Budget,77760
Ladakh,12,2,2,Car,Shoulder,12,Fine Dining,Moderate,156660
Jaipur,7,6,2,Flight,Shoulder,3,Vegetarian,Budget,132890
Udaipur,11,1,1,Flight,Shoulder,4,Vegetarian,Luxury,57000
Udaipur,9,5,1,Bus,Peak,16,Fine Dining,Luxury,404300
Paris,5,4,5,Flight,Shoulder,5,Fine Dining,Budget,759110
Andaman,9,8,4,Bus,Peak,11,Fine Dining,Budget,707380
Dubai,7,1,1,Flight,Shoulder,7,Street Food,Moderate,79710
Andaman,4,5,1,Train,Shoulder,3,Vegetarian,Luxury,102680
Bali,13,3,2,Flight,Peak,20,Fine Dining,Budget,409290
Paris,14,1,5,Flight,Peak,42,Street Food,Luxury,1417000
Jaipur,2,7,5,Flight,Peak,2,Vegetarian,Budget,152970
Udaipur,5,3,5,Car,Shoulder,15,Fine Dining,Moderate,268890
Bali,10,8,3,Flight,Off-Peak,28,Non-Veg,Budget,935760
Paris,11,7,3,Flight,Peak,26,Vegetarian,Budget,1851030
Jaipur,8,3,1,Bus,Peak,15,Fine Dining,Moderate,135270
Manali,6,8,4,Bus,Off-Peak,5,Vegetarian,Moderate,226990
Singapore,7,3,2,Flight,Off-Peak,18,Vegetarian,Budget,334200
Paris,4,2,5,Flight,Off-Peak,11,Non-Veg,Budget,353860
Rishikesh,14,2,5,Train,Shoulder,1,Fine Dining,Luxury,423760
Manali,14,2,5,Flight,Off-Peak,24,Fine Dining,Luxury,489570
Paris,11,6,5,Flight,Off-Peak,30,Street Food,Budget,2133300
Manali,8,1,1,Bus,Shoulder,8,Street Food,Luxury,35910
Paris,11,4,1,Flight,Off-Peak,25,Non-Veg,Luxury,1395760
Udaipur,4,5,3,Car,Shoulder,1,Vegetarian,Luxury,126370
Paris,14,8,2,Flight,Peak,4,Non-Veg,Luxury,2230230
Ladakh,10,3,2,Flight,Peak,2,Fine Dining,Budget,169110
Udaipur,6,4,2,Car,Off-Peak,4,Vegetarian,Moderate,84800
Varanasi,11,4,1,Train,Off-Peak,1,Non-Veg,Budget,81120
Goa,6,3,2,Bus,Peak,15,Street Food,Moderate,99850
Kerala,13,2,2,Flight,Peak,3,Non-Veg,Luxury,144630
Varanasi,2,7,3,Flight,Peak,6,Vegetarian,Moderate,121730
Bali,5,8,4,Flight,Shoulder,6,Street Food,Luxury,1057400
Rishikesh,5,3,1,Train,Off-Peak,3,Vegetarian,Moderate,42170
Dubai,13,2,4,Flight,Shoulder,25,Vegetarian,Budget,368430
Rishikesh,5,2,1,Flight,Off-Peak,9,Fine Dining,Budget,63160
Andaman,4,3,5,Flight,Peak,2,Street Food,Moderate,223120
Goa,7,7,5,Bus,Shoulder,13,Street Food,Budget,513240
Paris,8,3,1,Flight,Off-Peak,17,Street Food,Moderate,564370
Ladakh,11,5,3,Flight,Peak,29,Street Food,Moderate,539820
Dubai,6,4,2,Flight,Off-Peak,14,Fine Dining,Budget,359150
Bali,8,3,4,Flight,Peak,5,Non-Veg,Moderate,429970
Manali,3,5,2,Flight,Shoulder,3,Fine Dining,Luxury,175360
Varanasi,6,3,1,Train,Off-Peak,2,Street Food,Luxury,52820
Bali,3,7,2,Flight,Off-Peak,4,Fine Dining,Luxury,738470
Bali,11,7,3,Flight,Peak,13,Fine Dining,Budget,989900
Paris,6,8,2,Flight,Shoulder,2,Fine Dining,Luxury,1736510
Jaipur,6,4,1,Bus,Peak,3,Vegetarian,Luxury,87480
Dubai,10,8,4,Flight,Peak,12,Fine Dining,Moderate,1643630
Singapore,13,7,5,Flight,Off-Peak,18,Street Food,Moderate,2399460
Andaman,11,5,3,Car,Shoulder,16,Street Food,Moderate,368420
Ladakh,8,7,5,Bus,Shoulder,3,Street Food,Budget,665170
Kerala,3,3,3,Flight,Peak,9,Vegetarian,Luxury,119440
Bali,6,2,3,Flight,Peak,13,Non-Veg,Moderate,223860
Varanasi,11,7,4,Flight,Shoulder,12,Vegetarian,Budget,386220
Ladakh,4,4,3,Bus,Off-Peak,2,Fine Dining,Budget,79640
Ladakh,2,5,5,Train,Peak,2,Street Food,Budget,104760
Varanasi,6,4,1,Train,Shoulder,8,Street Food,Budget,46470
Dubai,2,1,5,Flight,Off-Peak,6,Vegetarian,Moderate,93260
Varanasi,4,3,1,Flight,Off-Peak,9,Street Food,Budget,50150
Rishikesh,6,6,2,Flight,Off-Peak,9,Non-Veg,Moderate,202350
Rishikesh,14,8,3,Flight,Off-Peak,42,Street Food,Budget,567040
Jaipur,12,3,1,Train,Shoulder,22,Non-Veg,Budget,119260
Udaipur,9,3,5,Flight,Off-Peak,11,Street Food,Budget,294090
Goa,3,5,1,Train,Peak,6,Non-Veg,Moderate,75520
Manali,2,6,3,Train,Off-Peak,1,Vegetarian,Budget,38730
Udaipur,12,3,2,Flight,Peak,21,Street Food,Luxury,304510
Jaipur,3,7,1,Train,Peak,2,Non-Veg,Moderate,70830
Dubai,13,2,4,Flight,Peak,3,Non-Veg,Budget,314080
Bali,7,6,2,Flight,Off-Peak,13,Non-Veg,Luxury,809630
Dubai,4,8,2,Flight,Shoulder,3,Fine Dining,Luxury,821990
Dubai,12,4,2,Flight,Peak,11,Non-Veg,Luxury,722510
Udaipur,5,4,5,Train,Peak,1,Fine Dining,Moderate,314830
Paris,13,4,3,Flight,Peak,9,Non-Veg,Moderate,976550
Rishikesh,7,1,4,Flight,Peak,18,Street Food,Budget,80670
Andaman,11,8,1,Bus,Peak,13,Street Food,Budget,277220
Udaipur,3,3,4,Flight,Off-Peak,9,Non-Veg,Luxury,146300
Dubai,4,2,4,Flight,Off-Peak,11,Street Food,Luxury,283620
Rishikesh,6,7,4,Flight,Shoulder,9,Non-Veg,Budget,285750
Jaipur,13,3,2,Car,Off-Peak,33,Vegetarian,Luxury,236270
Bali,6,5,2,Flight,Shoulder,18,Non-Veg,Luxury,814020
Dubai,12,3,2,Flight,Off-Peak,23,Street Food,Budget,349230
Bali,7,4,3,Flight,Off-Peak,2,Street Food,Budget,285390
Dubai,14,8,2,Flight,Peak,42,Vegetarian,Luxury,2228780
Andaman,12,8,3,Flight,Peak,1,Street Food,Luxury,702580
Rishikesh,6,2,5,Flight,Peak,3,Non-Veg,Moderate,142120
Dubai,2,5,4,Flight,Peak,5,Street Food,Luxury,510670
Manali,7,5,4,Flight,Shoulder,9,Vegetarian,Budget,247340
Dubai,3,6,1,Flight,Shoulder,5,Vegetarian,Budget,326270
Dubai,7,6,4,Flight,Shoulder,1,Vegetarian,Luxury,909230
Bali,5,6,4,Flight,Off-Peak,8,Fine Dining,Budget,512750
Singapore,2,3,1,Flight,Shoulder,2,Street Food,Budget,183730
Manali,11,8,1,Flight,Off-Peak,6,Non-Veg,Moderate,268700
Jaipur,11,4,4,Car,Off-Peak,26,Street Food,Luxury,384100
Udaipur,8,1,5,Car,Shoulder,7,Vegetarian,Budget,143770
Udaipur,5,2,5,Car,Peak,3,Street Food,Luxury,192040
Singapore,2,8,3,Flight,Off-Peak,5,Street Food,Luxury,943330
Varanasi,5,4,5,Car,Off-Peak,12,Fine Dining,Budget,162410
Manali,12,7,3,Flight,Peak,33,Fine Dining,Budget,632220
Kerala,2,3,1,Train,Shoulder,1,Fine Dining,Moderate,32720
Ladakh,6,8,3,Train,Off-Peak,2,Vegetarian,Budget,155050
Rishikesh,9,7,3,Flight,Off-Peak,25,Street Food,Moderate,404110
Bali,9,8,3,Flight,Peak,14,Non-Veg,Moderate,1055040
Andaman,13,1,3,Bus,Peak,2,Street Food,Budget,87640
Paris,5,8,2,Flight,Peak,10,Street Food,Moderate,1358520
Bali,4,8,4,Flight,Peak,2,Fine Dining,Budget,660320
Andaman,5,6,2,Flight,Shoulder,10,Street Food,Luxury,294540
Varanasi,7,2,2,Train,Shoulder,14,Non-Veg,Moderate,50790
Manali,7,5,5,Train,Off-Peak,19,Fine Dining,Luxury,664130
Ladakh,8,7,2,Flight,Shoulder,9,Fine Dining,Luxury,585500
Paris,6,2,3,Flight,Off-Peak,4,Street Food,Luxury,468930
Bali,5,4,3,Flight,Shoulder,10,Street Food,Moderate,351900
Ladakh,8,5,1,Train,Off-Peak,22,Non-Veg,Budget,207290
Bali,7,7,2,Flight,Off-Peak,16,Non-Veg,Luxury,1089600
Rishikesh,12,5,1,Flight,Peak,1,Street Food,Budget,121460
Kerala,3,8,1,Train,Shoulder,9,Fine Dining,Budget,136370
Paris,14,7,3,Flight,Shoulder,31,Non-Veg,Budget,1803340
Goa,2,5,3,Train,Shoulder,4,Vegetarian,Budget,48320
Jaipur,11,1,1,Flight,Off-Peak,23,Vegetarian,Budget,41590
Jaipur,13,8,3,Bus,Shoulder,34,Street Food,Budget,415040
Varanasi,12,8,1,Train,Shoulder,6,Non-Veg,Budget,191610
Varanasi,10,5,2,Flight,Shoulder,13,Street Food,Budget,143420
Jaipur,10,6,1,Bus,Shoulder,29,Non-Veg,Budget,224240
Kerala,12,3,1,Bus,Peak,20,Street Food,Moderate,119930
Andaman,5,2,1,Flight,Off-Peak,8,Street Food,Luxury,86210
Dubai,14,7,5,Flight,Peak,3,Fine Dining,Luxury,4271030
Kerala,11,5,4,Bus,Peak,10,Vegetarian,Luxury,728030
Udaipur,9,5,1,Train,Peak,2,Fine Dining,Budget,186190
Goa,4,4,5,Bus,Shoulder,1,Non-Veg,Budget,134790
Bali,6,7,4,Flight,Shoulder,6,Street Food,Moderate,768940
Singapore,14,3,2,Flight,Peak,9,Non-Veg,Luxury,740950
Goa,4,1,2,Flight,Off-Peak,2,Non-Veg,Budget,20560
Jaipur,2,4,2,Flight,Shoulder,4,Vegetarian,Luxury,90790
Dubai,8,8,3,Flight,Peak,15,Street Food,Budget,874330
Bali,11,6,3,Flight,Peak,4,Non-Veg,Moderate,723830
Jaipur,2,2,2,Car,Off-Peak,5,Fine Dining,Moderate,27780
Goa,5,5,2,Flight,Off-Peak,5,Street Food,Budget,103300
Singapore,11,1,1,Flight,Shoulder,11,Non-Veg,Luxury,201320
Ladakh,2,6,1,Flight,Off-Peak,4,Fine Dining,Luxury,196780
Udaipur,13,2,4,Train,Off-Peak,32,Fine Dining,Moderate,244170
Bali,14,3,3,Flight,Peak,25,Fine Dining,Luxury,930080
Rishikesh,9,3,4,Train,Shoulder,17,Vegetarian,Budget,176620
Bali,2,6,4,Flight,Shoulder,5,Fine Dining,Luxury,659050
Rishikesh,13,3,2,Train,Off-Peak,13,Street Food,Luxury,189610
Manali,14,3,1,Flight,Peak,4,Vegetarian,Luxury,181860
Rishikesh,2,4,3,Car,Off-Peak,4,Vegetarian,Luxury,71930
Manali,9,1,4,Flight,Peak,26,Non-Veg,Luxury,184770
Manali,11,5,3,Flight,Shoulder,8,Street Food,Budget,207830
Kerala,9,7,3,Flight,Off-Peak,15,Non-Veg,Budget,292550
Ladakh,4,3,1,Flight,Shoulder,11,Fine Dining,Luxury,181940
Bali,12,7,2,Flight,Peak,1,Non-Veg,Budget,653880
Ladakh,6,8,1,Flight,Off-Peak,16,Fine Dining,Budget,355260
Goa,14,3,1,Bus,Off-Peak,25,Fine Dining,Budget,201710
Varanasi,5,8,4,Flight,Off-Peak,15,Non-Veg,Moderate,281990
Dubai,5,3,5,Flight,Off-Peak,6,Street Food,Budget,332140
Udaipur,9,8,3,Bus,Peak,12,Non-Veg,Budget,354900
Andaman,7,2,2,Bus,Peak,1,Fine Dining,Luxury,113880
Kerala,4,5,1,Flight,Shoulder,4,Vegetarian,Budget,82860
Varanasi,14,7,2,Flight,Shoulder,10,Street Food,Budget,258180
Paris,6,3,1,Flight,Shoulder,13,Vegetarian,Moderate,537730
Bali,10,1,5,Flight,Shoulder,4,Non-Veg,Budget,266820
Jaipur,12,1,1,Flight,Off-Peak,15,Non-Veg,Budget,42410
Manali,4,3,1,Car,Peak,2,Fine Dining,Luxury,90050
Dubai,3,6,5,Flight,Peak,7,Street Food,Luxury,936760
Andaman,6,1,1,Bus,Peak,17,Fine Dining,Moderate,58930
Goa,8,5,3,Bus,Off-Peak,1,Vegetarian,Moderate,130850
Rishikesh,9,8,5,Train,Shoulder,17,Fine Dining,Luxury,1403930
Dubai,8,5,4,Flight,Off-Peak,10,Vegetarian,Luxury,942150
Kerala,5,5,2,Flight,Peak,12,Street Food,Budget,129580
Jaipur,4,1,3,Train,Peak,5,Non-Veg,Luxury,39790
Jaipur,14,2,3,Train,Off-Peak,37,Vegetarian,Budget,112220
Bali,9,3,4,Flight,Off-Peak,20,Fine Dining,Luxury,766530
Manali,12,3,5,Train,Peak,36,Vegetarian,Budget,538160
Andaman,8,7,1,Train,Off-Peak,6,Vegetarian,Budget,147670
Jaipur,13,3,5,Flight,Off-Peak,26,Non-Veg,Budget,388260
Dubai,2,6,2,Flight,Shoulder,2,Non-Veg,Luxury,495180
Varanasi,10,3,4,Bus,Off-Peak,6,Vegetarian,Budget,128730
Rishikesh,13,7,2,Bus,Shoulder,16,Non-Veg,Budget,331530
Jaipur,10,7,2,Flight,Shoulder,14,Vegetarian,Luxury,424320
Manali,12,7,2,Flight,Peak,16,Street Food,Luxury,525460
Singapore,3,1,1,Flight,Peak,3,Non-Veg,Budget,72170
Paris,11,3,1,Flight,Off-Peak,33,Non-Veg,Moderate,821630
Udaipur,13,2,5,Train,Off-Peak,2,Street Food,Moderate,239160
Manali,12,1,4,Bus,Off-Peak,24,Non-Veg,Budget,99160
Rishikesh,10,2,3,Flight,Peak,20,Non-Veg,Moderate,137970
Andaman,3,8,5,Train,Shoulder,7,Non-Veg,Luxury,503220
Varanasi,12,8,2,Train,Peak,10,Street Food,Moderate,258150
Andaman,10,7,2,Train,Shoulder,19,Vegetarian,Budget,355050
Jaipur,6,3,3,Flight,Off-Peak,9,Street Food,Luxury,141040
Singapore,9,5,2,Flight,Off-Peak,20,Vegetarian,Moderate,715830
Udaipur,4,7,4,Train,Shoulder,2,Street Food,Luxury,261340
Udaipur,2,1,5,Bus,Shoulder,3,Street Food,Moderate,28050
Dubai,11,5,4,Flight,Shoulder,5,Non-Veg,Luxury,1248310
Ladakh,3,7,4,Flight,Shoulder,9,Fine Dining,Budget,257610
Bali,10,2,4,Flight,Shoulder,25,Vegetarian,Moderate,325100
Goa,14,3,5,Bus,Peak,21,Non-Veg,Budget,701860
Goa,4,7,2,Car,Peak,7,Street Food,Moderate,136540
Goa,2,3,3,Train,Shoulder,3,Vegetarian,Budget,25120
Rishikesh,11,4,1,Flight,Shoulder,16,Street Food,Moderate,174310
Paris,3,6,4,Flight,Peak,1,Non-Veg,Moderate,925080
Goa,2,1,2,Flight,Shoulder,6,Street Food,Luxury,27000
Bali,14,6,2,Flight,Peak,23,Street Food,Moderate,794200
Ladakh,14,4,4,Car,Off-Peak,19,Street Food,Moderate,404380
Rishikesh,14,8,1,Train,Off-Peak,31,Non-Veg,Moderate,527840
Singapore,2,1,1,Flight,Off-Peak,2,Street Food,Moderate,74290
Manali,2,4,3,Car,Shoulder,3,Non-Veg,Luxury,66000
Goa,8,8,3,Train,Shoulder,18,Street Food,Moderate,322260
Goa,8,3,2,Flight,Shoulder,20,Street Food,Moderate,133480
Andaman,14,3,2,Car,Peak,8,Vegetarian,Moderate,200450
Dubai,12,5,4,Flight,Peak,17,Street Food,Moderate,1146970
Andaman,6,5,3,Flight,Peak,14,Fine Dining,Budget,294060
Jaipur,10,4,3,Flight,Peak,5,Fine Dining,Moderate,283860
Jaipur,3,3,5,Flight,Off-Peak,4,Street Food,Budget,87570
Manali,3,8,2,Car,Off-Peak,3,Street Food,Moderate,82610
Singapore,6,4,5,Flight,Shoulder,18,Fine Dining,Luxury,1336330
Rishikesh,7,3,2,Train,Shoulder,6,Fine Dining,Budget,104710
Varanasi,3,7,1,Car,Shoulder,8,Fine Dining,Luxury,177110
Manali,2,6,1,Train,Off-Peak,1,Fine Dining,Moderate,61500
Ladakh,9,8,3,Flight,Peak,25,Fine Dining,Luxury,1133660
Singapore,4,5,4,Flight,Off-Peak,12,Fine Dining,Budget,590790
Udaipur,3,6,5,Flight,Off-Peak,8,Non-Veg,Moderate,224460
Bali,5,1,3,Flight,Peak,8,Vegetarian,Budget,87970
Rishikesh,5,7,1,Bus,Peak,12,Non-Veg,Budget,157710
Rishikesh,11,3,4,Car,Off-Peak,31,Non-Veg,Luxury,391840
Singapore,4,8,5,Flight,Shoulder,4,Vegetarian,Moderate,1114590
Andaman,4,6,1,Flight,Peak,8,Fine Dining,Moderate,221840
Dubai,5,6,2,Flight,Shoulder,13,Vegetarian,Budget,471150
Manali,7,7,4,Flight,Shoulder,13,Street Food,Budget,339500
Udaipur,13,7,2,Train,Shoulder,38,Vegetarian,Moderate,495450
Andaman,4,5,4,Train,Shoulder,5,Fine Dining,Budget,188830
Bali,11,1,1,Flight,Peak,4,Fine Dining,Moderate,116990
Goa,10,4,3,Flight,Off-Peak,3,Street Food,Luxury,217100
Ladakh,4,5,4,Flight,Off-Peak,9,Fine Dining,Luxury,375750
Dubai,11,8,5,Flight,Shoulder,29,Non-Veg,Luxury,3607260
Varanasi,14,8,3,Train,Off-Peak,23,Non-Veg,Luxury,638180
Bali,2,3,2,Flight,Peak,4,Street Food,Luxury,299850
Dubai,12,2,2,Flight,Shoulder,34,Non-Veg,Luxury,505640
Udaipur,3,8,1,Car,Off-Peak,9,Fine Dining,Moderate,192570
Singapore,3,5,2,Flight,Shoulder,8,Non-Veg,Luxury,725880
Rishikesh,3,2,2,Train,Off-Peak,1,Non-Veg,Luxury,28220
Singapore,8,2,1,Flight,Off-Peak,8,Street Food,Luxury,270460
Varanasi,11,1,1,Train,Off-Peak,11,Vegetarian,Moderate,28600
Goa,7,6,2,Train,Shoulder,14,Non-Veg,Budget,177050
Varanasi,3,6,5,Train,Peak,8,Vegetarian,Luxury,253100
Kerala,12,7,1,Train,Peak,8,Non-Veg,Luxury,366990
Jaipur,10,3,5,Car,Shoulder,5,Fine Dining,Moderate,421240
Paris,8,1,5,Flight,Peak,23,Fine Dining,Luxury,944620
Rishikesh,13,2,1,Flight,Peak,9,Fine Dining,Budget,120190
Jaipur,8,2,3,Car,Off-Peak,16,Non-Veg,Moderate,79500
Kerala,9,2,2,Train,Off-Peak,24,Street Food,Luxury,108330
Varanasi,5,1,1,Train,Off-Peak,6,Street Food,Budget,11010
Ladakh,9,4,1,Train,Shoulder,27,Street Food,Budget,187320
Bali,4,6,3,Flight,Peak,2,Street Food,Moderate,438420
Dubai,11,1,2,Flight,Off-Peak,16,Street Food,Moderate,124860
Goa,4,7,4,Flight,Shoulder,4,Fine Dining,Budget,247130
Andaman,14,5,3,Flight,Off-Peak,27,Vegetarian,Budget,461440
Bali,13,8,3,Flight,Off-Peak,14,Fine Dining,Luxury,1838610
Dubai,6,7,3,Flight,Peak,12,Vegetarian,Budget,632010
Rishikesh,10,1,2,Train,Peak,1,Fine Dining,Budget,51570
Jaipur,8,3,5,Bus,Shoulder,21,Fine Dining,Luxury,532590
Manali,10,4,5,Flight,Peak,30,Vegetarian,Luxury,868250
Singapore,2,7,4,Flight,Shoulder,3,Vegetarian,Luxury,804200
Rishikesh,10,5,5,Train,Shoulder,28,Fine Dining,Moderate,727850
Paris,5,6,5,Flight,Off-Peak,15,Street Food,Budget,1287550
Manali,9,5,2,Flight,Shoulder,26,Vegetarian,Budget,232080
Ladakh,14,1,2,Flight,Peak,38,Vegetarian,Luxury,189840
Rishikesh,9,8,3,Car,Peak,24,Non-Veg,Budget,424550
Singapore,9,8,1,Flight,Shoulder,4,Non-Veg,Luxury,1051620
Goa,11,2,3,Flight,Off-Peak,27,Vegetarian,Budget,110120
Andaman,4,6,3,Bus,Peak,5,Vegetarian,Luxury,228890
Jaipur,3,1,3,Train,Peak,1,Fine Dining,Moderate,22390
Goa,13,8,5,Bus,Shoulder,7,Non-Veg,Budget,966810
Singapore,5,2,1,Flight,Off-Peak,8,Fine Dining,Budget,186430
Kerala,4,5,5,Car,Peak,10,Street Food,Budget,278390
Ladakh,11,7,2,Flight,Shoulder,6,Street Food,Moderate,327020
Kerala,6,1,3,Bus,Off-Peak,7,Non-Veg,Moderate,33810
Rishikesh,11,1,1,Flight,Shoulder,28,Vegetarian,Luxury,90410
Goa,9,1,2,Train,Shoulder,23,Non-Veg,Budget,51620
Kerala,14,1,1,Train,Peak,26,Street Food,Luxury,81980
Bali,7,4,4,Flight,Off-Peak,19,Vegetarian,Budget,425160
Udaipur,11,6,1,Flight,Shoulder,16,Non-Veg,Moderate,303100
Bali,2,1,4,Flight,Peak,5,Street Food,Budget,67900
Singapore,2,8,2,Flight,Peak,1,Vegetarian,Budget,477880
Andaman,11,1,5,Train,Peak,25,Street Food,Budget,301160
Goa,14,5,3,Bus,Off-Peak,18,Street Food,Budget,266790
Manali,11,3,5,Bus,Peak,31,Vegetarian,Moderate,572590
Jaipur,8,1,2,Bus,Shoulder,10,Non-Veg,Budget,31260
Manali,12,7,1,Flight,Peak,14,Fine Dining,Budget,393510
Paris,12,1,5,Flight,Shoulder,20,Street Food,Moderate,720900
Andaman,11,1,2,Train,Shoulder,23,Fine Dining,Budget,87780
Kerala,9,7,1,Train,Off-Peak,27,Fine Dining,Luxury,591180
Dubai,4,5,3,Flight,Off-Peak,6,Fine Dining,Budget,352150
Kerala,3,2,5,Train,Shoulder,9,Vegetarian,Budget,59480
Rishikesh,8,5,5,Bus,Shoulder,9,Street Food,Luxury,623430
Rishikesh,12,7,2,Flight,Shoulder,4,Vegetarian,Luxury,415160
Ladakh,9,5,1,Train,Peak,15,Vegetarian,Luxury,300490
Goa,9,5,5,Bus,Peak,3,Street Food,Moderate,642530
Andaman,11,4,4,Train,Off-Peak,9,Non-Veg,Moderate,335030
Ladakh,10,5,5,Flight,Shoulder,2,Non-Veg,Budget,629370
Rishikesh,8,6,3,Flight,Peak,23,Vegetarian,Budget,293440
Kerala,5,8,2,Bus,Shoulder,15,Fine Dining,Budget,249670
Singapore,5,1,1,Flight,Peak,1,Street Food,Budget,72120
Paris,13,7,4,Flight,Peak,38,Vegetarian,Luxury,4303530
Rishikesh,10,2,1,Flight,Shoulder,26,Vegetarian,Budget,92610
Manali,8,3,2,Flight,Shoulder,7,Street Food,Luxury,150850
Dubai,10,8,5,Flight,Peak,13,Vegetarian,Luxury,3349830
Varanasi,6,2,5,Flight,Shoulder,13,Non-Veg,Budget,100920
Bali,11,5,2,Flight,Peak,28,Vegetarian,Budget,636920
Jaipur,9,2,1,Train,Peak,11,Vegetarian,Luxury,78370
Dubai,7,5,3,Flight,Off-Peak,5,Fine Dining,Budget,458240
Jaipur,12,5,1,Flight,Peak,21,Non-Veg,Moderate,257260
Goa,9,6,4,Car,Off-Peak,20,Fine Dining,Moderate,486660
Paris,6,7,4,Flight,Shoulder,5,Vegetarian,Budget,1118590
Kerala,6,1,2,Train,Off-Peak,3,Non-Veg,Budget,21500
Rishikesh,9,5,1,Flight,Shoulder,5,Vegetarian,Luxury,213740
Manali,9,5,3,Car,Shoulder,8,Fine Dining,Luxury,454680
Andaman,6,3,2,Flight,Shoulder,1,Vegetarian,Moderate,80690
Bali,3,3,5,Flight,Off-Peak,6,Vegetarian,Luxury,405960
Andaman,3,3,3,Flight,Peak,5,Street Food,Budget,78760
Goa,9,3,2,Flight,Shoulder,14,Vegetarian,Budget,111530
Rishikesh,5,3,4,Flight,Peak,12,Non-Veg,Budget,151680
Kerala,11,7,1,Flight,Peak,2,Fine Dining,Luxury,583620
Goa,9,7,4,Bus,Peak,27,Fine Dining,Moderate,760920
Goa,6,3,2,Car,Shoulder,8,Fine Dining,Moderate,120940
Goa,3,2,3,Flight,Shoulder,8,Non-Veg,Luxury,71750
Kerala,6,4,3,Train,Shoulder,3,Street Food,Moderate,89470
Kerala,7,2,2,Bus,Off-Peak,6,Street Food,Moderate,40910
Rishikesh,8,7,4,Car,Off-Peak,13,Non-Veg,Budget,314870
Manali,11,8,4,Bus,Shoulder,33,Fine Dining,Luxury,1214400
Udaipur,3,3,5,Flight,Peak,6,Vegetarian,Budget,140270
Manali,14,5,5,Train,Shoulder,10,Non-Veg,Budget,715860
Ladakh,14,4,3,Flight,Off-Peak,27,Street Food,Luxury,487950
Manali,4,2,3,Bus,Shoulder,5,Fine Dining,Budget,41690
Bali,14,3,1,Flight,Shoulder,18,Fine Dining,Luxury,670470
Singapore,3,2,5,Flight,Shoulder,4,Vegetarian,Luxury,316610
Jaipur,2,7,2,Flight,Shoulder,6,Fine Dining,Luxury,222420
Rishikesh,14,3,1,Train,Shoulder,38,Street Food,Luxury,271330
Andaman,8,5,1,Flight,Peak,4,Vegetarian,Budget,135170
Varanasi,6,4,3,Flight,Off-Peak,6,Non-Veg,Budget,91300
Andaman,2,5,5,Train,Off-Peak,4,Vegetarian,Budget,96710
Manali,13,7,1,Car,Peak,11,Vegetarian,Luxury,377730
Bali,9,1,1,Flight,Peak,26,Fine Dining,Budget,134000
Jaipur,6,8,1,Flight,Off-Peak,16,Vegetarian,Luxury,355450
Singapore,12,7,1,Flight,Off-Peak,7,Street Food,Budget,642030
Varanasi,12,1,5,Flight,Off-Peak,19,Street Food,Luxury,232830
Varanasi,2,2,1,Flight,Shoulder,3,Non-Veg,Moderate,28120
Paris,3,1,4,Flight,Peak,9,Street Food,Luxury,302770
Udaipur,4,8,5,Bus,Off-Peak,4,Street Food,Budget,250150
Manali,8,1,5,Train,Peak,20,Street Food,Budget,154650
Jaipur,12,7,3,Train,Peak,35,Non-Veg,Moderate,543820
Jaipur,2,8,4,Train,Peak,1,Non-Veg,Moderate,93520
Dubai,13,6,3,Flight,Shoulder,33,Vegetarian,Budget,921630
Ladakh,12,5,2,Bus,Peak,14,Street Food,Budget,239650
Manali,8,1,4,Train,Shoulder,18,Fine Dining,Moderate,99830
Dubai,9,1,4,Flight,Shoulder,22,Fine Dining,Budget,212210
Paris,3,4,5,Flight,Shoulder,3,Vegetarian,Moderate,652580
Manali,8,5,2,Flight,Peak,16,Vegetarian,Budget,183920
Goa,12,5,2,Flight,Peak,8,Non-Veg,Luxury,394210
Rishikesh,6,2,2,Flight,Shoulder,4,Street Food,Luxury,72790
Manali,2,6,2,Flight,Peak,3,Vegetarian,Moderate,92200
Varanasi,14,7,3,Flight,Peak,15,Fine Dining,Budget,556860
Manali,3,1,3,Flight,Peak,5,Street Food,Moderate,26090
Kerala,9,7,1,Flight,Peak,18,Fine Dining,Moderate,435210
Manali,4,2,4,Car,Shoulder,2,Non-Veg,Budget,41340
Singapore,11,8,5,Flight,Peak,22,Fine Dining,Moderate,3098560
Dubai,2,8,2,Flight,Peak,6,Street Food,Budget,423410
Singapore,6,7,3,Flight,Shoulder,14,Street Food,Moderate,879950
Varanasi,3,8,1,Flight,Peak,1,Street Food,Budget,90450
Singapore,6,8,5,Flight,Off-Peak,8,Street Food,Luxury,1964660
Jaipur,3,8,3,Flight,Peak,9,Vegetarian,Budget,172310
Ladakh,3,5,5,Bus,Off-Peak,8,Non-Veg,Moderate,188080
Bali,4,6,3,Flight,Shoulder,11,Street Food,Budget,474910
Kerala,10,5,1,Flight,Shoulder,9,Non-Veg,Budget,163190
Andaman,12,4,2,Train,Peak,14,Fine Dining,Budget,301630
Andaman,9,7,2,Flight,Peak,7,Street Food,Luxury,482910
Udaipur,11,1,4,Bus,Off-Peak,2,Fine Dining,Luxury,183200
Rishikesh,8,4,2,Flight,Shoulder,12,Non-Veg,Moderate,157140
Singapore,2,3,4,Flight,Peak,5,Street Food,Luxury,383640
Varanasi,11,8,4,Car,Peak,21,Non-Veg,Luxury,916590
Varanasi,8,8,1,Train,Off-Peak,20,Street Food,Moderate,184190
Varanasi,6,3,4,Bus,Off-Peak,1,Non-Veg,Luxury,128290
Kerala,9,4,4,Train,Peak,15,Non-Veg,Budget,253540
Kerala,4,3,4,Flight,Peak,8,Fine Dining,Luxury,244060
Andaman,11,2,4,Flight,Peak,4,Fine Dining,Budget,215800
Rishikesh,7,2,3,Flight,Off-Peak,13,Non-Veg,Budget,71790
Manali,8,1,2,Train,Peak,6,Vegetarian,Budget,33730
Bali,14,1,1,Flight,Shoulder,12,Street Food,Moderate,112680
Manali,2,7,5,Flight,Peak,4,Street Food,Budget,172350
Singapore,3,7,2,Flight,Shoulder,1,Fine Dining,Luxury,761660
Goa,6,4,2,Flight,Shoulder,6,Fine Dining,Moderate,158420
Jaipur,3,8,2,Train,Shoulder,7,Non-Veg,Luxury,154940
Jaipur,11,1,4,Bus,Shoulder,17,Vegetarian,Budget,98800
Bali,13,6,1,Flight,Off-Peak,39,Non-Veg,Luxury,1360720
Kerala,9,3,4,Flight,Peak,6,Vegetarian,Moderate,266580
Dubai,2,5,5,Flight,Shoulder,1,Non-Veg,Moderate,360720
Udaipur,8,6,2,Train,Peak,18,Fine Dining,Moderate,369220
Bali,9,5,5,Flight,Off-Peak,21,Fine Dining,Budget,929970
Goa,10,7,3,Bus,Shoulder,24,Street Food,Moderate,403640
Goa,4,1,5,Flight,Off-Peak,2,Non-Veg,Luxury,88190
Kerala,14,2,3,Bus,Shoulder,16,Vegetarian,Moderate,120210
Bali,2,4,2,Flight,Peak,3,Non-Veg,Budget,220700
Goa,4,4,3,Flight,Peak,6,Fine Dining,Moderate,150980
Goa,3,4,3,Flight,Off-Peak,1,Non-Veg,Moderate,73090
Rishikesh,14,5,2,Train,Peak,13,Non-Veg,Moderate,310520
Andaman,4,7,2,Flight,Off-Peak,1,Fine Dining,Luxury,290970
Rishikesh,12,4,1,Flight,Shoulder,18,Vegetarian,Budget,172560
Goa,9,6,5,Flight,Off-Peak,20,Non-Veg,Budget,505400
Jaipur,9,7,2,Flight,Shoulder,10,Fine Dining,Moderate,374470
Goa,8,3,5,Bus,Shoulder,21,Vegetarian,Luxury,512210
Udaipur,7,2,5,Flight,Shoulder,15,Vegetarian,Luxury,269630
Udaipur,7,4,4,Flight,Shoulder,9,Street Food,Moderate,208680
Rishikesh,12,7,3,Flight,Peak,2,Street Food,Budget,312740
Singapore,5,1,1,Flight,Off-Peak,10,Non-Veg,Luxury,156850
Rishikesh,6,6,2,Flight,Peak,6,Vegetarian,Budget,147910
Jaipur,7,6,1,Flight,Shoulder,7,Non-Veg,Budget,144200
Manali,6,4,1,Train,Shoulder,16,Street Food,Luxury,135400
Udaipur,11,3,3,Train,Shoulder,9,Non-Veg,Budget,155710
Jaipur,13,5,3,Train,Off-Peak,8,Non-Veg,Luxury,394000
Goa,6,8,4,Flight,Shoulder,13,Non-Veg,Budget,377390
Singapore,4,7,3,Flight,Peak,6,Vegetarian,Budget,598860
Paris,10,5,4,Flight,Shoulder,2,Fine Dining,Luxury,1937640
Singapore,7,4,5,Flight,Peak,11,Street Food,Luxury,1477570
Kerala,8,3,1,Train,Shoulder,13,Street Food,Budget,68700
Singapore,4,6,3,Flight,Peak,11,Fine Dining,Luxury,1048330
Singapore,11,7,2,Flight,Off-Peak,11,Non-Veg,Budget,819610
Goa,14,2,5,Flight,Off-Peak,41,Street Food,Budget,282940
Ladakh,9,3,5,Flight,Off-Peak,25,Fine Dining,Budget,447950
Manali,4,3,2,Car,Peak,5,Non-Veg,Luxury,82270
Goa,11,7,4,Flight,Off-Peak,29,Vegetarian,Budget,532610
Goa,6,6,1,Car,Shoulder,14,Non-Veg,Budget,137790
Ladakh,12,1,1,Train,Off-Peak,5,Vegetarian,Luxury,55220
Bali,5,4,3,Flight,Peak,9,Non-Veg,Budget,312080
Udaipur,3,2,5,Flight,Peak,1,Street Food,Budget,72830
Kerala,9,8,1,Flight,Shoulder,13,Vegetarian,Luxury,421330
Goa,9,7,2,Flight,Peak,23,Fine Dining,Budget,415720
Varanasi,5,8,2,Flight,Shoulder,2,Street Food,Moderate,151480
Jaipur,12,2,2,Car,Peak,27,Vegetarian,Budget,92440
Singapore,11,5,3,Flight,Off-Peak,6,Street Food,Moderate,624550
Jaipur,13,2,4,Flight,Shoulder,8,Non-Veg,Moderate,163640
Udaipur,12,7,5,Flight,Shoulder,3,Street Food,Luxury,1551720
Ladakh,11,5,2,Train,Peak,18,Street Food,Budget,261960
Varanasi,3,8,1,Car,Shoulder,4,Non-Veg,Moderate,91070
Goa,4,5,5,Flight,Shoulder,5,Fine Dining,Budget,271730
Kerala,5,5,3,Flight,Shoulder,13,Non-Veg,Luxury,289910
Bali,6,8,5,Flight,Peak,6,Fine Dining,Moderate,1392940
Varanasi,13,4,4,Bus,Peak,27,Vegetarian,Moderate,353430
Kerala,5,7,3,Flight,Peak,1,Fine Dining,Budget,238930
Varanasi,12,6,4,Train,Shoulder,12,Vegetarian,Moderate,381710
Jaipur,7,1,1,Train,Peak,16,Vegetarian,Moderate,31650
Goa,6,8,4,Train,Shoulder,8,Street Food,Luxury,469520
Rishikesh,6,5,2,Train,Shoulder,13,Vegetarian,Luxury,224690
Dubai,7,7,3,Flight,Shoulder,15,Non-Veg,Luxury,1265440
Singapore,5,7,5,Flight,Peak,6,Fine Dining,Luxury,1993870
Varanasi,10,1,1,Flight,Shoulder,30,Non-Veg,Luxury,72740
Goa,14,5,3,Flight,Shoulder,42,Street Food,Budget,395380
Jaipur,7,7,4,Flight,Peak,8,Non-Veg,Moderate,428570
Andaman,11,4,2,Flight,Shoulder,29,Non-Veg,Budget,310950
Udaipur,13,2,5,Car,Peak,12,Street Food,Moderate,408530
Udaipur,11,5,1,Train,Off-Peak,29,Street Food,Moderate,225900
Singapore,7,1,4,Flight,Shoulder,7,Street Food,Budget,161500
Kerala,13,8,4,Flight,Shoulder,21,Vegetarian,Luxury,1171970
Bali,4,3,1,Flight,Off-Peak,8,Vegetarian,Moderate,239340
Rishikesh,8,2,5,Bus,Off-Peak,24,Street Food,Budget,135430
Jaipur,4,1,1,Flight,Peak,10,Vegetarian,Moderate,24340
Singapore,11,3,5,Flight,Off-Peak,6,Non-Veg,Moderate,848820
Kerala,8,6,2,Bus,Peak,15,Vegetarian,Moderate,218200
Goa,10,7,3,Train,Peak,13,Fine Dining,Budget,432250
Paris,13,4,1,Flight,Off-Peak,16,Fine Dining,Moderate,921840
Dubai,11,1,1,Flight,Shoulder,23,Street Food,Moderate,126730
Andaman,11,3,1,Train,Off-Peak,29,Non-Veg,Budget,185560
Bali,10,3,3,Flight,Peak,18,Fine Dining,Luxury,751250
Singapore,2,3,1,Flight,Shoulder,6,Vegetarian,Moderate,246170
Goa,8,7,3,Train,Off-Peak,4,Fine Dining,Luxury,472360
Singapore,14,1,1,Flight,Shoulder,42,Fine Dining,Luxury,391050
Dubai,4,2,3,Flight,Peak,4,Street Food,Budget,119500
Goa,11,3,4,Train,Peak,29,Vegetarian,Budget,294040
Dubai,10,1,5,Flight,Off-Peak,29,Vegetarian,Moderate,347820
Kerala,10,3,5,Car,Off-Peak,6,Fine Dining,Moderate,436510
Varanasi,14,1,1,Train,Off-Peak,33,Fine Dining,Luxury,103660
Dubai,9,5,1,Flight,Peak,14,Vegetarian,Moderate,548260
Dubai,3,7,1,Flight,Peak,8,Street Food,Moderate,476880
Rishikesh,2,3,1,Flight,Peak,4,Vegetarian,Luxury,74600
Kerala,8,4,3,Flight,Peak,11,Street Food,Luxury,277400
Dubai,6,6,5,Flight,Off-Peak,16,Vegetarian,Budget,770120
Paris,13,5,2,Flight,Shoulder,11,Fine Dining,Budget,994850
Goa,11,2,2,Car,Shoulder,24,Non-Veg,Budget,89780
Ladakh,11,8,4,Bus,Off-Peak,4,Non-Veg,Luxury,775990
Singapore,9,1,2,Flight,Shoulder,8,Street Food,Moderate,126550
Singapore,13,5,1,Flight,Shoulder,23,Non-Veg,Luxury,1223720
Ladakh,10,2,5,Bus,Shoulder,25,Fine Dining,Luxury,475040
Jaipur,8,5,5,Train,Peak,12,Street Food,Moderate,563870
Varanasi,6,7,4,Flight,Peak,5,Non-Veg,Moderate,313000
Andaman,14,8,5,Bus,Off-Peak,27,Fine Dining,Luxury,2376980
Varanasi,11,5,5,Bus,Off-Peak,12,Non-Veg,Luxury,669020
Ladakh,4,7,2,Flight,Shoulder,10,Non-Veg,Budget,201520
Andaman,3,8,5,Train,Peak,4,Fine Dining,Moderate,405210
Bali,11,3,5,Flight,Off-Peak,16,Non-Veg,Moderate,730600
Paris,9,7,5,Flight,Off-Peak,15,Street Food,Moderate,2401540
Varanasi,14,7,1,Flight,Peak,17,Non-Veg,Budget,288490
Singapore,6,4,1,Flight,Shoulder,7,Non-Veg,Luxury,531580
Kerala,8,1,1,Flight,Peak,10,Fine Dining,Budget,47740
Dubai,13,8,4,Flight,Peak,5,Fine Dining,Luxury,2584390
Jaipur,2,5,5,Flight,Shoulder,1,Vegetarian,Budget,97090
Bali,9,6,2,Flight,Off-Peak,27,Street Food,Budget,597710
Bali,10,7,3,Flight,Off-Peak,13,Fine Dining,Budget,834510
Dubai,13,3,3,Flight,Peak,22,Non-Veg,Budget,507260
Jaipur,7,4,1,Train,Shoulder,14,Street Food,Luxury,134980
Manali,11,5,5,Car,Shoulder,9,Vegetarian,Luxury,1012240
Varanasi,8,3,1,Flight,Off-Peak,12,Non-Veg,Luxury,141010
Udaipur,11,7,4,Flight,Off-Peak,28,Fine Dining,Moderate,787770
Singapore,12,5,1,Flight,Shoulder,16,Fine Dining,Moderate,783490
Paris,4,6,2,Flight,Peak,11,Non-Veg,Moderate,1037200
Varanasi,8,2,1,Flight,Shoulder,16,Non-Veg,Luxury,90710
Udaipur,7,1,2,Flight,Off-Peak,6,Vegetarian,Budget,31820
Bali,13,2,5,Flight,Peak,34,Street Food,Budget,535170
Goa,5,5,2,Bus,Shoulder,5,Street Food,Moderate,85190
Goa,14,5,4,Flight,Shoulder,35,Street Food,Budget,553270
Varanasi,3,1,4,Flight,Peak,2,Street Food,Luxury,43100
Paris,10,6,1,Flight,Shoulder,23,Non-Veg,Luxury,1857440
Rishikesh,11,6,1,Flight,Shoulder,13,Fine Dining,Budget,330000
Manali,10,6,5,Flight,Shoulder,18,Vegetarian,Luxury,1045010
Manali,7,8,3,Flight,Off-Peak,13,Fine Dining,Budget,361590
Manali,8,1,4,Bus,Peak,2,Fine Dining,Budget,91260
Singapore,2,5,3,Flight,Shoulder,1,Fine Dining,Budget,342400
Jaipur,11,3,2,Flight,Off-Peak,2,Non-Veg,Luxury,170260
Singapore,4,1,2,Flight,Off-Peak,6,Street Food,Luxury,143720
Dubai,13,1,4,Flight,Off-Peak,35,Vegetarian,Budget,247230
Kerala,11,6,1,Car,Shoulder,19,Street Food,Luxury,313450
Jaipur,13,4,3,Train,Peak,13,Vegetarian,Budget,203850
Udaipur,6,5,1,Train,Off-Peak,2,Street Food,Moderate,62170
Paris,11,8,1,Flight,Off-Peak,11,Vegetarian,Luxury,2100970
Bali,13,2,5,Flight,Off-Peak,19,Non-Veg,Budget,374050
Dubai,4,7,4,Flight,Peak,2,Fine Dining,Luxury,960590
Varanasi,10,1,3,Flight,Shoulder,8,Non-Veg,Luxury,83210
Bali,12,7,1,Flight,Shoulder,30,Non-Veg,Budget,780680
Jaipur,11,8,1,Train,Shoulder,24,Fine Dining,Moderate,482050
Paris,14,1,5,Flight,Off-Peak,9,Non-Veg,Budget,535180
Manali,6,7,1,Bus,Off-Peak,11,Non-Veg,Luxury,224040
Singapore,9,7,4,Flight,Peak,14,Non-Veg,Budget,1283760
Singapore,11,7,1,Flight,Shoulder,15,Vegetarian,Budget,800350
Manali,13,5,1,Flight,Shoulder,36,Street Food,Budget,246070
Andaman,10,7,1,Flight,Peak,13,Non-Veg,Budget,326880
Jaipur,8,1,3,Flight,Off-Peak,17,Vegetarian,Luxury,78990
Ladakh,2,2,1,Bus,Off-Peak,1,Vegetarian,Budget,9540
Paris,5,1,2,Flight,Shoulder,3,Vegetarian,Luxury,216440
Kerala,13,4,4,Bus,Off-Peak,30,Fine Dining,Budget,404650
Bali,12,3,4,Flight,Peak,4,Street Food,Budget,458650
Udaipur,7,8,3,Train,Shoulder,9,Non-Veg,Budget,243280
Paris,10,5,3,Flight,Shoulder,8,Vegetarian,Budget,896940
Dubai,10,2,5,Flight,Off-Peak,13,Fine Dining,Luxury,645060
Jaipur,6,5,3,Flight,Shoulder,6,Non-Veg,Luxury,261210
Varanasi,4,2,4,Train,Peak,6,Street Food,Moderate,43470
Singapore,8,2,4,Flight,Peak,10,Street Food,Budget,300660
Ladakh,9,3,4,Car,Shoulder,1,Non-Veg,Budget,193980
Manali,7,6,1,Flight,Peak,1,Vegetarian,Moderate,131100
Paris,12,2,4,Flight,Shoulder,7,Fine Dining,Moderate,554970
Rishikesh,9,1,3,Flight,Shoulder,10,Vegetarian,Budget,49930
Varanasi,6,8,5,Flight,Off-Peak,13,Fine Dining,Luxury,779780
Jaipur,3,6,4,Train,Shoulder,8,Vegetarian,Luxury,182600
Manali,14,7,4,Car,Shoulder,26,Non-Veg,Moderate,753220
Manali,10,4,2,Bus,Off-Peak,20,Street Food,Moderate,147170
Rishikesh,9,7,5,Car,Shoulder,22,Street Food,Budget,675600
Jaipur,13,8,4,Bus,Peak,35,Fine Dining,Budget,950080
Singapore,12,2,5,Flight,Peak,11,Vegetarian,Luxury,1073290
Udaipur,5,4,2,Bus,Peak,12,Street Food,Budget,87880
Kerala,5,7,3,Flight,Peak,14,Non-Veg,Moderate,285180
Kerala,8,8,4,Train,Off-Peak,21,Non-Veg,Moderate,449740
Udaipur,5,3,2,Train,Shoulder,11,Non-Veg,Budget,68360
Dubai,4,1,5,Flight,Peak,5,Vegetarian,Budget,159020
Jaipur,5,3,5,Flight,Peak,4,Fine Dining,Moderate,275790
Bali,11,3,5,Flight,Peak,31,Fine Dining,Moderate,1146010
Varanasi,6,6,2,Bus,Peak,15,Fine Dining,Moderate,211300
Bali,11,2,2,Flight,Off-Peak,15,Vegetarian,Budget,175530
Andaman,14,5,2,Flight,Peak,12,Street Food,Luxury,548390
Kerala,4,8,4,Train,Peak,4,Vegetarian,Moderate,244950
Rishikesh,13,1,4,Flight,Shoulder,31,Vegetarian,Moderate,140920
Rishikesh,7,1,2,Flight,Peak,11,Fine Dining,Budget,52060
Singapore,6,3,3,Flight,Peak,2,Street Food,Luxury,470180
Goa,4,8,3,Flight,Off-Peak,7,Street Food,Moderate,195700
Andaman,9,7,2,Flight,Peak,27,Street Food,Budget,445730
Goa,5,7,2,Bus,Off-Peak,6,Street Food,Moderate,120410
Paris,3,5,5,Flight,Shoulder,5,Fine Dining,Luxury,1407710
Bali,5,2,5,Flight,Peak,10,Street Food,Luxury,423430
Rishikesh,13,5,5,Bus,Shoulder,39,Street Food,Budget,742440
Bali,7,6,1,Flight,Shoulder,20,Non-Veg,Budget,573460
Singapore,8,5,2,Flight,Peak,5,Non-Veg,Luxury,810020
Andaman,3,3,1,Flight,Off-Peak,9,Vegetarian,Luxury,129790
Manali,7,5,5,Car,Peak,9,Vegetarian,Budget,450600
Kerala,12,8,4,Train,Peak,9,Non-Veg,Luxury,1194980
Paris,6,8,3,Flight,Peak,6,Fine Dining,Moderate,1540570
Paris,10,8,1,Flight,Off-Peak,25,Non-Veg,Budget,1486990
Rishikesh,12,8,1,Flight,Off-Peak,19,Vegetarian,Moderate,388650
Andaman,13,2,2,Train,Shoulder,37,Fine Dining,Moderate,239570
Paris,11,5,4,Flight,Peak,21,Street Food,Luxury,2610770
Ladakh,11,7,2,Bus,Off-Peak,16,Vegetarian,Luxury,538970
Udaipur,4,4,4,Bus,Peak,9,Vegetarian,Luxury,210070
Andaman,3,7,4,Flight,Peak,7,Fine Dining,Moderate,343720
Paris,9,7,3,Flight,Shoulder,16,Street Food,Moderate,1545880
Singapore,7,8,3,Flight,Peak,6,Fine Dining,Moderate,1072310
Goa,2,1,4,Train,Shoulder,5,Street Food,Luxury,27290
Ladakh,12,1,3,Flight,Shoulder,23,Fine Dining,Moderate,133070
Kerala,6,5,3,Flight,Off-Peak,16,Fine Dining,Budget,213960
Jaipur,5,7,5,Car,Peak,9,Non-Veg,Moderate,515290
Goa,13,2,4,Flight,Peak,27,Non-Veg,Budget,223540
Ladakh,14,5,2,Car,Off-Peak,42,Street Food,Budget,385760
Singapore,13,6,1,Flight,Off-Peak,35,Non-Veg,Budget,1031410
Singapore,6,2,2,Flight,Shoulder,1,Street Food,Luxury,226410
Bali,9,8,5,Flight,Shoulder,5,Fine Dining,Moderate,1654280
Rishikesh,6,2,2,Flight,Off-Peak,9,Vegetarian,Moderate,58920
Goa,9,4,3,Bus,Shoulder,25,Street Food,Moderate,214590
Goa,11,6,4,Train,Peak,17,Vegetarian,Moderate,552290
Dubai,14,1,2,Flight,Off-Peak,28,Vegetarian,Budget,153840
Ladakh,6,3,1,Bus,Peak,12,Non-Veg,Moderate,102730
Bali,2,8,2,Flight,Shoulder,2,Vegetarian,Budget,415930
Paris,9,8,4,Flight,Shoulder,18,Street Food,Moderate,2120450
Varanasi,3,5,1,Train,Shoulder,5,Non-Veg,Budget,42460
Rishikesh,14,3,5,Flight,Off-Peak,34,Street Food,Luxury,746520
Ladakh,3,7,2,Flight,Peak,3,Street Food,Budget,125660
Varanasi,13,7,5,Bus,Peak,30,Street Food,Moderate,1124120
Rishikesh,5,2,4,Flight,Peak,7,Street Food,Budget,72730
Jaipur,12,2,3,Flight,Off-Peak,6,Street Food,Luxury,123200
Ladakh,14,3,4,Bus,Shoulder,37,Fine Dining,Moderate,590480
Bali,2,7,2,Flight,Peak,2,Street Food,Luxury,627670
Dubai,9,2,4,Flight,Off-Peak,17,Vegetarian,Budget,261710
Jaipur,9,1,1,Train,Shoulder,11,Fine Dining,Luxury,70680
Dubai,9,1,5,Flight,Shoulder,26,Street Food,Moderate,381330
Paris,6,2,4,Flight,Shoulder,16,Fine Dining,Moderate,466190
Rishikesh,3,1,4,Train,Shoulder,9,Vegetarian,Moderate,31360
Varanasi,9,1,5,Train,Shoulder,17,Street Food,Budget,118820
Rishikesh,5,5,5,Train,Shoulder,4,Vegetarian,Budget,230630
Dubai,9,7,1,Flight,Peak,8,Street Food,Luxury,834790
Manali,12,1,3,Train,Off-Peak,35,Vegetarian,Budget,74100
Dubai,14,7,1,Flight,Off-Peak,9,Vegetarian,Luxury,1021100
Goa,8,7,5,Flight,Peak,2,Street Food,Luxury,1173520
Udaipur,14,3,5,Train,Shoulder,36,Non-Veg,Budget,607380
Paris,10,7,3,Flight,Off-Peak,29,Street Food,Budget,1540160
Varanasi,2,7,4,Flight,Off-Peak,5,Street Food,Luxury,174240
Jaipur,5,6,3,Train,Peak,13,Street Food,Moderate,156410
Manali,14,3,2,Flight,Shoulder,22,Vegetarian,Luxury,292620
Varanasi,9,1,3,Flight,Peak,17,Street Food,Luxury,92090
Paris,5,5,3,Flight,Shoulder,1,Fine Dining,Moderate,836210
Rishikesh,5,2,1,Flight,Shoulder,15,Street Food,Budget,55670
Paris,3,3,2,Flight,Off-Peak,6,Vegetarian,Budget,363450
Udaipur,3,6,4,Bus,Off-Peak,2,Vegetarian,Luxury,133650
Udaipur,11,8,5,Flight,Peak,15,Fine Dining,Luxury,2242170
Andaman,10,5,3,Flight,Shoulder,19,Fine Dining,Budget,455170
Jaipur,14,7,4,Car,Peak,5,Street Food,Budget,637430
Bali,7,8,2,Flight,Shoulder,17,Non-Veg,Budget,720830
Udaipur,7,8,2,Train,Off-Peak,5,Street Food,Budget,131890
Andaman,10,4,1,Flight,Peak,11,Fine Dining,Luxury,402520
Dubai,4,4,2,Flight,Peak,5,Vegetarian,Moderate,295600
Paris,7,2,5,Flight,Shoulder,21,Fine Dining,Luxury,968210
Andaman,14,7,1,Car,Peak,20,Fine Dining,Moderate,700270
Paris,6,7,2,Flight,Off-Peak,4,Fine Dining,Luxury,1653000
Varanasi,10,5,1,Car,Shoulder,9,Vegetarian,Moderate,118970
Goa,7,1,2,Bus,Peak,17,Vegetarian,Moderate,45890
Manali,12,5,1,Flight,Shoulder,18,Street Food,Moderate,220240
Goa,13,5,5,Flight,Shoulder,29,Fine Dining,Budget,958240
Kerala,11,3,5,Flight,Off-Peak,16,Non-Veg,Budget,393380
Andaman,12,6,1,Train,Off-Peak,25,Non-Veg,Budget,346780
Jaipur,8,7,4,Train,Off-Peak,24,Street Food,Moderate,371320
Manali,2,3,3,Train,Peak,3,Non-Veg,Budget,28260
Kerala,4,4,3,Train,Off-Peak,1,Vegetarian,Budget,47480
Andaman,10,4,4,Train,Off-Peak,24,Vegetarian,Budget,317290
Udaipur,11,2,3,Flight,Shoulder,18,Street Food,Budget,101220
Goa,11,3,2,Flight,Shoulder,5,Street Food,Moderate,128190
Varanasi,8,5,2,Bus,Shoulder,2,Vegetarian,Luxury,145610
Udaipur,14,3,4,Flight,Off-Peak,38,Fine Dining,Luxury,732620
Andaman,11,6,3,Train,Peak,12,Street Food,Luxury,590310
Ladakh,14,2,3,Train,Peak,14,Fine Dining,Budget,202890
Paris,14,6,3,Flight,Peak,14,Fine Dining,Moderate,1866180
Ladakh,10,7,4,Flight,Off-Peak,30,Non-Veg,Luxury,1063570
Udaipur,14,4,2,Flight,Shoulder,18,Street Food,Luxury,342580
Manali,7,8,3,Train,Peak,5,Fine Dining,Budget,294630
Paris,14,8,5,Flight,Off-Peak,30,Fine Dining,Budget,3203880
Paris,2,5,1,Flight,Off-Peak,3,Fine Dining,Budget,555920
Dubai,8,7,1,Flight,Off-Peak,7,Vegetarian,Luxury,804290
Varanasi,10,1,1,Flight,Off-Peak,18,Street Food,Budget,27740
Jaipur,11,2,3,Flight,Peak,17,Non-Veg,Moderate,129110
Andaman,4,2,1,Train,Off-Peak,2,Street Food,Budget,17910
Dubai,8,6,4,Flight,Shoulder,5,Fine Dining,Moderate,855500
Andaman,12,1,2,Bus,Off-Peak,13,Non-Veg,Luxury,94790
Ladakh,4,4,1,Flight,Peak,3,Non-Veg,Budget,72760
Rishikesh,8,6,3,Car,Peak,22,Fine Dining,Budget,345720
Paris,3,2,3,Flight,Peak,1,Street Food,Moderate,265870
Manali,7,2,3,Flight,Off-Peak,19,Non-Veg,Budget,73970
Andaman,8,4,2,Bus,Off-Peak,5,Non-Veg,Budget,108700
Ladakh,2,1,3,Flight,Off-Peak,2,Non-Veg,Luxury,26710
Varanasi,8,3,1,Flight,Off-Peak,24,Vegetarian,Budget,82700
Jaipur,6,5,2,Flight,Peak,7,Non-Veg,Luxury,224740
Kerala,10,7,1,Bus,Peak,8,Fine Dining,Moderate,358330
Andaman,12,5,3,Flight,Shoulder,12,Street Food,Moderate,394610
Ladakh,11,8,4,Bus,Peak,17,Street Food,Moderate,825460
Kerala,13,1,5,Car,Peak,28,Street Food,Luxury,533570
Dubai,5,5,5,Flight,Off-Peak,11,Fine Dining,Budget,651430
Jaipur,7,7,1,Flight,Peak,13,Street Food,Moderate,216090
Bali,3,5,4,Flight,Shoulder,3,Fine Dining,Budget,381740
Rishikesh,2,7,4,Flight,Shoulder,4,Fine Dining,Budget,139490
Bali,13,6,2,Flight,Shoulder,29,Fine Dining,Moderate,1015890
Varanasi,12,4,3,Flight,Off-Peak,27,Non-Veg,Luxury,340900
Bali,10,6,2,Flight,Peak,10,Non-Veg,Luxury,980510
Andaman,9,3,3,Flight,Shoulder,3,Non-Veg,Luxury,249030
Dubai,13,7,2,Flight,Off-Peak,36,Non-Veg,Moderate,1215630
Dubai,6,7,5,Flight,Shoulder,17,Street Food,Budget,1128090
Goa,8,2,4,Train,Peak,10,Street Food,Luxury,180270
Bali,11,2,4,Flight,Peak,23,Non-Veg,Luxury,586470
Manali,3,7,5,Train,Off-Peak,8,Vegetarian,Budget,167880
Udaipur,14,4,4,Flight,Peak,31,Non-Veg,Budget,521500
Ladakh,10,7,4,Car,Off-Peak,1,Non-Veg,Moderate,470990
Bali,5,2,2,Flight,Peak,5,Street Food,Budget,135680
Ladakh,14,8,4,Flight,Off-Peak,18,Non-Veg,Luxury,1319110
Dubai,4,7,3,Flight,Shoulder,7,Non-Veg,Budget,492550
Udaipur,4,5,1,Flight,Off-Peak,5,Vegetarian,Luxury,141140
Dubai,8,7,3,Flight,Off-Peak,15,Vegetarian,Luxury,1167210
Dubai,2,7,5,Flight,Peak,2,Fine Dining,Budget,486710
Goa,3,7,1,Flight,Off-Peak,1,Vegetarian,Moderate,105270
Jaipur,11,5,5,Flight,Peak,13,Non-Veg,Budget,723420
Ladakh,5,8,4,Bus,Off-Peak,13,Non-Veg,Luxury,507590
Singapore,3,5,1,Flight,Off-Peak,9,Fine Dining,Budget,431320
Manali,8,8,5,Flight,Peak,9,Vegetarian,Budget,723950
Ladakh,11,2,1,Flight,Shoulder,11,Vegetarian,Budget,76520
Andaman,8,2,4,Car,Peak,24,Vegetarian,Luxury,303570
Jaipur,6,3,1,Car,Peak,9,Fine Dining,Moderate,103560
Kerala,2,4,3,Flight,Shoulder,1,Street Food,Luxury,86010
Manali,9,2,2,Car,Shoulder,2,Vegetarian,Moderate,52240
Manali,13,2,4,Flight,Peak,7,Fine Dining,Budget,221280
Ladakh,9,1,2,Car,Off-Peak,18,Vegetarian,Moderate,56220
Kerala,10,8,3,Flight,Shoulder,30,Vegetarian,Luxury,741880
Andaman,9,6,4,Flight,Shoulder,7,Vegetarian,Budget,392430
Manali,2,8,3,Train,Peak,6,Street Food,Budget,84580
Ladakh,4,4,2,Flight,Shoulder,1,Vegetarian,Luxury,110550
Varanasi,5,6,1,Flight,Off-Peak,7,Non-Veg,Moderate,123040
Rishikesh,6,6,3,Flight,Shoulder,6,Street Food,Luxury,258930
Manali,2,3,3,Flight,Off-Peak,1,Street Food,Luxury,60730
Paris,11,5,5,Flight,Off-Peak,23,Street Food,Moderate,2125320
Rishikesh,11,4,1,Flight,Peak,22,Street Food,Moderate,196820
Dubai,8,4,3,Flight,Shoulder,17,Fine Dining,Budget,495810
Kerala,9,2,4,Flight,Shoulder,5,Fine Dining,Moderate,159220
Ladakh,8,1,4,Flight,Peak,3,Fine Dining,Luxury,212270
Manali,5,1,4,Train,Shoulder,14,Non-Veg,Moderate,52720
Paris,10,8,1,Flight,Peak,1,Street Food,Moderate,1153310
Goa,12,5,1,Train,Off-Peak,10,Vegetarian,Moderate,159070
Jaipur,10,2,1,Flight,Off-Peak,6,Non-Veg,Budget,52910
Kerala,4,3,5,Flight,Peak,9,Fine Dining,Moderate,243290
Kerala,10,4,3,Car,Off-Peak,20,Fine Dining,Budget,220520
Manali,2,5,4,Train,Peak,2,Fine Dining,Budget,74590
Jaipur,7,1,3,Flight,Shoulder,5,Non-Veg,Luxury,70150
Kerala,2,7,3,Flight,Off-Peak,6,Fine Dining,Moderate,157920
Goa,11,8,5,Flight,Peak,2,Vegetarian,Budget,1083660
Manali,11,5,3,Flight,Peak,22,Non-Veg,Luxury,575430
Manali,12,5,3,Train,Shoulder,30,Fine Dining,Luxury,713040
Kerala,10,1,2,Flight,Off-Peak,22,Non-Veg,Budget,51530
Singapore,7,8,5,Flight,Off-Peak,1,Non-Veg,Moderate,1333910
Singapore,3,3,1,Flight,Peak,8,Fine Dining,Budget,259370
Andaman,11,1,3,Bus,Off-Peak,21,Fine Dining,Moderate,119710
Bali,11,5,1,Flight,Off-Peak,18,Non-Veg,Luxury,863100
Goa,8,7,5,Train,Off-Peak,10,Fine Dining,Budget,598560
Singapore,10,7,1,Flight,Shoulder,3,Vegetarian,Moderate,647580
Udaipur,5,4,4,Bus,Shoulder,8,Vegetarian,Budget,118730
Kerala,9,7,1,Car,Shoulder,22,Vegetarian,Moderate,267800
Rishikesh,2,3,3,Flight,Peak,5,Fine Dining,Budget,61490
Andaman,11,3,5,Bus,Shoulder,18,Fine Dining,Moderate,705240
Udaipur,4,6,1,Train,Off-Peak,3,Non-Veg,Luxury,108040
Ladakh,4,4,3,Train,Peak,5,Vegetarian,Moderate,101070
Ladakh,3,6,3,Flight,Shoulder,2,Fine Dining,Luxury,229140
Udaipur,6,1,4,Flight,Shoulder,13,Vegetarian,Budget,65560
Varanasi,9,1,2,Car,Peak,8,Non-Veg,Luxury,63530
Dubai,11,5,3,Flight,Peak,15,Vegetarian,Moderate,785370
Singapore,4,7,2,Flight,Peak,5,Vegetarian,Budget,550640
Andaman,4,2,4,Flight,Shoulder,5,Non-Veg,Luxury,111560
Kerala,2,5,1,Flight,Off-Peak,2,Vegetarian,Moderate,69310
Bali,4,7,4,Flight,Off-Peak,4,Street Food,Budget,492520
Kerala,7,1,2,Flight,Peak,19,Non-Veg,Luxury,77080
Rishikesh,14,6,1,Flight,Peak,27,Vegetarian,Luxury,561830
Manali,11,4,2,Flight,Off-Peak,15,Street Food,Luxury,238880
Bali,2,1,1,Flight,Off-Peak,1,Non-Veg,Luxury,92020
Varanasi,8,2,4,Flight,Shoulder,13,Fine Dining,Luxury,192340
Rishikesh,13,6,3,Car,Shoulder,1,Street Food,Luxury,360290
Singapore,4,4,1,Flight,Shoulder,6,Non-Veg,Budget,308410
Manali,8,8,4,Car,Off-Peak,3,Fine Dining,Moderate,437830
Udaipur,13,5,2,Flight,Off-Peak,8,Fine Dining,Moderate,360290
Bali,13,2,1,Flight,Off-Peak,29,Street Food,Moderate,271820
Paris,8,6,1,Flight,Shoulder,6,Street Food,Luxury,1386200
Andaman,3,3,1,Bus,Peak,9,Vegetarian,Luxury,98540
Udaipur,10,1,4,Train,Off-Peak,20,Vegetarian,Budget,86400
Manali,12,2,4,Train,Off-Peak,29,Vegetarian,Moderate,158930
Udaipur,12,7,2,Flight,Peak,10,Non-Veg,Luxury,608340
Rishikesh,7,3,1,Bus,Shoulder,21,Fine Dining,Luxury,224020
Andaman,5,8,1,Flight,Peak,10,Fine Dining,Budget,289790
Goa,13,4,4,Bus,Peak,37,Non-Veg,Budget,443470
Manali,5,3,3,Flight,Off-Peak,11,Street Food,Moderate,96720
Kerala,9,5,1,Train,Off-Peak,7,Street Food,Moderate,104970
Manali,7,4,5,Flight,Peak,4,Fine Dining,Luxury,636100
Andaman,14,6,2,Train,Shoulder,19,Non-Veg,Moderate,446200
Singapore,5,6,1,Flight,Peak,8,Non-Veg,Moderate,575080
Varanasi,5,4,4,Car,Shoulder,11,Street Food,Moderate,117990
Andaman,11,8,4,Flight,Shoulder,33,Fine Dining,Luxury,1774820
Kerala,6,5,3,Bus,Peak,10,Street Food,Luxury,234660
Goa,8,3,5,Flight,Shoulder,18,Fine Dining,Budget,349520
Dubai,2,7,2,Flight,Shoulder,4,Street Food,Budget,358930
Jaipur,13,6,1,Train,Off-Peak,14,Fine Dining,Luxury,541630
Kerala,3,3,5,Flight,Shoulder,6,Vegetarian,Budget,109530
Jaipur,6,8,4,Train,Off-Peak,1,Fine Dining,Moderate,332230
Paris,11,8,2,Flight,Shoulder,8,Fine Dining,Luxury,2441260
Udaipur,2,4,2,Train,Off-Peak,2,Vegetarian,Moderate,30830
Dubai,4,4,2,Flight,Shoulder,11,Non-Veg,Luxury,468610
Bali,13,5,3,Flight,Peak,26,Street Food,Moderate,878350
Udaipur,2,7,2,Flight,Peak,6,Non-Veg,Luxury,199590
Goa,3,2,2,Bus,Peak,1,Vegetarian,Luxury,27780
Ladakh,10,5,2,Flight,Shoulder,25,Non-Veg,Budget,341420
Jaipur,8,8,5,Flight,Off-Peak,6,Street Food,Moderate,581610
Dubai,3,4,4,Flight,Peak,6,Fine Dining,Luxury,547230
Andaman,11,3,1,Train,Shoulder,27,Fine Dining,Luxury,408750
Goa,3,4,2,Flight,Shoulder,2,Non-Veg,Moderate,67880
Dubai,2,2,1,Flight,Shoulder,3,Street Food,Budget,94480
Singapore,10,1,5,Flight,Peak,7,Vegetarian,Moderate,519210
Manali,2,5,1,Flight,Peak,3,Street Food,Moderate,74800
Varanasi,3,4,3,Flight,Off-Peak,2,Fine Dining,Luxury,132520
Udaipur,6,8,3,Flight,Peak,7,Vegetarian,Luxury,459130
Manali,8,6,4,Flight,Peak,16,Street Food,Luxury,578740
Manali,11,1,2,Bus,Off-Peak,7,Street Food,Luxury,53320
Rishikesh,12,4,4,Train,Shoulder,6,Vegetarian,Moderate,260000
Andaman,8,7,1,Flight,Off-Peak,16,Street Food,Moderate,323210
Paris,13,4,2,Flight,Peak,27,Vegetarian,Moderate,1126460
Paris,7,1,3,Flight,Off-Peak,7,Fine Dining,Budget,173840
Dubai,10,2,5,Flight,Shoulder,14,Fine Dining,Moderate,529060
Rishikesh,7,4,3,Car,Peak,19,Non-Veg,Moderate,190830
Andaman,12,3,1,Train,Off-Peak,31,Fine Dining,Luxury,410770
Dubai,7,5,4,Flight,Shoulder,18,Street Food,Luxury,1148830
Goa,14,4,1,Flight,Off-Peak,22,Non-Veg,Budget,201930
Udaipur,4,8,4,Flight,Off-Peak,11,Non-Veg,Moderate,294890
Dubai,7,1,2,Flight,Shoulder,5,Fine Dining,Moderate,105240
Jaipur,2,8,2,Car,Peak,5,Street Food,Budget,74420
Goa,12,8,2,Train,Off-Peak,11,Street Food,Moderate,276700
Paris,14,2,1,Flight,Off-Peak,19,Non-Veg,Moderate,413680
Paris,9,7,2,Flight,Peak,25,Vegetarian,Budget,1458980
Manali,4,2,1,Bus,Off-Peak,5,Non-Veg,Budget,22040
Ladakh,9,4,1,Flight,Off-Peak,16,Street Food,Moderate,169300
Bali,14,7,1,Flight,Off-Peak,38,Street Food,Budget,865670
Paris,11,7,3,Flight,Shoulder,26,Street Food,Moderate,1873090
Bali,11,7,5,Flight,Peak,13,Fine Dining,Moderate,1994540
Bali,13,6,2,Flight,Peak,19,Non-Veg,Luxury,1171360
Paris,7,4,4,Flight,Off-Peak,7,Non-Veg,Budget,705440
Bali,3,5,2,Flight,Off-Peak,1,Street Food,Budget,269270
Ladakh,9,4,4,Flight,Peak,11,Street Food,Luxury,527200
Manali,7,1,1,Flight,Shoulder,5,Street Food,Budget,21460
Goa,4,7,3,Train,Off-Peak,4,Fine Dining,Moderate,184600
Bali,9,4,2,Flight,Shoulder,10,Non-Veg,Moderate,406170
Manali,11,3,1,Flight,Shoulder,31,Vegetarian,Moderate,165670
Paris,10,7,4,Flight,Shoulder,22,Non-Veg,Budget,1765190
Jaipur,3,8,2,Bus,Shoulder,7,Fine Dining,Budget,130010
Kerala,6,7,5,Flight,Off-Peak,6,Street Food,Luxury,645030
Goa,2,1,2,Flight,Shoulder,6,Vegetarian,Budget,16050
Paris,8,1,3,Flight,Peak,19,Vegetarian,Luxury,425900
Ladakh,5,3,4,Bus,Shoulder,11,Non-Veg,Luxury,222280
Dubai,13,4,2,Flight,Shoulder,27,Non-Veg,Moderate,640590
Singapore,5,1,1,Flight,Peak,1,Vegetarian,Luxury,114180
Bali,11,4,1,Flight,Off-Peak,29,Vegetarian,Luxury,699650
Ladakh,10,1,2,Train,Peak,11,Fine Dining,Budget,71910
Bali,14,3,5,Flight,Off-Peak,4,Non-Veg,Budget,695670
Paris,5,8,4,Flight,Shoulder,2,Non-Veg,Moderate,1345850
Rishikesh,12,1,5,Bus,Peak,9,Non-Veg,Luxury,384830
Rishikesh,3,6,5,Flight,Shoulder,5,Street Food,Budget,177940
Paris,5,2,1,Flight,Peak,6,Non-Veg,Luxury,448700
Jaipur,2,7,4,Car,Off-Peak,4,Fine Dining,Budget,94450
Bali,3,5,2,Flight,Off-Peak,7,Non-Veg,Moderate,408180
Paris,7,1,1,Flight,Shoulder,16,Street Food,Moderate,198120
Manali,10,8,4,Flight,Peak,22,Non-Veg,Moderate,777270
Andaman,10,6,1,Flight,Off-Peak,13,Non-Veg,Moderate,319260
Kerala,11,3,2,Flight,Shoulder,29,Vegetarian,Luxury,281720
Jaipur,9,7,1,Car,Shoulder,6,Non-Veg,Luxury,285470
Bali,12,1,4,Flight,Shoulder,16,Fine Dining,Luxury,371030
Kerala,7,6,5,Train,Shoulder,5,Street Food,Moderate,474360
Udaipur,8,5,1,Train,Peak,18,Fine Dining,Luxury,385460
Varanasi,2,2,3,Flight,Shoulder,1,Street Food,Moderate,26120
Bali,5,2,2,Flight,Off-Peak,14,Fine Dining,Moderate,202860
Manali,10,8,1,Train,Shoulder,17,Street Food,Budget,201180
Dubai,7,1,1,Flight,Off-Peak,20,Non-Veg,Moderate,113020
Paris,12,3,5,Flight,Shoulder,36,Street Food,Moderate,1769730
Goa,12,4,1,Bus,Off-Peak,13,Vegetarian,Budget,106540
Kerala,7,1,1,Train,Shoulder,21,Vegetarian,Moderate,34570
Bali,14,1,4,Flight,Off-Peak,42,Fine Dining,Budget,270940
Kerala,5,4,4,Train,Peak,11,Vegetarian,Moderate,162710
Goa,2,8,2,Flight,Peak,3,Non-Veg,Moderate,133710
Andaman,4,5,5,Train,Peak,8,Fine Dining,Budget,369200
Varanasi,9,2,3,Flight,Off-Peak,20,Fine Dining,Moderate,120980
Udaipur,6,1,4,Train,Shoulder,7,Fine Dining,Luxury,112210
Varanasi,5,5,3,Train,Shoulder,7,Street Food,Luxury,145360
Dubai,8,6,5,Flight,Peak,22,Fine Dining,Luxury,2292300
Ladakh,10,4,3,Train,Shoulder,21,Non-Veg,Moderate,296860
Jaipur,8,7,3,Train,Peak,5,Vegetarian,Luxury,388950
Udaipur,7,8,1,Car,Off-Peak,10,Non-Veg,Budget,190010
Dubai,8,4,3,Flight,Shoulder,8,Street Food,Luxury,587450
Rishikesh,2,6,1,Bus,Shoulder,3,Vegetarian,Moderate,49200
Goa,11,3,5,Flight,Shoulder,11,Vegetarian,Budget,414940
Ladakh,4,4,5,Flight,Shoulder,8,Non-Veg,Luxury,355110
Kerala,11,6,3,Train,Shoulder,1,Non-Veg,Luxury,400970
Manali,8,3,3,Train,Shoulder,4,Fine Dining,Budget,132810
Paris,13,1,3,Flight,Shoulder,2,Non-Veg,Luxury,366780
Jaipur,7,4,1,Flight,Shoulder,20,Fine Dining,Luxury,290570
Dubai,5,4,4,Flight,Off-Peak,14,Fine Dining,Budget,390080
Paris,13,2,1,Flight,Peak,16,Fine Dining,Luxury,641360
Kerala,8,6,2,Bus,Shoulder,5,Street Food,Luxury,192600
Kerala,14,6,1,Train,Off-Peak,24,Street Food,Budget,211740
Rishikesh,13,6,3,Flight,Peak,17,Street Food,Budget,363880
Dubai,3,4,3,Flight,Peak,2,Street Food,Luxury,382340
Ladakh,7,6,3,Bus,Peak,15,Vegetarian,Moderate,298040
Kerala,10,2,4,Train,Peak,15,Fine Dining,Moderate,197110
Kerala,3,6,4,Flight,Shoulder,3,Street Food,Moderate,149830
Kerala,14,7,1,Train,Off-Peak,8,Street Food,Moderate,198750
Bali,11,1,4,Flight,Off-Peak,15,Vegetarian,Luxury,288820
Jaipur,2,4,5,Train,Peak,4,Street Food,Budget,62140
Goa,13,6,5,Bus,Off-Peak,10,Non-Veg,Luxury,1115360
Andaman,9,4,1,Car,Peak,9,Non-Veg,Luxury,243220
Rishikesh,2,5,5,Flight,Peak,6,Fine Dining,Luxury,240630
Kerala,7,4,4,Flight,Peak,5,Non-Veg,Luxury,346150
Jaipur,6,3,4,Flight,Shoulder,15,Street Food,Moderate,153660
Bali,3,2,3,Flight,Shoulder,1,Fine Dining,Luxury,208330
Manali,10,4,3,Flight,Off-Peak,12,Non-Veg,Budget,175470
Dubai,12,3,5,Flight,Shoulder,31,Vegetarian,Luxury,1655870
Varanasi,2,7,2,Train,Peak,6,Street Food,Luxury,84500
Singapore,7,2,4,Flight,Peak,6,Vegetarian,Moderate,298620
Bali,3,1,5,Flight,Shoulder,4,Non-Veg,Budget,96110
Rishikesh,5,7,5,Bus,Shoulder,8,Non-Veg,Luxury,554880
Singapore,9,2,1,Flight,Shoulder,5,Street Food,Moderate,176250
Dubai,6,6,5,Flight,Off-Peak,3,Fine Dining,Budget,660840
Ladakh,7,1,1,Bus,Peak,1,Non-Veg,Luxury,36670
Singapore,10,4,5,Flight,Shoulder,18,Vegetarian,Budget,1027420
Ladakh,12,6,1,Flight,Shoulder,33,Street Food,Moderate,461510
Goa,5,1,3,Flight,Off-Peak,13,Non-Veg,Moderate,42510
Paris,9,6,3,Flight,Off-Peak,3,Non-Veg,Budget,902320
Rishikesh,10,2,1,Flight,Peak,27,Non-Veg,Moderate,115320
Goa,14,6,1,Flight,Shoulder,25,Vegetarian,Budget,288080
Kerala,4,1,1,Flight,Off-Peak,9,Non-Veg,Moderate,26420
Kerala,2,4,1,Bus,Off-Peak,4,Vegetarian,Luxury,45870
Andaman,5,7,1,Flight,Off-Peak,11,Vegetarian,Luxury,377280
Udaipur,5,7,5,Flight,Off-Peak,9,Fine Dining,Luxury,740190
Udaipur,4,1,1,Flight,Peak,2,Fine Dining,Luxury,43620
Singapore,2,8,1,Flight,Shoulder,1,Street Food,Budget,445750
Varanasi,14,1,5,Bus,Shoulder,7,Non-Veg,Budget,190300
Rishikesh,7,2,1,Bus,Off-Peak,3,Fine Dining,Luxury,84650
Ladakh,7,7,5,Train,Off-Peak,13,Fine Dining,Moderate,740330
Manali,11,3,4,Flight,Peak,16,Street Food,Moderate,327460
Singapore,3,7,2,Flight,Shoulder,4,Fine Dining,Moderate,587720
Paris,8,7,4,Flight,Off-Peak,8,Vegetarian,Moderate,1505130
Jaipur,9,2,2,Train,Off-Peak,16,Fine Dining,Budget,81720
Kerala,5,5,4,Car,Shoulder,5,Street Food,Moderate,170890
Andaman,5,4,1,Flight,Off-Peak,2,Vegetarian,Moderate,81340
Manali,12,5,2,Train,Peak,24,Non-Veg,Moderate,307380
Manali,11,7,5,Train,Peak,27,Fine Dining,Moderate,1282700
Ladakh,8,6,4,Train,Off-Peak,13,Street Food,Budget,289380
Rishikesh,10,4,1,Flight,Off-Peak,8,Street Food,Luxury,180200
Dubai,5,7,2,Flight,Off-Peak,14,Vegetarian,Moderate,664120
Kerala,13,3,5,Flight,Off-Peak,11,Street Food,Budget,407260
Bali,5,5,1,Flight,Peak,15,Fine Dining,Budget,439430
Dubai,4,2,1,Flight,Off-Peak,8,Non-Veg,Budget,125920
Ladakh,9,2,5,Flight,Peak,18,Vegetarian,Moderate,340300
Singapore,8,1,4,Flight,Shoulder,22,Street Food,Luxury,375210
Singapore,13,5,5,Flight,Shoulder,19,Street Food,Luxury,2924770
Varanasi,4,3,1,Train,Peak,5,Street Food,Moderate,35410
Varanasi,10,2,5,Train,Off-Peak,4,Vegetarian,Moderate,134750
Jaipur,12,6,4,Bus,Peak,27,Non-Veg,Budget,486140
Udaipur,7,6,4,Bus,Off-Peak,14,Vegetarian,Moderate,287880
Bali,8,4,4,Flight,Off-Peak,17,Vegetarian,Budget,445310
Jaipur,10,1,4,Train,Peak,23,Vegetarian,Budget,113510
Dubai,2,8,1,Flight,Shoulder,4,Fine Dining,Budget,442460
Paris,4,2,4,Flight,Peak,12,Non-Veg,Moderate,426170
Singapore,5,2,4,Flight,Off-Peak,14,Fine Dining,Moderate,293370
Singapore,2,5,5,Flight,Peak,2,Street Food,Luxury,684890
Varanasi,13,5,3,Train,Shoulder,33,Non-Veg,Moderate,328010
Jaipur,12,2,2,Train,Shoulder,14,Non-Veg,Budget,77420
Singapore,7,2,4,Flight,Shoulder,3,Non-Veg,Moderate,269870
Manali,12,5,4,Bus,Peak,7,Non-Veg,Luxury,687240
Singapore,2,2,5,Flight,Shoulder,2,Fine Dining,Moderate,179550
Jaipur,13,5,3,Flight,Shoulder,25,Non-Veg,Budget,328030
Goa,14,8,5,Flight,Off-Peak,22,Vegetarian,Luxury,1733110
Paris,12,5,3,Flight,Off-Peak,35,Street Food,Budget,1304070
Paris,2,3,1,Flight,Shoulder,4,Non-Veg,Moderate,404390
Singapore,3,7,4,Flight,Off-Peak,2,Vegetarian,Budget,499590
Bali,9,4,4,Flight,Shoulder,1,Street Food,Luxury,633430
Udaipur,12,4,3,Car,Off-Peak,12,Fine Dining,Budget,261600
Dubai,4,5,1,Flight,Off-Peak,10,Non-Veg,Budget,334170
Jaipur,4,4,4,Flight,Peak,2,Vegetarian,Luxury,189530
Ladakh,6,3,3,Bus,Off-Peak,9,Non-Veg,Luxury,173820
Goa,4,5,2,Bus,Shoulder,1,Fine Dining,Moderate,99190
Paris,3,2,5,Flight,Shoulder,2,Fine Dining,Moderate,370570
Goa,11,5,1,Flight,Shoulder,13,Vegetarian,Budget,174710
Varanasi,6,3,3,Bus,Peak,2,Non-Veg,Moderate,84720
Dubai,14,2,1,Flight,Off-Peak,13,Fine Dining,Moderate,261980
Ladakh,4,3,1,Train,Peak,4,Street Food,Moderate,48160
Andaman,11,7,5,Flight,Peak,23,Non-Veg,Budget,1451200
Manali,11,5,1,Bus,Off-Peak,13,Vegetarian,Luxury,233100
Singapore,14,5,2,Flight,Shoulder,42,Non-Veg,Moderate,1125830
Andaman,12,3,5,Train,Shoulder,27,Non-Veg,Budget,639230
Dubai,10,4,2,Flight,Shoulder,7,Street Food,Moderate,347780
Paris,10,7,4,Flight,Off-Peak,9,Vegetarian,Luxury,2455450
Singapore,7,5,2,Flight,Shoulder,8,Non-Veg,Moderate,593000
Kerala,10,6,3,Flight,Shoulder,7,Fine Dining,Budget,351750
Varanasi,4,6,5,Flight,Shoulder,11,Vegetarian,Budget,216240
Singapore,11,7,3,Flight,Shoulder,14,Fine Dining,Luxury,1799880
Udaipur,8,6,1,Flight,Peak,18,Non-Veg,Budget,215090
Bali,14,6,3,Flight,Peak,36,Street Food,Budget,986190
Ladakh,13,7,4,Train,Shoulder,28,Street Food,Luxury,1316190
Bali,6,8,1,Flight,Shoulder,4,Street Food,Luxury,888750
Dubai,2,7,5,Flight,Peak,1,Fine Dining,Luxury,789340
Manali,3,1,2,Bus,Shoulder,8,Vegetarian,Moderate,16430
Varanasi,8,7,3,Flight,Shoulder,3,Street Food,Budget,194530
Andaman,9,5,3,Train,Off-Peak,22,Non-Veg,Budget,301680
Jaipur,7,7,5,Train,Peak,9,Fine Dining,Budget,673990
Singapore,8,7,5,Flight,Peak,16,Fine Dining,Moderate,2174230
Paris,13,5,2,Flight,Off-Peak,28,Vegetarian,Moderate,1356440
Rishikesh,11,3,3,Bus,Peak,20,Vegetarian,Budget,172390
Dubai,5,6,4,Flight,Shoulder,12,Non-Veg,Moderate,711360
Ladakh,10,2,4,Bus,Peak,17,Fine Dining,Luxury,343070
Paris,8,1,4,Flight,Peak,11,Fine Dining,Budget,297050
Manali,2,2,2,Flight,Off-Peak,4,Fine Dining,Budget,35470
Bali,12,4,1,Flight,Shoulder,33,Fine Dining,Budget,583880
Paris,9,8,3,Flight,Off-Peak,13,Street Food,Budget,1428170
Andaman,7,7,2,Flight,Peak,14,Non-Veg,Moderate,385110
Ladakh,5,5,4,Train,Off-Peak,7,Non-Veg,Budget,165650
Manali,12,3,2,Flight,Shoulder,27,Vegetarian,Moderate,194930
Paris,2,8,2,Flight,Peak,4,Fine Dining,Moderate,1150030
Udaipur,9,7,2,Train,Peak,13,Non-Veg,Moderate,315440
Varanasi,13,1,5,Train,Off-Peak,39,Street Food,Moderate,175390
Udaipur,14,6,5,Flight,Shoulder,42,Non-Veg,Moderate,1313180
Paris,7,3,5,Flight,Shoulder,7,Street Food,Luxury,1403450
Ladakh,2,4,4,Flight,Shoulder,5,Street Food,Moderate,87980
Kerala,2,8,4,Train,Peak,3,Street Food,Moderate,99900
Manali,3,6,4,Bus,Off-Peak,4,Vegetarian,Luxury,134080
Singapore,2,1,5,Flight,Shoulder,6,Vegetarian,Moderate,116650
Varanasi,13,3,2,Train,Off-Peak,17,Fine Dining,Budget,167680
Singapore,7,7,3,Flight,Peak,11,Non-Veg,Budget,882970
Kerala,8,7,1,Train,Off-Peak,1,Vegetarian,Moderate,117240
Bali,13,2,1,Flight,Peak,16,Fine Dining,Luxury,430480
Dubai,7,7,1,Flight,Peak,20,Street Food,Moderate,825160
Manali,10,2,3,Train,Off-Peak,15,Fine Dining,Moderate,123440
Ladakh,13,5,4,Flight,Peak,33,Street Food,Luxury,1232930
Goa,6,8,5,Flight,Off-Peak,13,Non-Veg,Luxury,814890
Paris,7,3,3,Flight,Shoulder,11,Fine Dining,Budget,553340
Bali,3,5,2,Flight,Off-Peak,4,Non-Veg,Budget,312810
Bali,13,3,4,Flight,Shoulder,19,Vegetarian,Moderate,587100
Udaipur,12,4,5,Train,Peak,10,Vegetarian,Moderate,682060
Manali,5,2,5,Flight,Peak,5,Street Food,Moderate,128340
Jaipur,5,2,3,Train,Off-Peak,9,Fine Dining,Budget,51880
Ladakh,6,3,1,Flight,Off-Peak,9,Fine Dining,Budget,108000
Paris,12,3,2,Flight,Off-Peak,31,Non-Veg,Moderate,874040
Rishikesh,13,7,4,Flight,Shoulder,31,Fine Dining,Budget,787080
Jaipur,7,2,5,Train,Peak,5,Fine Dining,Luxury,281330
Ladakh,8,6,5,Bus,Shoulder,7,Fine Dining,Luxury,993190
Manali,9,6,3,Bus,Off-Peak,2,Fine Dining,Luxury,414560
Singapore,3,3,5,Flight,Shoulder,6,Fine Dining,Luxury,626390
Manali,8,8,3,Bus,Peak,7,Non-Veg,Budget,265650
Ladakh,10,2,5,Bus,Peak,24,Vegetarian,Budget,329350
Manali,6,7,2,Flight,Off-Peak,6,Fine Dining,Budget,219780
Bali,7,8,2,Flight,Peak,19,Vegetarian,Budget,722040
Varanasi,4,8,2,Flight,Peak,5,Street Food,Budget,125010
Manali,7,6,3,Flight,Peak,3,Fine Dining,Budget,242480
Goa,14,5,3,Flight,Shoulder,35,Vegetarian,Luxury,688710
Goa,11,7,3,Train,Shoulder,21,Fine Dining,Moderate,573810
Paris,8,4,3,Flight,Shoulder,10,Vegetarian,Luxury,1159960
Kerala,11,2,2,Flight,Off-Peak,18,Fine Dining,Budget,112070
Ladakh,12,2,5,Car,Peak,2,Street Food,Budget,329390
Paris,8,7,5,Flight,Peak,1,Vegetarian,Luxury,3754450
Dubai,4,3,3,Flight,Peak,12,Vegetarian,Moderate,300120
Andaman,10,3,2,Train,Off-Peak,26,Street Food,Moderate,216220
Andaman,4,7,5,Train,Shoulder,3,Vegetarian,Luxury,522640
Ladakh,9,2,1,Flight,Off-Peak,8,Non-Veg,Luxury,116240
Dubai,12,6,4,Flight,Peak,9,Street Food,Budget,982500
Kerala,4,1,1,Car,Off-Peak,8,Fine Dining,Luxury,37130
Udaipur,13,3,3,Bus,Off-Peak,30,Vegetarian,Budget,199730
Manali,6,6,2,Car,Peak,11,Vegetarian,Luxury,252960
Dubai,10,7,1,Flight,Shoulder,2,Fine Dining,Luxury,895050
Singapore,4,5,1,Flight,Shoulder,6,Fine Dining,Moderate,464900
Singapore,8,6,1,Flight,Off-Peak,19,Vegetarian,Moderate,821060
Dubai,10,6,4,Flight,Shoulder,23,Fine Dining,Budget,980980
Andaman,7,6,4,Bus,Peak,17,Street Food,Luxury,695440
Rishikesh,9,7,3,Flight,Off-Peak,20,Non-Veg,Budget,334780
Dubai,2,7,2,Flight,Peak,5,Vegetarian,Budget,399320
Singapore,13,4,5,Flight,Shoulder,1,Fine Dining,Moderate,1383860
Ladakh,12,8,1,Bus,Off-Peak,1,Non-Veg,Luxury,304480
Varanasi,3,5,5,Train,Shoulder,4,Non-Veg,Luxury,199280
Ladakh,3,2,3,Train,Off-Peak,1,Fine Dining,Budget,29510
Kerala,10,4,5,Flight,Peak,24,Street Food,Moderate,611530
Goa,11,6,2,Flight,Off-Peak,26,Street Food,Budget,279540
Ladakh,10,7,5,Train,Shoulder,27,Fine Dining,Moderate,1378330
Kerala,11,3,3,Bus,Off-Peak,12,Non-Veg,Luxury,243890
Paris,10,1,1,Flight,Off-Peak,7,Non-Veg,Budget,146070
Goa,8,6,4,Train,Shoulder,22,Street Food,Moderate,390940
Dubai,9,1,5,Flight,Shoulder,9,Fine Dining,Luxury,498590
Ladakh,13,5,5,Flight,Off-Peak,31,Fine Dining,Budget,923250
Varanasi,12,4,1,Car,Shoulder,23,Fine Dining,Luxury,348120
Rishikesh,13,8,3,Train,Shoulder,18,Vegetarian,Luxury,657750
Dubai,6,7,2,Flight,Shoulder,15,Fine Dining,Budget,708390
Dubai,3,8,4,Flight,Shoulder,6,Non-Veg,Moderate,649990
Varanasi,14,6,1,Bus,Off-Peak,28,Fine Dining,Budget,339570
Udaipur,10,7,2,Car,Peak,30,Vegetarian,Luxury,672840
Varanasi,13,3,1,Bus,Shoulder,13,Vegetarian,Budget,82060
Varanasi,11,8,2,Flight,Shoulder,10,Non-Veg,Luxury,459700
Rishikesh,14,4,3,Bus,Off-Peak,11,Street Food,Moderate,181840
Goa,11,5,4,Train,Peak,6,Vegetarian,Moderate,439340
Jaipur,5,5,5,Flight,Shoulder,14,Non-Veg,Moderate,357830
Varanasi,14,7,4,Car,Shoulder,7,Fine Dining,Moderate,717820
Andaman,2,6,2,Train,Shoulder,1,Street Food,Moderate,46420
Paris,8,3,4,Flight,Peak,2,Fine Dining,Luxury,1153730
Paris,14,5,5,Flight,Off-Peak,5,Vegetarian,Luxury,3172590
Paris,10,6,4,Flight,Shoulder,24,Non-Veg,Luxury,2636220
Goa,4,2,3,Car,Off-Peak,11,Non-Veg,Luxury,70410
Goa,12,8,4,Flight,Shoulder,36,Non-Veg,Budget,791070
Andaman,4,7,3,Flight,Off-Peak,6,Street Food,Moderate,213390
Ladakh,6,7,1,Flight,Off-Peak,1,Street Food,Moderate,128760
Singapore,11,2,5,Flight,Off-Peak,5,Street Food,Moderate,466200
Manali,4,5,3,Flight,Shoulder,10,Non-Veg,Moderate,149820
Manali,8,5,5,Train,Off-Peak,22,Non-Veg,Luxury,701300
Varanasi,12,8,3,Flight,Shoulder,23,Street Food,Moderate,411510
Goa,9,1,3,Flight,Off-Peak,20,Fine Dining,Luxury,128150
Jaipur,12,5,2,Car,Shoulder,35,Street Food,Luxury,396510
Varanasi,8,3,2,Train,Off-Peak,9,Vegetarian,Moderate,70340
Paris,5,5,1,Flight,Shoulder,4,Fine Dining,Luxury,1087110
Manali,2,1,1,Flight,Shoulder,6,Fine Dining,Moderate,21580
Jaipur,14,5,5,Car,Peak,5,Fine Dining,Luxury,1707000
Kerala,4,6,3,Train,Off-Peak,6,Street Food,Moderate,94840
Varanasi,6,8,3,Flight,Off-Peak,11,Fine Dining,Moderate,315510
Dubai,7,3,2,Flight,Peak,18,Fine Dining,Moderate,398350
Goa,14,6,4,Train,Shoulder,32,Fine Dining,Luxury,1132500
Andaman,8,1,2,Bus,Off-Peak,9,Vegetarian,Budget,36450
Jaipur,5,5,4,Flight,Peak,8,Vegetarian,Moderate,231550
Bali,9,2,3,Flight,Off-Peak,16,Street Food,Luxury,338110
Paris,5,5,1,Flight,Off-Peak,6,Fine Dining,Luxury,1110430
Goa,10,4,4,Car,Shoulder,23,Street Food,Budget,244670
Goa,5,7,1,Flight,Shoulder,6,Vegetarian,Luxury,244920
Singapore,3,8,1,Flight,Shoulder,8,Fine Dining,Luxury,1052130
Rishikesh,8,3,5,Flight,Off-Peak,4,Street Food,Luxury,338140
Paris,14,6,5,Flight,Peak,36,Street Food,Moderate,3748800
Jaipur,7,4,4,Train,Peak,12,Fine Dining,Luxury,386090
Andaman,2,8,1,Train,Peak,5,Non-Veg,Moderate,119500
Jaipur,5,6,1,Bus,Off-Peak,1,Vegetarian,Moderate,57590
Bali,9,5,2,Flight,Shoulder,21,Fine Dining,Luxury,977700
Andaman,12,4,3,Train,Off-Peak,27,Street Food,Budget,291540
Ladakh,10,1,2,Train,Off-Peak,1,Vegetarian,Moderate,38550
Jaipur,14,6,4,Bus,Off-Peak,10,Street Food,Budget,334090
Varanasi,4,7,2,Bus,Shoulder,10,Fine Dining,Luxury,240170
Manali,4,7,4,Car,Peak,2,Non-Veg,Luxury,293280
Jaipur,14,3,1,Flight,Off-Peak,11,Fine Dining,Budget,184560
Manali,3,8,5,Train,Peak,6,Fine Dining,Moderate,342540
Singapore,7,8,3,Flight,Off-Peak,21,Fine Dining,Moderate,1376690
Paris,5,3,3,Flight,Off-Peak,14,Fine Dining,Moderate,586960
Manali,3,2,5,Train,Off-Peak,6,Vegetarian,Budget,42490
Udaipur,5,1,3,Flight,Peak,9,Vegetarian,Luxury,72590
Udaipur,13,7,5,Flight,Peak,35,Fine Dining,Moderate,2036740
Ladakh,8,3,2,Flight,Peak,9,Non-Veg,Budget,129810
Ladakh,2,2,1,Flight,Peak,5,Non-Veg,Moderate,37680
Goa,10,8,4,Car,Shoulder,30,Street Food,Budget,570870
Goa,8,8,4,Flight,Off-Peak,8,Street Food,Moderate,379710
Bali,7,1,4,Flight,Shoulder,21,Street Food,Luxury,259830
Dubai,8,3,1,Flight,Shoulder,5,Vegetarian,Moderate,232690
Rishikesh,8,1,3,Flight,Shoulder,19,Non-Veg,Budget,56200
Dubai,4,7,3,Flight,Off-Peak,6,Street Food,Moderate,527460
Udaipur,6,2,5,Train,Shoulder,2,Fine Dining,Luxury,235710
Singapore,5,1,4,Flight,Shoulder,13,Vegetarian,Luxury,260590
Singapore,9,1,2,Flight,Shoulder,5,Fine Dining,Luxury,222320
Paris,11,8,1,Flight,Peak,5,Fine Dining,Luxury,2172040
Jaipur,8,3,5,Flight,Peak,15,Fine Dining,Budget,375420
Varanasi,5,2,5,Flight,Shoulder,12,Non-Veg,Moderate,111970
Andaman,14,1,2,Flight,Shoulder,37,Vegetarian,Luxury,187880
Udaipur,7,5,5,Flight,Off-Peak,8,Non-Veg,Moderate,448960
Singapore,10,5,2,Flight,Off-Peak,27,Vegetarian,Budget,716360
Udaipur,5,6,1,Train,Shoulder,15,Fine Dining,Moderate,215070
Singapore,13,6,1,Flight,Peak,11,Vegetarian,Moderate,720390
Singapore,14,2,2,Flight,Off-Peak,16,Non-Veg,Budget,263300
Varanasi,10,8,5,Train,Peak,11,Street Food,Budget,722930
Udaipur,3,8,1,Flight,Shoulder,7,Street Food,Budget,140920
Ladakh,3,3,3,Car,Off-Peak,7,Vegetarian,Moderate,64700
Andaman,6,4,5,Train,Peak,8,Street Food,Moderate,401100
Manali,14,8,4,Train,Off-Peak,28,Vegetarian,Budget,580280
Jaipur,6,6,5,Bus,Shoulder,8,Vegetarian,Luxury,530370
Singapore,5,1,2,Flight,Peak,3,Fine Dining,Luxury,168330
Paris,13,8,3,Flight,Shoulder,17,Fine Dining,Budget,1950290
Ladakh,10,5,5,Bus,Off-Peak,10,Street Food,Luxury,944260
Manali,10,2,3,Flight,Shoulder,28,Fine Dining,Budget,142010
Udaipur,11,6,5,Train,Shoulder,31,Street Food,Budget,727540
Goa,9,8,4,Flight,Shoulder,12,Fine Dining,Luxury,1026710
Andaman,7,8,2,Train,Shoulder,5,Non-Veg,Moderate,250340
Jaipur,6,6,3,Car,Off-Peak,1,Non-Veg,Luxury,177700
Rishikesh,6,7,5,Bus,Off-Peak,14,Vegetarian,Moderate,420300
Bali,13,3,4,Flight,Peak,14,Non-Veg,Moderate,698320
Udaipur,2,8,4,Bus,Shoulder,5,Fine Dining,Moderate,134930
Dubai,5,7,2,Flight,Shoulder,4,Street Food,Moderate,493370
Paris,14,8,1,Flight,Off-Peak,6,Vegetarian,Moderate,1370150
Varanasi,3,3,5,Train,Peak,3,Vegetarian,Moderate,102090
Dubai,4,5,2,Flight,Peak,4,Non-Veg,Luxury,545610
Jaipur,2,3,2,Train,Peak,3,Fine Dining,Moderate,36710
Andaman,13,1,4,Train,Shoulder,15,Vegetarian,Moderate,181460
Dubai,4,4,3,Flight,Shoulder,9,Street Food,Moderate,342270
Bali,6,2,2,Flight,Off-Peak,11,Non-Veg,Moderate,189210
Goa,2,7,3,Flight,Off-Peak,3,Fine Dining,Luxury,204630
Varanasi,5,2,1,Car,Off-Peak,13,Vegetarian,Moderate,33570
Varanasi,6,3,5,Bus,Shoulder,8,Street Food,Moderate,191810
Ladakh,4,6,3,Bus,Shoulder,9,Street Food,Luxury,226930
Udaipur,10,7,1,Train,Peak,8,Non-Veg,Budget,196700
Manali,9,1,1,Train,Off-Peak,11,Street Food,Moderate,28930
Bali,14,3,5,Flight,Shoulder,37,Street Food,Budget,948970
Rishikesh,9,4,1,Flight,Peak,26,Fine Dining,Luxury,410790
Andaman,4,2,4,Car,Off-Peak,7,Fine Dining,Moderate,78920
Goa,5,4,2,Train,Off-Peak,1,Street Food,Budget,38520
Manali,13,1,2,Train,Shoulder,22,Vegetarian,Budget,58030
Kerala,12,3,1,Flight,Shoulder,24,Fine Dining,Moderate,242510
Manali,8,5,5,Train,Peak,22,Vegetarian,Budget,570630
Ladakh,8,7,2,Bus,Shoulder,21,Vegetarian,Budget,308010
Andaman,12,8,3,Flight,Peak,15,Street Food,Budget,572230
Singapore,7,5,5,Flight,Peak,7,Vegetarian,Luxury,2037580
Rishikesh,9,3,2,Train,Peak,13,Vegetarian,Moderate,119250
Manali,6,6,4,Car,Peak,8,Non-Veg,Moderate,281660
Ladakh,13,6,5,Train,Off-Peak,30,Vegetarian,Budget,861330
Paris,3,7,4,Flight,Off-Peak,8,Non-Veg,Budget,997570
Varanasi,3,3,1,Flight,Off-Peak,3,Fine Dining,Budget,52330
Paris,4,8,1,Flight,Shoulder,10,Non-Veg,Moderate,1284240
Rishikesh,4,2,3,Train,Off-Peak,6,Fine Dining,Budget,42500
Jaipur,14,8,1,Flight,Peak,2,Street Food,Moderate,275630
Udaipur,6,2,3,Car,Shoulder,18,Street Food,Budget,66440
Kerala,8,3,3,Train,Off-Peak,18,Non-Veg,Luxury,193210
Ladakh,12,8,4,Flight,Off-Peak,28,Street Food,Moderate,827060
Singapore,6,5,2,Flight,Off-Peak,10,Non-Veg,Luxury,839160
Ladakh,11,8,5,Train,Off-Peak,25,Fine Dining,Moderate,1267430
Andaman,14,5,2,Bus,Off-Peak,42,Vegetarian,Budget,452830
Bali,2,4,3,Flight,Off-Peak,6,Vegetarian,Luxury,408280
Ladakh,9,7,1,Train,Off-Peak,2,Fine Dining,Budget,239120
Andaman,13,6,4,Flight,Shoulder,9,Fine Dining,Budget,674900
Paris,14,3,2,Flight,Shoulder,17,Non-Veg,Budget,606040
Singapore,11,4,1,Flight,Off-Peak,6,Fine Dining,Luxury,757950
Manali,12,6,2,Train,Peak,8,Street Food,Budget,196780
Andaman,6,2,3,Train,Shoulder,14,Vegetarian,Budget,79240
Rishikesh,6,3,5,Bus,Peak,11,Fine Dining,Moderate,320480
Kerala,4,4,3,Train,Off-Peak,7,Street Food,Moderate,72070
Manali,7,4,5,Flight,Peak,6,Street Food,Budget,316980
Udaipur,13,4,4,Flight,Peak,13,Non-Veg,Luxury,703640
Bali,2,1,4,Flight,Shoulder,4,Street Food,Budget,68850
Dubai,6,5,2,Flight,Shoulder,17,Street Food,Budget,469960
Paris,7,6,3,Flight,Off-Peak,2,Fine Dining,Budget,871330
Manali,8,8,5,Flight,Off-Peak,24,Vegetarian,Luxury,1024080
Varanasi,14,5,5,Flight,Peak,20,Non-Veg,Luxury,1427440
Bali,2,5,3,Flight,Peak,6,Non-Veg,Luxury,534370
Rishikesh,9,4,3,Train,Peak,27,Vegetarian,Budget,204730
Udaipur,5,5,3,Flight,Off-Peak,4,Vegetarian,Budget,126960
Andaman,6,2,2,Flight,Shoulder,9,Vegetarian,Luxury,112300
Varanasi,5,8,2,Flight,Peak,6,Vegetarian,Moderate,193640
Andaman,2,3,2,Bus,Shoulder,1,Vegetarian,Moderate,23560
Varanasi,7,6,5,Bus,Peak,19,Fine Dining,Luxury,858990
Goa,6,3,2,Bus,Off-Peak,10,Fine Dining,Moderate,107940
Manali,11,3,3,Bus,Peak,9,Fine Dining,Budget,206430
Goa,9,2,5,Flight,Peak,27,Fine Dining,Budget,275530
Paris,5,5,5,Flight,Shoulder,15,Vegetarian,Luxury,2079270
Udaipur,3,6,4,Bus,Shoulder,6,Street Food,Budget,107890
Andaman,8,4,2,Car,Off-Peak,21,Non-Veg,Moderate,230560
Goa,14,7,1,Train,Peak,5,Fine Dining,Luxury,648850
Varanasi,4,1,1,Train,Peak,6,Vegetarian,Moderate,13400
Varanasi,11,7,5,Bus,Off-Peak,27,Street Food,Moderate,694690
Ladakh,5,4,4,Flight,Off-Peak,1,Vegetarian,Budget,108730
Ladakh,14,7,1,Bus,Off-Peak,14,Non-Veg,Moderate,374610
Rishikesh,10,2,5,Train,Peak,9,Street Food,Luxury,321030
Jaipur,10,2,4,Car,Shoulder,23,Fine Dining,Budget,153420
Dubai,7,7,5,Flight,Peak,12,Vegetarian,Luxury,2337700
Varanasi,8,3,4,Train,Off-Peak,2,Vegetarian,Moderate,125120
Paris,9,3,1,Flight,Off-Peak,21,Vegetarian,Luxury,932220
Ladakh,9,3,2,Train,Shoulder,14,Fine Dining,Budget,171270
Jaipur,13,1,5,Flight,Shoulder,39,Street Food,Luxury,394750
Bali,12,6,1,Flight,Off-Peak,17,Fine Dining,Moderate,808860
Jaipur,8,8,1,Flight,Shoulder,9,Vegetarian,Moderate,226260
Rishikesh,13,7,4,Flight,Off-Peak,22,Street Food,Budget,491050
Ladakh,7,7,1,Flight,Off-Peak,12,Street Food,Budget,229360
Jaipur,14,2,5,Flight,Off-Peak,42,Street Food,Budget,248430
Kerala,2,1,2,Flight,Shoulder,4,Fine Dining,Budget,17590
Udaipur,13,8,4,Bus,Peak,13,Vegetarian,Moderate,867170
Rishikesh,9,2,5,Bus,Shoulder,4,Fine Dining,Moderate,200340
Dubai,4,1,1,Flight,Peak,5,Vegetarian,Budget,63530
Ladakh,7,6,1,Train,Shoulder,10,Vegetarian,Luxury,268440
Paris,2,4,5,Flight,Shoulder,4,Street Food,Budget,517040
Udaipur,4,5,4,Flight,Peak,1,Non-Veg,Moderate,193090
Jaipur,14,1,1,Flight,Peak,19,Non-Veg,Moderate,60970
Ladakh,11,4,1,Train,Off-Peak,18,Vegetarian,Moderate,196930
Bali,12,7,3,Flight,Shoulder,27,Street Food,Budget,912020
Udaipur,13,4,3,Flight,Off-Peak,25,Non-Veg,Budget,254810
Udaipur,14,6,4,Flight,Peak,9,Non-Veg,Budget,607900
Ladakh,2,6,4,Train,Shoulder,1,Non-Veg,Moderate,70210
Varanasi,10,1,3,Flight,Off-Peak,28,Non-Veg,Luxury,96610
Goa,7,2,4,Flight,Peak,18,Vegetarian,Budget,114500
Kerala,9,5,3,Train,Off-Peak,2,Street Food,Budget,128940
Varanasi,4,8,4,Train,Off-Peak,5,Fine Dining,Moderate,202230
Kerala,4,5,5,Flight,Off-Peak,9,Street Food,Budget,216510
Jaipur,9,4,4,Flight,Shoulder,2,Non-Veg,Budget,204840
Manali,10,1,2,Flight,Shoulder,21,Vegetarian,Moderate,62020
Bali,14,4,5,Flight,Shoulder,1,Street Food,Budget,753090
Udaipur,14,2,5,Train,Off-Peak,8,Vegetarian,Luxury,416070
Bali,4,6,4,Flight,Off-Peak,11,Non-Veg,Moderate,596450
Andaman,10,4,3,Flight,Peak,8,Fine Dining,Budget,287920
Jaipur,14,2,5,Flight,Off-Peak,41,Vegetarian,Moderate,277460
Varanasi,3,4,2,Flight,Peak,8,Vegetarian,Moderate,74680
Goa,10,6,4,Flight,Off-Peak,9,Vegetarian,Moderate,371460
Ladakh,12,8,5,Flight,Peak,13,Vegetarian,Moderate,1728340
Varanasi,14,7,3,Flight,Peak,10,Street Food,Moderate,435810
Udaipur,11,5,1,Train,Shoulder,2,Non-Veg,Budget,130490
Udaipur,6,5,5,Train,Off-Peak,17,Street Food,Budget,326140
Jaipur,5,2,2,Flight,Off-Peak,5,Vegetarian,Budget,38980
Andaman,6,2,1,Bus,Peak,8,Non-Veg,Moderate,59110
Udaipur,7,4,1,Train,Off-Peak,2,Fine Dining,Moderate,126780
Andaman,5,2,1,Flight,Off-Peak,10,Street Food,Luxury,91190
Andaman,14,2,2,Flight,Shoulder,3,Street Food,Moderate,89470
Ladakh,9,5,5,Flight,Off-Peak,10,Street Food,Luxury,891260
Rishikesh,11,5,5,Flight,Peak,30,Vegetarian,Luxury,1272390
Singapore,3,1,1,Flight,Shoulder,8,Vegetarian,Budget,78060
Singapore,5,8,3,Flight,Off-Peak,15,Fine Dining,Luxury,1494270
Jaipur,2,8,5,Flight,Peak,4,Vegetarian,Luxury,306590
Andaman,2,1,3,Train,Peak,1,Fine Dining,Moderate,17330
Singapore,7,6,5,Flight,Shoulder,15,Fine Dining,Budget,1181530
Dubai,12,5,5,Flight,Off-Peak,27,Fine Dining,Moderate,1696780
Jaipur,11,2,4,Bus,Peak,14,Non-Veg,Moderate,161190
Goa,14,1,3,Train,Off-Peak,38,Non-Veg,Moderate,107250
Varanasi,5,7,1,Car,Off-Peak,8,Street Food,Budget,79140
Udaipur,5,5,4,Train,Peak,5,Street Food,Luxury,323610
Jaipur,14,6,5,Flight,Shoulder,16,Non-Veg,Moderate,967290
Andaman,10,8,1,Flight,Peak,30,Non-Veg,Moderate,657800
Singapore,3,8,5,Flight,Shoulder,8,Vegetarian,Moderate,942280
Varanasi,10,2,4,Bus,Shoulder,15,Non-Veg,Budget,100640
Manali,8,3,3,Flight,Off-Peak,19,Non-Veg,Moderate,163250
Andaman,6,7,2,Bus,Off-Peak,15,Vegetarian,Budget,249940
Dubai,12,6,3,Flight,Shoulder,1,Non-Veg,Luxury,959110
Ladakh,12,3,4,Train,Peak,35,Street Food,Moderate,530000
Bali,4,6,3,Flight,Peak,10,Vegetarian,Moderate,513480
Kerala,8,1,1,Flight,Peak,4,Vegetarian,Budget,29970
Andaman,3,7,1,Bus,Shoulder,4,Fine Dining,Moderate,143810
Paris,11,2,2,Flight,Peak,15,Vegetarian,Budget,377490
Rishikesh,10,3,2,Train,Shoulder,22,Street Food,Luxury,214390
Singapore,12,7,4,Flight,Peak,13,Non-Veg,Budget,1475830
Dubai,6,2,4,Flight,Off-Peak,15,Non-Veg,Luxury,376090
Varanasi,7,7,1,Train,Peak,3,Non-Veg,Budget,106250
Jaipur,14,2,5,Train,Shoulder,19,Vegetarian,Moderate,293470
Dubai,12,4,1,Flight,Peak,13,Street Food,Moderate,429640
Paris,12,7,5,Flight,Peak,28,Non-Veg,Moderate,4386980
Bali,11,2,4,Flight,Shoulder,28,Fine Dining,Budget,356920
Kerala,5,2,5,Train,Off-Peak,3,Fine Dining,Budget,94840
Rishikesh,4,7,4,Car,Peak,7,Non-Veg,Moderate,242840
Bali,11,6,2,Flight,Peak,21,Non-Veg,Luxury,1143850
Ladakh,6,5,5,Flight,Peak,14,Street Food,Luxury,865960
Manali,3,5,2,Flight,Shoulder,5,Vegetarian,Luxury,145490
Goa,7,8,4,Flight,Shoulder,11,Fine Dining,Luxury,821340
Singapore,13,1,4,Flight,Off-Peak,11,Street Food,Luxury,398350
Bali,2,3,3,Flight,Off-Peak,1,Non-Veg,Budget,169040
Ladakh,8,4,4,Flight,Shoulder,6,Street Food,Moderate,259930
Jaipur,4,4,3,Train,Peak,9,Vegetarian,Budget,74140
Varanasi,12,8,4,Bus,Off-Peak,30,Non-Veg,Luxury,800670
Udaipur,11,6,3,Flight,Off-Peak,10,Fine Dining,Luxury,638840
Dubai,3,2,1,Flight,Shoulder,4,Street Food,Moderate,113380
Paris,10,7,2,Flight,Shoulder,13,Street Food,Moderate,1325200
Kerala,7,5,2,Flight,Peak,1,Vegetarian,Moderate,151950
Jaipur,2,3,5,Car,Off-Peak,3,Non-Veg,Luxury,79280
Kerala,14,2,1,Bus,Off-Peak,34,Non-Veg,Budget,93040
Udaipur,5,7,3,Bus,Shoulder,9,Fine Dining,Budget,215630
Udaipur,4,1,1,Train,Peak,9,Fine Dining,Budget,25100
Ladakh,12,2,4,Train,Peak,32,Street Food,Budget,236520
Varanasi,3,3,5,Train,Shoulder,6,Fine Dining,Budget,92270
Goa,2,6,1,Flight,Peak,5,Fine Dining,Luxury,181410
Ladakh,13,3,2,Flight,Peak,14,Vegetarian,Budget,187050
Goa,9,3,2,Flight,Peak,5,Non-Veg,Budget,118370
Jaipur,12,5,2,Bus,Off-Peak,18,Non-Veg,Moderate,219810
Jaipur,11,2,4,Bus,Peak,2,Vegetarian,Moderate,145360
Jaipur,3,7,4,Train,Off-Peak,8,Fine Dining,Budget,146410
Goa,6,6,3,Car,Peak,1,Street Food,Budget,126090
Ladakh,11,8,1,Flight,Off-Peak,19,Fine Dining,Luxury,875570
Goa,3,6,1,Train,Shoulder,3,Street Food,Luxury,76200
Goa,11,3,3,Flight,Shoulder,1,Fine Dining,Budget,197130
Singapore,8,7,1,Flight,Off-Peak,24,Non-Veg,Budget,867430
Kerala,13,6,3,Flight,Peak,11,Non-Veg,Luxury,675220
Rishikesh,2,6,5,Bus,Peak,4,Street Food,Luxury,155720
Varanasi,6,1,3,Train,Shoulder,6,Fine Dining,Luxury,64290
Jaipur,11,6,1,Bus,Peak,8,Fine Dining,Budget,265760
Varanasi,10,7,2,Train,Off-Peak,18,Non-Veg,Moderate,230120
Manali,9,5,5,Train,Peak,1,Fine Dining,Moderate,748040
Rishikesh,14,1,5,Train,Off-Peak,28,Vegetarian,Moderate,226320
Kerala,4,4,3,Car,Shoulder,12,Fine Dining,Luxury,198160
Bali,4,1,3,Flight,Off-Peak,6,Street Food,Moderate,83380
Udaipur,11,2,1,Train,Shoulder,15,Vegetarian,Luxury,103380
Varanasi,9,7,2,Flight,Shoulder,11,Vegetarian,Budget,215480
Goa,10,6,5,Train,Peak,26,Vegetarian,Moderate,936340
Kerala,4,2,2,Flight,Off-Peak,9,Street Food,Budget,36970
Rishikesh,5,5,4,Flight,Off-Peak,2,Non-Veg,Luxury,242280
Bali,10,4,1,Flight,Off-Peak,30,Street Food,Moderate,496380
Manali,13,2,2,Train,Off-Peak,39,Street Food,Luxury,178280
Bali,4,8,1,Flight,Off-Peak,6,Street Food,Budget,521790
Jaipur,5,8,5,Bus,Off-Peak,6,Non-Veg,Luxury,480480
Dubai,10,7,5,Flight,Off-Peak,4,Fine Dining,Budget,1386860
Udaipur,8,4,1,Train,Off-Peak,1,Vegetarian,Moderate,64240
Bali,6,5,3,Flight,Shoulder,15,Fine Dining,Moderate,586580
Goa,9,7,5,Car,Peak,24,Street Food,Budget,885930
Singapore,7,5,2,Flight,Shoulder,15,Fine Dining,Luxury,995750
Andaman,2,5,2,Flight,Off-Peak,5,Non-Veg,Luxury,156570
Dubai,12,1,4,Flight,Off-Peak,28,Fine Dining,Luxury,436000
Udaipur,10,4,4,Flight,Off-Peak,26,Vegetarian,Moderate,326770
Ladakh,5,5,1,Train,Off-Peak,4,Vegetarian,Moderate,85250
Manali,14,8,4,Car,Peak,41,Non-Veg,Moderate,1070060
Dubai,12,1,4,Flight,Off-Peak,35,Non-Veg,Moderate,288370
Kerala,5,4,5,Flight,Peak,4,Non-Veg,Moderate,296960
Bali,7,3,5,Flight,Shoulder,2,Non-Veg,Budget,415890
Kerala,12,7,3,Flight,Shoulder,16,Fine Dining,Luxury,938040
Varanasi,14,2,3,Train,Peak,17,Vegetarian,Budget,92980
Kerala,5,5,4,Train,Shoulder,7,Fine Dining,Budget,203770
Paris,7,6,3,Flight,Shoulder,15,Vegetarian,Budget,989550
Andaman,3,8,3,Flight,Shoulder,5,Fine Dining,Moderate,260130
Singapore,9,7,1,Flight,Peak,4,Non-Veg,Luxury,1039510
Dubai,4,8,1,Flight,Shoulder,6,Vegetarian,Moderate,560980
Manali,4,3,2,Car,Off-Peak,11,Non-Veg,Luxury,101640
Goa,7,7,3,Flight,Off-Peak,12,Non-Veg,Luxury,410220
Ladakh,7,6,3,Bus,Shoulder,19,Fine Dining,Budget,326270
Andaman,5,6,4,Flight,Shoulder,8,Fine Dining,Budget,299860
Kerala,9,7,2,Train,Off-Peak,2,Fine Dining,Luxury,452270
Goa,2,3,2,Flight,Shoulder,6,Non-Veg,Moderate,60170
Bali,2,3,2,Flight,Peak,1,Street Food,Moderate,199850
Dubai,2,7,1,Flight,Shoulder,5,Vegetarian,Moderate,437150
Udaipur,2,2,3,Train,Peak,1,Vegetarian,Budget,15330
Jaipur,6,5,5,Flight,Shoulder,16,Non-Veg,Budget,348610
Paris,3,4,2,Flight,Off-Peak,4,Vegetarian,Luxury,795860
Bali,8,3,1,Flight,Peak,11,Non-Veg,Budget,251070
Kerala,4,7,1,Bus,Off-Peak,3,Non-Veg,Luxury,116840
Udaipur,9,5,2,Train,Peak,11,Fine Dining,Luxury,435350
Udaipur,13,8,2,Bus,Peak,4,Street Food,Budget,257760
Paris,12,1,1,Flight,Peak,27,Vegetarian,Moderate,256940
Paris,8,6,5,Flight,Off-Peak,11,Non-Veg,Luxury,2637450
Udaipur,8,1,5,Flight,Off-Peak,1,Street Food,Moderate,137110
Paris,12,5,3,Flight,Peak,24,Street Food,Budget,1260590
Udaipur,13,5,4,Train,Off-Peak,17,Vegetarian,Moderate,433780
Paris,13,5,4,Flight,Shoulder,31,Street Food,Moderate,1996890
Goa,8,2,2,Car,Off-Peak,17,Street Food,Budget,57250
Kerala,8,1,5,Flight,Peak,13,Vegetarian,Luxury,320040
Andaman,6,2,4,Flight,Shoulder,7,Street Food,Budget,93900
Andaman,2,6,4,Train,Shoulder,5,Vegetarian,Budget,89230
Dubai,8,7,3,Flight,Shoulder,19,Fine Dining,Luxury,1430360
Udaipur,11,4,1,Bus,Shoulder,9,Fine Dining,Budget,189030
Dubai,12,5,1,Flight,Shoulder,2,Vegetarian,Luxury,575610
Bali,10,5,5,Flight,Peak,17,Street Food,Budget,1221160
Manali,9,1,5,Bus,Off-Peak,13,Street Food,Budget,113710
Goa,9,8,1,Train,Peak,16,Fine Dining,Budget,347550
Jaipur,8,6,4,Train,Shoulder,23,Non-Veg,Luxury,550090
Andaman,3,1,3,Car,Peak,1,Vegetarian,Budget,20300
Goa,3,8,5,Train,Peak,3,Vegetarian,Moderate,259440
Varanasi,12,5,5,Train,Off-Peak,15,Non-Veg,Budget,438730
Dubai,4,8,3,Flight,Off-Peak,10,Street Food,Moderate,676090
Dubai,13,6,2,Flight,Off-Peak,28,Fine Dining,Luxury,1614050
Udaipur,13,5,3,Bus,Peak,23,Non-Veg,Moderate,459440
Dubai,11,5,2,Flight,Peak,19,Vegetarian,Moderate,678010
Varanasi,14,4,4,Flight,Off-Peak,24,Vegetarian,Budget,245910
Singapore,11,4,4,Flight,Shoulder,26,Street Food,Moderate,937800
Paris,12,7,1,Flight,Off-Peak,21,Fine Dining,Moderate,1736580
Singapore,14,8,3,Flight,Off-Peak,3,Fine Dining,Luxury,1818130
Paris,8,2,3,Flight,Shoulder,19,Vegetarian,Luxury,620250
Singapore,7,7,2,Flight,Shoulder,2,Fine Dining,Moderate,725940
Varanasi,2,7,2,Flight,Shoulder,2,Fine Dining,Budget,110460
Paris,11,2,1,Flight,Peak,6,Vegetarian,Luxury,484040
Singapore,13,2,5,Flight,Shoulder,27,Street Food,Luxury,1103750
Dubai,13,6,5,Flight,Peak,11,Vegetarian,Budget,1706890
Bali,8,2,5,Flight,Off-Peak,7,Vegetarian,Luxury,429890
Paris,5,5,5,Flight,Peak,15,Vegetarian,Budget,1270160
Andaman,6,3,3,Train,Shoulder,5,Vegetarian,Moderate,113180
Ladakh,10,3,5,Train,Shoulder,30,Vegetarian,Luxury,865150
Manali,14,5,4,Car,Shoulder,39,Fine Dining,Moderate,721960
Goa,6,3,5,Flight,Shoulder,4,Street Food,Luxury,367490
Ladakh,12,8,2,Flight,Shoulder,6,Street Food,Budget,308410
Rishikesh,2,5,3,Bus,Off-Peak,2,Street Food,Moderate,38690
Andaman,11,8,5,Car,Off-Peak,30,Street Food,Moderate,1238090
Varanasi,10,5,4,Bus,Peak,8,Fine Dining,Budget,358040
Bali,4,4,4,Flight,Peak,12,Fine Dining,Luxury,657790
Paris,9,6,1,Flight,Off-Peak,19,Non-Veg,Moderate,1200000
Jaipur,10,1,1,Flight,Shoulder,27,Fine Dining,Moderate,70520
Jaipur,8,6,4,Flight,Peak,12,Street Food,Luxury,570530
Kerala,13,3,2,Bus,Peak,30,Vegetarian,Luxury,298320
Bali,6,1,3,Flight,Peak,4,Street Food,Budget,87350
Kerala,9,5,2,Flight,Peak,27,Street Food,Luxury,389690
Dubai,13,8,1,Flight,Off-Peak,27,Non-Veg,Moderate,1114180
Varanasi,8,4,1,Bus,Peak,5,Vegetarian,Budget,61320
Goa,9,3,5,Car,Off-Peak,25,Vegetarian,Moderate,359140
Varanasi,13,5,3,Train,Off-Peak,22,Street Food,Moderate,220960
Andaman,7,5,1,Train,Peak,6,Non-Veg,Moderate,143900
Kerala,12,7,4,Train,Shoulder,18,Street Food,Luxury,949590
Bali,10,5,2,Flight,Off-Peak,17,Non-Veg,Luxury,881540
Ladakh,9,1,3,Flight,Peak,3,Non-Veg,Luxury,116220
Bali,10,8,1,Flight,Off-Peak,25,Non-Veg,Budget,859310
Goa,5,7,4,Train,Shoulder,3,Street Food,Luxury,313630
Andaman,4,7,5,Train,Shoulder,3,Street Food,Budget,313210
Paris,8,1,2,Flight,Peak,1,Street Food,Moderate,180010
Ladakh,9,2,1,Flight,Off-Peak,18,Non-Veg,Budget,87060
Dubai,7,6,4,Flight,Peak,11,Street Food,Budget,681940
Dubai,4,8,4,Flight,Off-Peak,12,Vegetarian,Budget,648890
Jaipur,7,6,5,Train,Peak,5,Street Food,Budget,432620
Dubai,4,3,5,Flight,Shoulder,8,Vegetarian,Moderate,414430
Singapore,6,1,2,Flight,Shoulder,11,Fine Dining,Moderate,143460
Rishikesh,11,4,5,Bus,Shoulder,3,Fine Dining,Budget,392170
Udaipur,10,2,3,Bus,Shoulder,21,Fine Dining,Moderate,159220
Udaipur,5,7,3,Flight,Peak,5,Fine Dining,Luxury,463300
Ladakh,13,7,4,Train,Peak,12,Non-Veg,Luxury,1450790
Paris,4,5,5,Flight,Off-Peak,6,Fine Dining,Luxury,1530590
Paris,9,1,1,Flight,Off-Peak,14,Non-Veg,Budget,169370
Ladakh,7,5,2,Flight,Peak,16,Street Food,Budget,225910
Bali,7,4,1,Flight,Peak,5,Vegetarian,Budget,284800
Jaipur,11,1,1,Flight,Off-Peak,32,Vegetarian,Moderate,51360
Jaipur,5,6,4,Train,Peak,6,Vegetarian,Budget,176560
Goa,3,6,2,Flight,Shoulder,4,Fine Dining,Moderate,148300
Kerala,12,8,4,Flight,Shoulder,5,Fine Dining,Moderate,827750
Andaman,12,6,4,Train,Off-Peak,19,Fine Dining,Moderate,716180
Varanasi,11,6,3,Flight,Shoulder,21,Non-Veg,Luxury,475760
Kerala,11,2,4,Flight,Off-Peak,24,Fine Dining,Budget,175490
Bali,7,3,3,Flight,Peak,12,Non-Veg,Budget,320570
Dubai,14,3,1,Flight,Shoulder,42,Fine Dining,Budget,569850
Bali,12,3,1,Flight,Shoulder,24,Street Food,Moderate,378380
Varanasi,4,1,2,Flight,Off-Peak,3,Street Food,Luxury,27170
Bali,6,8,2,Flight,Peak,17,Non-Veg,Moderate,904190
Jaipur,13,6,2,Flight,Peak,11,Fine Dining,Moderate,434930
Paris,4,4,4,Flight,Peak,5,Vegetarian,Luxury,995510
Kerala,14,2,5,Car,Shoulder,11,Fine Dining,Moderate,386800
Bali,11,1,1,Flight,Shoulder,31,Fine Dining,Budget,133720
Dubai,5,3,3,Flight,Shoulder,7,Vegetarian,Budget,227820
Bali,3,2,2,Flight,Shoulder,4,Fine Dining,Luxury,228510
Udaipur,3,4,2,Train,Off-Peak,7,Non-Veg,Moderate,62860
Andaman,3,3,4,Flight,Peak,2,Vegetarian,Budget,85470
Kerala,11,2,2,Train,Peak,3,Vegetarian,Moderate,71560
Ladakh,10,1,2,Train,Off-Peak,2,Vegetarian,Luxury,55970
Andaman,6,6,2,Flight,Off-Peak,4,Vegetarian,Luxury,239990
Dubai,5,4,3,Flight,Shoulder,9,Non-Veg,Budget,305500
Kerala,5,7,4,Train,Shoulder,15,Vegetarian,Moderate,282640
Dubai,5,2,5,Flight,Peak,15,Street Food,Moderate,324080
Goa,3,4,2,Bus,Peak,4,Fine Dining,Moderate,73740
Andaman,2,8,1,Flight,Off-Peak,4,Street Food,Moderate,135210
Paris,9,8,3,Flight,Off-Peak,5,Fine Dining,Luxury,2339060
Udaipur,4,4,1,Bus,Off-Peak,4,Vegetarian,Moderate,44240
Jaipur,12,8,5,Train,Peak,4,Fine Dining,Luxury,2059850
Goa,5,7,2,Flight,Shoulder,14,Street Food,Budget,180040
Bali,11,5,4,Flight,Off-Peak,26,Street Food,Luxury,1251790
Paris,4,4,2,Flight,Off-Peak,8,Vegetarian,Budget,520450
Paris,12,6,5,Flight,Peak,2,Street Food,Budget,2247490
Goa,10,7,2,Flight,Peak,10,Non-Veg,Budget,312190
Andaman,7,8,3,Flight,Off-Peak,18,Non-Veg,Luxury,750470
Kerala,5,8,3,Train,Peak,14,Street Food,Budget,199520
Varanasi,10,3,3,Train,Shoulder,24,Fine Dining,Moderate,198980
Manali,5,2,5,Car,Peak,4,Fine Dining,Luxury,211210
Singapore,14,4,4,Flight,Shoulder,35,Non-Veg,Luxury,1763630
Jaipur,8,4,2,Car,Off-Peak,1,Vegetarian,Moderate,82770
Andaman,6,8,3,Train,Shoulder,14,Fine Dining,Luxury,669220
Udaipur,13,5,1,Flight,Shoulder,6,Non-Veg,Budget,187150
Manali,9,6,3,Bus,Off-Peak,15,Street Food,Moderate,203380
Ladakh,7,5,1,Train,Peak,9,Fine Dining,Budget,187010
Kerala,10,2,3,Train,Off-Peak,13,Vegetarian,Budget,70140
Andaman,3,2,3,Flight,Peak,4,Street Food,Budget,41170
Bali,4,7,1,Flight,Shoulder,6,Fine Dining,Luxury,857510
Andaman,7,5,2,Train,Off-Peak,8,Street Food,Luxury,230310
Singapore,5,8,4,Flight,Peak,5,Vegetarian,Budget,846620
Singapore,12,5,3,Flight,Shoulder,22,Fine Dining,Luxury,1576190
Andaman,2,1,2,Car,Peak,1,Street Food,Luxury,17190
Kerala,9,3,2,Car,Shoulder,26,Street Food,Moderate,144840
Paris,3,8,2,Flight,Shoulder,9,Non-Veg,Luxury,1774010
Singapore,2,6,4,Flight,Peak,5,Non-Veg,Moderate,510420
Paris,11,2,4,Flight,Off-Peak,24,Vegetarian,Luxury,815960
Jaipur,8,5,1,Flight,Off-Peak,21,Fine Dining,Luxury,376080
Paris,9,8,1,Flight,Peak,23,Street Food,Budget,1534810
Bali,7,6,1,Flight,Shoulder,6,Fine Dining,Moderate,554950
Paris,8,7,5,Flight,Shoulder,10,Non-Veg,Budget,2142280
Singapore,13,8,3,Flight,Shoulder,9,Street Food,Moderate,1162870
Goa,2,2,4,Car,Off-Peak,6,Vegetarian,Luxury,46200
Jaipur,6,5,4,Train,Shoulder,11,Non-Veg,Budget,185300
Manali,8,4,5,Flight,Peak,14,Fine Dining,Luxury,746010
Udaipur,13,2,1,Flight,Shoulder,1,Street Food,Luxury,92750
Manali,4,5,3,Flight,Peak,12,Non-Veg,Budget,155240
Singapore,11,5,5,Flight,Shoulder,6,Fine Dining,Budget,1468320
Dubai,14,4,3,Flight,Off-Peak,23,Non-Veg,Luxury,912550
Jaipur,9,3,5,Bus,Off-Peak,12,Street Food,Luxury,412420
Rishikesh,3,4,1,Car,Shoulder,6,Street Food,Moderate,56840
Paris,9,2,1,Flight,Shoulder,17,Non-Veg,Luxury,591170
Manali,10,8,1,Train,Off-Peak,26,Fine Dining,Budget,435030
Goa,9,2,1,Car,Peak,3,Fine Dining,Moderate,81490
Andaman,13,2,1,Car,Off-Peak,16,Vegetarian,Luxury,149820
Singapore,6,3,3,Flight,Shoulder,7,Fine Dining,Luxury,543100
Udaipur,13,8,3,Train,Off-Peak,32,Street Food,Budget,442250
Rishikesh,10,2,2,Flight,Peak,11,Vegetarian,Budget,73090
Dubai,13,1,5,Flight,Peak,11,Street Food,Moderate,595080
Bali,2,7,4,Flight,Shoulder,6,Vegetarian,Budget,458020
Varanasi,13,4,5,Car,Off-Peak,24,Street Food,Budget,338810
Andaman,14,3,1,Bus,Peak,1,Non-Veg,Luxury,195590
Udaipur,2,1,4,Flight,Peak,4,Vegetarian,Luxury,41770
Singapore,13,7,4,Flight,Off-Peak,15,Non-Veg,Budget,1314630
Singapore,14,1,5,Flight,Off-Peak,16,Fine Dining,Luxury,767550
Kerala,12,7,4,Train,Off-Peak,29,Street Food,Luxury,834610
Andaman,7,1,4,Bus,Off-Peak,9,Fine Dining,Moderate,91420
Kerala,8,8,4,Flight,Shoulder,3,Non-Veg,Luxury,636460
Bali,6,8,4,Flight,Off-Peak,12,Vegetarian,Budget,713970
Varanasi,14,3,2,Flight,Shoulder,12,Street Food,Luxury,208590
Jaipur,2,4,2,Bus,Shoulder,6,Fine Dining,Moderate,51490
Varanasi,9,4,2,Flight,Off-Peak,25,Vegetarian,Moderate,158180
Ladakh,14,1,4,Flight,Peak,28,Fine Dining,Budget,241990
Ladakh,9,7,4,Flight,Peak,11,Non-Veg,Moderate,747600
Bali,11,1,1,Flight,Off-Peak,23,Non-Veg,Moderate,131470
Singapore,8,4,2,Flight,Peak,16,Street Food,Budget,448320
Ladakh,4,3,5,Car,Off-Peak,7,Non-Veg,Luxury,239270
Kerala,14,4,4,Train,Peak,22,Non-Veg,Budget,396800
Singapore,5,8,1,Flight,Peak,9,Fine Dining,Budget,757150
Ladakh,2,4,4,Flight,Peak,2,Non-Veg,Budget,76380
Dubai,12,4,5,Flight,Shoulder,24,Street Food,Luxury,1761790
Manali,4,6,4,Bus,Off-Peak,1,Fine Dining,Moderate,147550
Manali,11,6,1,Train,Shoulder,25,Vegetarian,Luxury,373660
Ladakh,7,6,3,Flight,Off-Peak,5,Vegetarian,Moderate,222640
Paris,10,4,4,Flight,Off-Peak,22,Non-Veg,Moderate,1099100
Varanasi,5,3,4,Flight,Off-Peak,7,Fine Dining,Luxury,184240
Paris,4,4,5,Flight,Peak,4,Street Food,Luxury,1331200
Udaipur,12,4,2,Flight,Shoulder,2,Non-Veg,Budget,144720
Rishikesh,7,7,3,Bus,Peak,1,Non-Veg,Moderate,198010
Andaman,8,7,1,Flight,Shoulder,8,Fine Dining,Moderate,373430
Manali,6,7,2,Flight,Off-Peak,12,Vegetarian,Luxury,301400
Rishikesh,7,3,3,Flight,Shoulder,13,Non-Veg,Budget,118810
Varanasi,11,7,2,Car,Shoulder,19,Non-Veg,Luxury,427640
Andaman,5,5,5,Flight,Off-Peak,5,Vegetarian,Budget,296970
Varanasi,7,5,4,Flight,Off-Peak,21,Fine Dining,Budget,252900
Goa,10,8,2,Flight,Peak,24,Vegetarian,Budget,398910
Paris,14,8,2,Flight,Shoulder,25,Non-Veg,Luxury,3114660
Kerala,7,7,4,Flight,Off-Peak,6,Non-Veg,Luxury,500390
Rishikesh,9,5,5,Flight,Peak,14,Street Food,Budget,587980
Bali,3,1,5,Flight,Peak,5,Street Food,Moderate,137460
Paris,2,8,2,Flight,Off-Peak,2,Street Food,Moderate,973380
Singapore,9,4,4,Flight,Off-Peak,12,Fine Dining,Luxury,1105650
Manali,9,7,1,Bus,Off-Peak,22,Vegetarian,Luxury,342750
Manali,8,5,3,Train,Off-Peak,4,Vegetarian,Moderate,142940
Udaipur,5,5,4,Flight,Off-Peak,14,Fine Dining,Moderate,303800
Singapore,5,4,5,Flight,Shoulder,13,Vegetarian,Luxury,1073820
Paris,7,3,5,Flight,Off-Peak,1,Fine Dining,Moderate,843450
Manali,10,4,4,Train,Shoulder,24,Street Food,Moderate,266430
Rishikesh,14,4,4,Flight,Shoulder,23,Vegetarian,Luxury,602980
Rishikesh,7,4,5,Flight,Peak,11,Vegetarian,Budget,304120
Rishikesh,11,7,3,Flight,Off-Peak,11,Fine Dining,Budget,427200
Jaipur,7,5,5,Flight,Shoulder,6,Vegetarian,Budget,379770
Dubai,7,7,1,Flight,Peak,17,Street Food,Budget,580860
Rishikesh,2,4,3,Bus,Shoulder,5,Fine Dining,Moderate,61020
Ladakh,11,1,2,Train,Shoulder,29,Fine Dining,Moderate,108490
Bali,3,2,4,Flight,Peak,3,Non-Veg,Budget,144750
Goa,14,4,5,Bus,Shoulder,21,Fine Dining,Luxury,1164170
Paris,10,2,5,Flight,Off-Peak,2,Vegetarian,Moderate,561180
Rishikesh,11,4,2,Flight,Peak,27,Street Food,Budget,202760
Jaipur,10,6,3,Train,Peak,6,Fine Dining,Moderate,365060
Rishikesh,2,2,1,Flight,Shoulder,3,Street Food,Budget,26270
Manali,7,1,4,Train,Off-Peak,3,Fine Dining,Luxury,99630
Bali,3,4,4,Flight,Off-Peak,6,Vegetarian,Moderate,315550
Bali,3,4,5,Flight,Shoulder,9,Street Food,Budget,342790
Singapore,12,8,1,Flight,Shoulder,1,Vegetarian,Luxury,1043250
Kerala,11,4,2,Bus,Off-Peak,24,Vegetarian,Moderate,186900
Paris,3,7,1,Flight,Peak,4,Non-Veg,Budget,769870
Jaipur,6,6,2,Car,Peak,9,Vegetarian,Luxury,202520
Jaipur,9,2,4,Train,Off-Peak,18,Fine Dining,Moderate,136110
Udaipur,6,1,4,Flight,Peak,6,Street Food,Luxury,119740
Goa,12,4,1,Car,Off-Peak,24,Vegetarian,Moderate,175320
Dubai,3,3,1,Flight,Peak,9,Street Food,Budget,197010
Manali,10,2,1,Train,Peak,28,Non-Veg,Luxury,141760
Bali,5,4,1,Flight,Peak,6,Fine Dining,Luxury,532560
Rishikesh,14,8,5,Train,Peak,4,Street Food,Budget,1027210
Singapore,6,6,5,Flight,Shoulder,18,Vegetarian,Budget,1137950
Paris,8,2,5,Flight,Shoulder,18,Vegetarian,Moderate,674620
Varanasi,4,2,1,Flight,Peak,4,Street Food,Budget,28270
Andaman,14,5,1,Car,Off-Peak,1,Fine Dining,Moderate,309460
Singapore,8,1,5,Flight,Off-Peak,3,Street Food,Budget,238340
Singapore,14,4,3,Flight,Shoulder,37,Fine Dining,Moderate,1041000
Varanasi,2,7,1,Train,Off-Peak,3,Vegetarian,Moderate,48500
Paris,9,5,3,Flight,Shoulder,14,Non-Veg,Luxury,1663950
Rishikesh,7,1,4,Flight,Off-Peak,9,Vegetarian,Moderate,60940
Bali,12,1,3,Flight,Off-Peak,23,Street Food,Luxury,231340
Andaman,4,6,2,Train,Off-Peak,9,Fine Dining,Moderate,198670
Andaman,11,2,5,Bus,Peak,3,Vegetarian,Moderate,372610
Ladakh,9,3,5,Car,Shoulder,4,Street Food,Moderate,435110
Andaman,10,6,5,Car,Peak,26,Street Food,Budget,1014480
Udaipur,8,2,1,Bus,Shoulder,5,Street Food,Moderate,34980
Jaipur,6,3,3,Bus,Shoulder,18,Street Food,Moderate,102620
Manali,8,6,4,Flight,Shoulder,24,Street Food,Luxury,563070
Kerala,3,6,4,Car,Peak,2,Non-Veg,Moderate,128770
Kerala,5,6,2,Flight,Off-Peak,7,Vegetarian,Budget,126620
Paris,10,5,5,Flight,Shoulder,29,Vegetarian,Moderate,2256810
Varanasi,2,6,2,Flight,Shoulder,6,Non-Veg,Moderate,92650
Manali,5,2,5,Flight,Shoulder,1,Fine Dining,Luxury,189280
Bali,5,5,2,Flight,Peak,3,Non-Veg,Luxury,595780
Manali,2,2,2,Car,Off-Peak,3,Fine Dining,Luxury,37890
Manali,14,5,1,Flight,Peak,35,Street Food,Luxury,445170
Paris,14,4,4,Flight,Shoulder,38,Non-Veg,Luxury,2457570
Goa,14,3,1,Car,Shoulder,34,Non-Veg,Budget,161630
Udaipur,11,2,5,Flight,Peak,3,Street Food,Budget,287610
Kerala,8,6,4,Train,Off-Peak,14,Non-Veg,Luxury,451580
Rishikesh,9,8,3,Bus,Shoulder,5,Street Food,Budget,212790
Ladakh,10,3,2,Train,Shoulder,27,Non-Veg,Moderate,216730
Paris,4,3,3,Flight,Peak,6,Vegetarian,Budget,444370
Rishikesh,12,3,5,Flight,Peak,16,Fine Dining,Moderate,647700
Rishikesh,13,3,5,Car,Peak,1,Fine Dining,Moderate,636350
Andaman,8,7,1,Train,Off-Peak,18,Street Food,Moderate,298530
Paris,10,8,1,Flight,Off-Peak,22,Non-Veg,Budget,1492350
Varanasi,5,2,2,Train,Shoulder,9,Fine Dining,Luxury,75330
Varanasi,14,3,4,Flight,Off-Peak,42,Vegetarian,Moderate,300400
Paris,3,5,3,Flight,Peak,1,Vegetarian,Budget,602390
Manali,6,5,3,Flight,Off-Peak,13,Fine Dining,Moderate,252800
Ladakh,6,4,2,Flight,Off-Peak,16,Vegetarian,Budget,154770
Varanasi,5,4,2,Bus,Off-Peak,15,Street Food,Budget,58180
Bali,9,1,1,Flight,Peak,25,Vegetarian,Luxury,181180
Dubai,6,4,3,Flight,Shoulder,16,Fine Dining,Luxury,734240
Paris,7,7,1,Flight,Off-Peak,17,Vegetarian,Moderate,1326110
Goa,13,3,1,Flight,Off-Peak,10,Street Food,Luxury,161070
Udaipur,8,4,5,Flight,Shoulder,19,Vegetarian,Budget,367260
Kerala,4,3,2,Bus,Shoulder,5,Vegetarian,Moderate,44410
Udaipur,5,2,3,Train,Off-Peak,15,Non-Veg,Moderate,64860
Ladakh,9,8,4,Flight,Shoulder,1,Non-Veg,Moderate,537280
Singapore,7,7,1,Flight,Peak,15,Street Food,Luxury,1175880
Rishikesh,4,2,2,Bus,Off-Peak,9,Non-Veg,Budget,34490
Jaipur,10,7,5,Flight,Off-Peak,26,Fine Dining,Moderate,891790
Ladakh,13,4,5,Flight,Peak,20,Fine Dining,Luxury,1530170
Andaman,11,3,1,Car,Shoulder,26,Vegetarian,Moderate,207010
Jaipur,3,3,2,Flight,Shoulder,4,Fine Dining,Luxury,111010
Ladakh,11,2,1,Car,Off-Peak,20,Street Food,Moderate,90870
Ladakh,4,2,1,Bus,Off-Peak,4,Street Food,Luxury,37550
Udaipur,14,1,3,Train,Off-Peak,15,Street Food,Moderate,82900
Rishikesh,3,2,4,Train,Off-Peak,6,Fine Dining,Luxury,75860
Rishikesh,14,6,5,Car,Peak,5,Non-Veg,Moderate,1010810
Jaipur,3,4,4,Flight,Off-Peak,7,Fine Dining,Luxury,175670
Udaipur,8,8,4,Train,Shoulder,16,Fine Dining,Luxury,883350
Singapore,10,7,1,Flight,Peak,27,Fine Dining,Budget,1104830
Bali,3,6,2,Flight,Off-Peak,1,Fine Dining,Budget,358090
Udaipur,4,4,2,Train,Peak,11,Street Food,Moderate,84190
Goa,2,2,1,Flight,Off-Peak,1,Fine Dining,Moderate,33760
Goa,6,5,2,Train,Shoulder,9,Street Food,Luxury,165570
Manali,6,1,1,Flight,Off-Peak,17,Street Food,Budget,29630
Andaman,14,5,4,Train,Peak,20,Vegetarian,Moderate,882460
Udaipur,5,1,4,Train,Off-Peak,7,Street Food,Luxury,64810
Udaipur,4,1,5,Train,Peak,1,Non-Veg,Budget,79150
Andaman,6,4,2,Flight,Off-Peak,13,Street Food,Budget,148440
Varanasi,11,8,1,Train,Off-Peak,24,Fine Dining,Luxury,618500
Jaipur,4,8,4,Flight,Peak,11,Fine Dining,Moderate,376470
Manali,9,8,2,Train,Peak,24,Street Food,Budget,306210
Bali,8,6,4,Flight,Off-Peak,18,Street Food,Budget,624170
Singapore,10,6,5,Flight,Shoulder,7,Fine Dining,Luxury,2428430
Udaipur,11,5,2,Car,Peak,27,Fine Dining,Moderate,454580
Goa,4,7,2,Flight,Shoulder,8,Street Food,Moderate,172210
Singapore,14,5,3,Flight,Off-Peak,29,Street Food,Moderate,1067010
Bali,12,5,4,Flight,Off-Peak,6,Fine Dining,Moderate,878280
Singapore,13,4,3,Flight,Shoulder,17,Fine Dining,Luxury,1115580
Dubai,4,5,1,Flight,Shoulder,4,Street Food,Moderate,301780
Dubai,2,5,5,Flight,Off-Peak,4,Fine Dining,Budget,334160
Ladakh,7,1,2,Flight,Shoulder,9,Vegetarian,Moderate,48510
Varanasi,5,4,2,Train,Shoulder,15,Street Food,Luxury,103180
Paris,11,2,2,Flight,Shoulder,25,Fine Dining,Luxury,773990
Paris,6,1,4,Flight,Peak,15,Non-Veg,Budget,281000
Ladakh,3,6,1,Train,Shoulder,4,Non-Veg,Luxury,118760
Goa,7,2,1,Bus,Peak,14,Fine Dining,Luxury,117150
Rishikesh,9,7,2,Flight,Shoulder,13,Street Food,Moderate,294040
Ladakh,13,7,4,Train,Peak,14,Non-Veg,Moderate,944340
Singapore,11,8,3,Flight,Peak,22,Non-Veg,Budget,1373080
Singapore,11,5,1,Flight,Peak,6,Vegetarian,Budget,477570
Andaman,2,8,5,Flight,Off-Peak,3,Vegetarian,Moderate,201580
Rishikesh,6,8,4,Train,Shoulder,7,Non-Veg,Budget,271250
Goa,8,2,3,Flight,Shoulder,15,Fine Dining,Moderate,131710
Udaipur,10,4,3,Flight,Shoulder,22,Non-Veg,Moderate,255130
Singapore,9,1,4,Flight,Off-Peak,16,Fine Dining,Moderate,257070
Goa,9,2,5,Train,Peak,6,Non-Veg,Budget,220950
Andaman,3,4,5,Flight,Peak,8,Street Food,Moderate,220700
Dubai,11,5,1,Flight,Off-Peak,14,Non-Veg,Moderate,530430
Rishikesh,9,1,3,Car,Off-Peak,25,Vegetarian,Moderate,66260
Singapore,2,7,3,Flight,Peak,1,Street Food,Moderate,480940
Goa,9,4,5,Train,Shoulder,15,Fine Dining,Luxury,759060
Singapore,2,4,3,Flight,Off-Peak,3,Street Food,Budget,253920
Varanasi,12,5,1,Bus,Shoulder,9,Street Food,Budget,100610
Bali,2,4,1,Flight,Shoulder,5,Non-Veg,Luxury,417170
Singapore,6,4,1,Flight,Shoulder,16,Fine Dining,Luxury,776180
Ladakh,6,5,1,Train,Off-Peak,11,Non-Veg,Budget,125140
Kerala,12,1,4,Train,Shoulder,28,Vegetarian,Luxury,220140
Kerala,8,1,1,Train,Peak,7,Vegetarian,Budget,25620
Bali,12,7,4,Flight,Peak,15,Vegetarian,Luxury,2053110
Kerala,5,6,4,Flight,Peak,4,Vegetarian,Moderate,263230
Bali,3,6,3,Flight,Peak,3,Street Food,Budget,388280
Goa,3,3,5,Flight,Peak,9,Fine Dining,Budget,146680
Kerala,5,2,5,Flight,Peak,13,Street Food,Luxury,215280
Goa,6,2,1,Train,Peak,12,Fine Dining,Luxury,103690
Udaipur,5,6,4,Bus,Shoulder,10,Street Food,Budget,185510
Rishikesh,13,3,3,Bus,Shoulder,21,Non-Veg,Luxury,336630
Varanasi,3,3,4,Flight,Off-Peak,4,Non-Veg,Moderate,73230
Kerala,11,6,1,Train,Peak,24,Fine Dining,Luxury,569940
Andaman,14,2,3,Car,Off-Peak,3,Non-Veg,Budget,105350
Manali,11,7,5,Flight,Shoulder,17,Street Food,Moderate,908060
Singapore,7,1,3,Flight,Off-Peak,18,Fine Dining,Luxury,263570
Paris,7,1,5,Flight,Off-Peak,5,Fine Dining,Moderate,365190
Ladakh,2,4,3,Flight,Shoulder,5,Fine Dining,Moderate,103940
Bali,13,4,3,Flight,Shoulder,33,Vegetarian,Budget,566050
Paris,4,3,4,Flight,Shoulder,6,Fine Dining,Moderate,587380
Udaipur,12,8,4,Flight,Off-Peak,12,Fine Dining,Moderate,867200
Manali,4,4,5,Flight,Shoulder,12,Non-Veg,Moderate,211210
Bali,2,1,4,Flight,Peak,6,Fine Dining,Moderate,93580
Bali,6,5,5,Flight,Off-Peak,14,Street Food,Moderate,776320
Manali,8,7,2,Flight,Off-Peak,11,Street Food,Luxury,351270
Manali,4,6,3,Train,Shoulder,1,Non-Veg,Moderate,92530
Ladakh,11,1,4,Flight,Peak,10,Street Food,Budget,153300
Andaman,7,4,1,Car,Shoulder,4,Non-Veg,Moderate,96610
Dubai,2,1,3,Flight,Shoulder,3,Fine Dining,Luxury,93870
Ladakh,7,6,5,Car,Shoulder,14,Non-Veg,Budget,525060
Rishikesh,12,4,2,Flight,Off-Peak,31,Street Food,Moderate,253890
Rishikesh,14,6,1,Flight,Off-Peak,38,Vegetarian,Budget,369950
Singapore,13,1,3,Flight,Peak,6,Street Food,Budget,190500
Varanasi,12,8,5,Flight,Peak,6,Street Food,Luxury,1484060
Andaman,10,7,1,Bus,Off-Peak,22,Non-Veg,Budget,354890
Andaman,2,6,1,Car,Peak,3,Fine Dining,Luxury,132900
Manali,3,2,3,Bus,Peak,1,Non-Veg,Moderate,24180
Goa,11,4,2,Train,Off-Peak,28,Non-Veg,Moderate,220930
Kerala,2,4,5,Train,Shoulder,5,Non-Veg,Luxury,121340
Manali,10,4,5,Flight,Shoulder,17,Vegetarian,Moderate,478990
Andaman,8,4,3,Bus,Peak,24,Vegetarian,Luxury,421030
Rishikesh,13,2,2,Flight,Off-Peak,26,Street Food,Moderate,119060
Kerala,13,7,3,Flight,Peak,17,Street Food,Luxury,790700
Singapore,12,3,4,Flight,Off-Peak,28,Street Food,Budget,646970
Singapore,12,6,5,Flight,Peak,36,Street Food,Moderate,2764280
Ladakh,6,3,3,Flight,Shoulder,3,Fine Dining,Moderate,149690
Bali,5,6,2,Flight,Peak,13,Fine Dining,Moderate,652270
Andaman,6,3,2,Train,Peak,5,Street Food,Luxury,133840
Rishikesh,11,7,3,Bus,Off-Peak,25,Street Food,Moderate,401890
Singapore,10,2,1,Flight,Off-Peak,18,Non-Veg,Budget,233380
Singapore,4,4,2,Flight,Shoulder,7,Street Food,Budget,302050
Goa,5,8,2,Flight,Off-Peak,9,Fine Dining,Budget,268460
Dubai,13,2,2,Flight,Off-Peak,27,Street Food,Moderate,297800
Rishikesh,7,8,5,Flight,Shoulder,11,Fine Dining,Luxury,1053620
Singapore,7,8,4,Flight,Off-Peak,12,Street Food,Luxury,1650860
Dubai,2,1,3,Flight,Shoulder,1,Non-Veg,Moderate,59380
Udaipur,12,7,3,Train,Off-Peak,17,Non-Veg,Moderate,454860
Kerala,9,1,3,Flight,Shoulder,14,Fine Dining,Budget,77920
Singapore,6,3,1,Flight,Peak,10,Non-Veg,Budget,295280
Rishikesh,8,8,3,Train,Peak,12,Non-Veg,Budget,295480
Manali,12,2,5,Car,Shoulder,2,Fine Dining,Moderate,281090
Manali,5,4,3,Bus,Off-Peak,6,Vegetarian,Luxury,105680
Ladakh,5,3,2,Train,Off-Peak,14,Street Food,Moderate,98400
Jaipur,4,8,5,Train,Peak,5,Non-Veg,Budget,308270
Manali,2,7,1,Car,Off-Peak,5,Vegetarian,Luxury,112810
Goa,2,6,2,Flight,Peak,5,Fine Dining,Moderate,129060
Dubai,14,5,5,Flight,Shoulder,24,Vegetarian,Moderate,1948860
Udaipur,2,3,3,Train,Shoulder,1,Vegetarian,Moderate,26110
Rishikesh,5,1,3,Car,Peak,11,Street Food,Moderate,40960
Paris,13,6,1,Flight,Peak,3,Street Food,Budget,763300
Singapore,4,3,1,Flight,Shoulder,9,Street Food,Moderate,280680
Jaipur,9,2,3,Car,Peak,27,Non-Veg,Budget,95770
Manali,11,3,4,Flight,Peak,12,Street Food,Moderate,305020
Andaman,2,3,2,Flight,Peak,4,Fine Dining,Moderate,73910
Andaman,14,3,3,Train,Shoulder,22,Non-Veg,Moderate,321550
Kerala,2,4,4,Train,Shoulder,6,Vegetarian,Budget,48650
Varanasi,3,1,1,Bus,Shoulder,7,Street Food,Budget,8290
Goa,7,8,1,Bus,Peak,3,Vegetarian,Moderate,139210
Paris,11,4,2,Flight,Peak,24,Non-Veg,Luxury,1520240
Singapore,13,4,1,Flight,Off-Peak,24,Fine Dining,Luxury,1030550
Bali,13,6,1,Flight,Shoulder,22,Street Food,Budget,630850
Bali,6,4,2,Flight,Peak,17,Non-Veg,Budget,349150
Kerala,8,5,4,Train,Shoulder,21,Fine Dining,Luxury,593350
Goa,4,1,3,Flight,Off-Peak,2,Fine Dining,Luxury,49120
Rishikesh,2,6,1,Flight,Peak,2,Fine Dining,Moderate,113430
Paris,5,4,4,Flight,Peak,13,Non-Veg,Budget,736940
Paris,14,6,3,Flight,Peak,30,Vegetarian,Budget,1663810
Rishikesh,6,2,4,Bus,Shoulder,8,Street Food,Moderate,65940
Dubai,4,2,4,Flight,Peak,12,Fine Dining,Moderate,223570
Kerala,7,3,5,Bus,Peak,7,Street Food,Budget,307020
Rishikesh,7,7,5,Flight,Shoulder,20,Street Food,Moderate,613780
Bali,3,8,2,Flight,Off-Peak,4,Vegetarian,Luxury,770440
Goa,12,6,3,Bus,Off-Peak,6,Street Food,Luxury,342420
Jaipur,5,2,4,Train,Shoulder,5,Street Food,Budget,46690
Paris,6,5,1,Flight,Shoulder,12,Fine Dining,Moderate,954140
Paris,7,4,3,Flight,Shoulder,1,Street Food,Moderate,645900
Goa,11,5,4,Flight,Peak,31,Fine Dining,Moderate,694450
Paris,4,8,1,Flight,Off-Peak,11,Non-Veg,Moderate,1218520
Kerala,12,7,1,Flight,Shoulder,33,Vegetarian,Luxury,560460
Bali,14,4,4,Flight,Peak,38,Vegetarian,Luxury,1364880
Bali,2,2,4,Flight,Peak,1,Non-Veg,Budget,117690
Andaman,12,3,5,Flight,Off-Peak,34,Street Food,Moderate,675510
Udaipur,14,1,1,Flight,Off-Peak,30,Non-Veg,Luxury,105080
Kerala,3,2,5,Flight,Off-Peak,7,Fine Dining,Moderate,76900
Udaipur,9,4,3,Car,Shoulder,13,Vegetarian,Luxury,279730
Kerala,2,6,1,Car,Shoulder,4,Non-Veg,Luxury,94920
Paris,12,8,3,Flight,Off-Peak,34,Non-Veg,Moderate,2243210
Udaipur,7,2,4,Train,Shoulder,17,Street Food,Luxury,160280
Varanasi,10,2,5,Flight,Peak,16,Street Food,Moderate,231280
Ladakh,9,8,5,Flight,Off-Peak,20,Fine Dining,Luxury,1641690
Jaipur,10,4,3,Flight,Off-Peak,19,Street Food,Budget,151720
Kerala,14,1,1,Train,Peak,25,Fine Dining,Moderate,92050
Manali,4,7,4,Flight,Peak,10,Street Food,Luxury,410100
Jaipur,7,4,1,Flight,Peak,8,Street Food,Luxury,143320
Varanasi,12,7,5,Flight,Off-Peak,31,Fine Dining,Budget,805610
Varanasi,4,7,2,Flight,Off-Peak,11,Fine Dining,Luxury,322210
Ladakh,9,2,1,Flight,Peak,13,Non-Veg,Moderate,100510
Manali,9,4,5,Car,Peak,5,Non-Veg,Budget,388040
Udaipur,10,7,3,Car,Peak,26,Non-Veg,Luxury,795670
Dubai,13,8,3,Flight,Off-Peak,4,Fine Dining,Moderate,1125520
Paris,12,8,4,Flight,Off-Peak,6,Street Food,Moderate,1841730
Kerala,12,5,2,Flight,Shoulder,14,Fine Dining,Budget,326580
Paris,3,2,3,Flight,Shoulder,6,Vegetarian,Luxury,411670
Udaipur,4,1,5,Flight,Peak,12,Non-Veg,Moderate,111860
Varanasi,9,6,4,Flight,Off-Peak,9,Non-Veg,Budget,257960
Andaman,10,7,4,Car,Off-Peak,18,Fine Dining,Moderate,735960
Bali,14,5,2,Flight,Off-Peak,42,Fine Dining,Moderate,1026210
Goa,14,2,1,Flight,Shoulder,38,Street Food,Moderate,130650
Varanasi,6,3,1,Car,Peak,4,Vegetarian,Luxury,74010
Dubai,11,7,5,Flight,Off-Peak,8,Non-Veg,Budget,1411480
Dubai,11,4,3,Flight,Shoulder,21,Non-Veg,Luxury,862060
Rishikesh,12,2,1,Flight,Off-Peak,32,Vegetarian,Budget,104110
Varanasi,8,1,1,Bus,Shoulder,10,Non-Veg,Moderate,24770
Varanasi,7,5,4,Car,Peak,6,Vegetarian,Budget,202050
Ladakh,14,7,5,Train,Peak,10,Non-Veg,Luxury,2604140
Udaipur,3,8,2,Train,Peak,5,Street Food,Moderate,114140
Singapore,11,6,3,Flight,Shoulder,4,Vegetarian,Moderate,735170
Singapore,5,2,1,Flight,Shoulder,10,Fine Dining,Budget,185560
Varanasi,4,2,3,Train,Off-Peak,2,Non-Veg,Budget,24410
Kerala,6,2,4,Flight,Peak,13,Vegetarian,Luxury,165110
Ladakh,12,2,5,Train,Shoulder,18,Vegetarian,Budget,279400
Jaipur,8,7,3,Train,Peak,5,Fine Dining,Luxury,560900
Manali,7,7,3,Train,Shoulder,21,Vegetarian,Luxury,426810
Udaipur,10,3,5,Flight,Shoulder,6,Fine Dining,Luxury,737300
Manali,11,2,1,Train,Peak,18,Vegetarian,Moderate,72730
Goa,14,2,2,Bus,Shoulder,26,Non-Veg,Luxury,174830
Kerala,8,6,2,Flight,Peak,6,Vegetarian,Budget,180260
Goa,4,1,5,Car,Off-Peak,5,Fine Dining,Moderate,69390
Rishikesh,10,7,4,Flight,Shoulder,18,Vegetarian,Luxury,812490
Udaipur,4,2,2,Train,Shoulder,11,Fine Dining,Luxury,91620
Andaman,6,5,5,Flight,Shoulder,7,Non-Veg,Luxury,705910
Dubai,2,2,1,Flight,Peak,1,Fine Dining,Budget,91420
Varanasi,8,3,2,Flight,Off-Peak,9,Vegetarian,Luxury,125950
Paris,13,5,4,Flight,Peak,26,Street Food,Budget,1791210
Singapore,4,1,2,Flight,Shoulder,4,Fine Dining,Budget,82930
Andaman,9,1,4,Train,Peak,10,Non-Veg,Luxury,230320
Jaipur,12,8,4,Train,Shoulder,20,Vegetarian,Luxury,914130
Udaipur,9,3,1,Flight,Off-Peak,11,Non-Veg,Moderate,122110
Goa,2,4,2,Train,Shoulder,1,Vegetarian,Luxury,40970
Singapore,14,8,2,Flight,Shoulder,30,Non-Veg,Moderate,1551800
Andaman,7,5,1,Flight,Off-Peak,18,Non-Veg,Luxury,369160
Andaman,14,4,5,Train,Off-Peak,12,Non-Veg,Luxury,998500
Singapore,10,3,5,Flight,Off-Peak,7,Street Food,Luxury,1137750
Dubai,12,3,4,Flight,Off-Peak,28,Vegetarian,Moderate,687070
Paris,2,5,2,Flight,Off-Peak,2,Fine Dining,Moderate,669660
Jaipur,3,6,5,Flight,Peak,7,Non-Veg,Luxury,345370
Jaipur,7,4,3,Train,Off-Peak,2,Fine Dining,Budget,128020
Dubai,2,8,4,Flight,Shoulder,1,Fine Dining,Luxury,699420
Bali,11,7,2,Flight,Shoulder,30,Street Food,Luxury,1404690
Andaman,4,2,2,Train,Peak,6,Fine Dining,Budget,53600
Ladakh,10,5,3,Flight,Peak,6,Fine Dining,Luxury,623280
Manali,5,4,1,Train,Off-Peak,2,Fine Dining,Moderate,83810
Andaman,5,6,1,Car,Off-Peak,15,Vegetarian,Budget,185430
Udaipur,6,6,1,Train,Shoulder,8,Street Food,Moderate,117200
Goa,7,1,3,Flight,Peak,16,Non-Veg,Budget,57570
Kerala,8,8,5,Bus,Shoulder,2,Non-Veg,Luxury,976780
Dubai,10,2,2,Flight,Off-Peak,3,Street Food,Budget,137710
Rishikesh,11,4,3,Car,Shoulder,29,Fine Dining,Budget,321240
Manali,3,3,4,Train,Off-Peak,7,Non-Veg,Moderate,68840
Jaipur,3,2,3,Train,Peak,4,Vegetarian,Budget,25420
Rishikesh,8,3,2,Flight,Shoulder,24,Fine Dining,Luxury,323620
Dubai,2,1,2,Flight,Off-Peak,1,Vegetarian,Budget,46690
Ladakh,10,6,1,Train,Peak,5,Vegetarian,Luxury,250350
Manali,13,5,1,Train,Shoulder,3,Non-Veg,Luxury,233040
Andaman,3,7,5,Train,Shoulder,4,Non-Veg,Budget,237970
Bali,11,8,1,Flight,Peak,9,Vegetarian,Moderate,742840
Ladakh,12,8,3,Flight,Peak,20,Fine Dining,Budget,741250
Andaman,7,2,1,Bus,Shoulder,13,Vegetarian,Budget,56510
Ladakh,3,4,1,Flight,Shoulder,6,Street Food,Luxury,122670
Goa,13,8,2,Train,Peak,15,Fine Dining,Moderate,643850
Paris,9,3,1,Flight,Shoulder,13,Vegetarian,Luxury,808040
Singapore,11,8,5,Flight,Shoulder,32,Street Food,Moderate,2879640
Varanasi,3,4,5,Train,Off-Peak,2,Non-Veg,Budget,69350
Manali,10,4,5,Train,Off-Peak,26,Non-Veg,Budget,345160
Udaipur,5,1,3,Flight,Off-Peak,5,Fine Dining,Moderate,47200
Andaman,10,2,4,Bus,Peak,9,Vegetarian,Luxury,276250
Dubai,2,8,5,Flight,Off-Peak,4,Fine Dining,Luxury,885200
Jaipur,12,2,3,Bus,Shoulder,33,Fine Dining,Luxury,240760
Bali,3,6,2,Flight,Off-Peak,7,Non-Veg,Budget,383610
Ladakh,6,4,2,Train,Shoulder,3,Fine Dining,Moderate,126840
Andaman,5,6,4,Bus,Peak,3,Vegetarian,Luxury,363880
Dubai,3,6,2,Flight,Shoulder,9,Fine Dining,Budget,394810
Varanasi,7,6,3,Bus,Off-Peak,11,Fine Dining,Moderate,240380
Goa,9,7,4,Train,Off-Peak,17,Non-Veg,Luxury,680940
Paris,4,2,1,Flight,Off-Peak,1,Street Food,Budget,215510
Goa,6,1,5,Flight,Peak,4,Non-Veg,Moderate,148540
Paris,9,6,4,Flight,Off-Peak,23,Vegetarian,Moderate,1554070
Goa,13,5,5,Flight,Shoulder,6,Street Food,Moderate,888940
Kerala,8,3,3,Flight,Shoulder,2,Fine Dining,Luxury,257010
Udaipur,3,2,1,Car,Off-Peak,8,Street Food,Budget,24760
Kerala,7,8,1,Train,Off-Peak,10,Non-Veg,Budget,163920
Kerala,6,7,4,Bus,Off-Peak,16,Fine Dining,Luxury,589030
Dubai,2,4,1,Flight,Shoulder,2,Vegetarian,Moderate,213470
Bali,13,3,3,Flight,Shoulder,37,Non-Veg,Moderate,567270
Ladakh,10,2,1,Car,Off-Peak,7,Vegetarian,Budget,51950
Singapore,6,4,2,Flight,Peak,3,Fine Dining,Moderate,431750
Varanasi,3,2,2,Train,Off-Peak,2,Street Food,Budget,12390
Ladakh,5,8,3,Flight,Peak,6,Street Food,Luxury,417160
Goa,14,6,2,Flight,Shoulder,6,Non-Veg,Budget,255940
Varanasi,6,2,1,Flight,Peak,5,Vegetarian,Moderate,40880
Manali,5,7,5,Flight,Peak,6,Non-Veg,Budget,424000
Dubai,6,5,2,Flight,Off-Peak,14,Street Food,Luxury,737600
Jaipur,13,6,2,Train,Off-Peak,9,Fine Dining,Moderate,354000
Andaman,3,6,5,Train,Off-Peak,5,Fine Dining,Luxury,328370
Singapore,13,2,5,Flight,Shoulder,22,Fine Dining,Budget,660750
Singapore,7,3,4,Flight,Off-Peak,5,Fine Dining,Budget,397060
Ladakh,11,5,1,Flight,Peak,9,Non-Veg,Moderate,253000
Bali,5,6,5,Flight,Peak,12,Non-Veg,Luxury,1353890
Dubai,7,3,5,Flight,Off-Peak,1,Fine Dining,Budget,466220
Udaipur,7,1,4,Train,Off-Peak,3,Street Food,Budget,50570
Singapore,14,5,2,Flight,Shoulder,12,Fine Dining,Luxury,1331110
Udaipur,9,8,3,Flight,Shoulder,19,Street Food,Moderate,458110
Jaipur,2,5,4,Flight,Peak,1,Street Food,Budget,76000
Rishikesh,10,3,4,Flight,Shoulder,5,Street Food,Moderate,215850
Singapore,5,8,4,Flight,Off-Peak,4,Fine Dining,Luxury,1420580
Dubai,14,7,1,Flight,Off-Peak,7,Non-Veg,Budget,542350
Ladakh,2,8,2,Bus,Shoulder,3,Non-Veg,Luxury,119240
Manali,14,7,1,Train,Off-Peak,15,Non-Veg,Luxury,452130
Udaipur,2,8,5,Flight,Peak,3,Vegetarian,Luxury,326100
Jaipur,3,7,1,Flight,Shoulder,1,Non-Veg,Luxury,161470
Paris,14,5,2,Flight,Off-Peak,41,Fine Dining,Moderate,1784790
Udaipur,10,6,2,Train,Peak,14,Vegetarian,Moderate,267190
Ladakh,11,7,3,Flight,Shoulder,23,Fine Dining,Moderate,774260
Manali,4,8,2,Train,Shoulder,12,Fine Dining,Luxury,345600
Dubai,14,3,4,Flight,Off-Peak,7,Non-Veg,Budget,504690
Dubai,6,1,2,Flight,Peak,7,Street Food,Luxury,146640
Udaipur,8,2,4,Flight,Shoulder,23,Vegetarian,Luxury,213790
Goa,6,7,3,Train,Peak,3,Non-Veg,Luxury,312640
Rishikesh,3,2,1,Flight,Peak,3,Non-Veg,Budget,30860
Dubai,6,6,5,Flight,Shoulder,6,Non-Veg,Moderate,932460
Andaman,9,8,3,Flight,Off-Peak,7,Fine Dining,Luxury,756910
Singapore,5,8,2,Flight,Off-Peak,13,Non-Veg,Luxury,1307470
Jaipur,11,7,5,Flight,Shoulder,8,Vegetarian,Budget,740500
Goa,9,8,2,Flight,Peak,21,Fine Dining,Luxury,819110
Bali,12,7,3,Flight,Peak,32,Vegetarian,Moderate,1292610
Udaipur,5,2,1,Flight,Peak,9,Non-Veg,Budget,49280
Jaipur,2,6,1,Train,Peak,2,Street Food,Moderate,39890
Jaipur,3,3,5,Train,Peak,5,Vegetarian,Luxury,172400
Varanasi,2,3,4,Train,Shoulder,5,Vegetarian,Luxury,50070
Rishikesh,13,1,1,Train,Shoulder,10,Non-Veg,Budget,39270
Dubai,9,2,2,Flight,Peak,17,Fine Dining,Moderate,267560
Bali,12,6,5,Flight,Shoulder,3,Non-Veg,Budget,1076520
Varanasi,14,8,3,Flight,Shoulder,29,Vegetarian,Budget,410030
Goa,10,1,4,Bus,Off-Peak,10,Vegetarian,Moderate,87660
Kerala,14,5,1,Car,Peak,4,Street Food,Luxury,245740
Andaman,9,6,5,Train,Shoulder,11,Fine Dining,Luxury,1276480
Goa,11,6,5,Bus,Shoulder,22,Vegetarian,Moderate,809660
Udaipur,4,4,4,Flight,Shoulder,11,Street Food,Budget,129530
Rishikesh,8,6,1,Train,Peak,10,Non-Veg,Budget,151050
Jaipur,12,5,3,Car,Off-Peak,17,Street Food,Budget,196280
Andaman,6,4,3,Train,Peak,10,Vegetarian,Moderate,180870
Paris,14,7,4,Flight,Shoulder,3,Street Food,Luxury,3129130
Rishikesh,12,7,5,Train,Off-Peak,24,Fine Dining,Moderate,1012010
Manali,14,2,1,Flight,Shoulder,30,Non-Veg,Moderate,123410
Manali,10,8,5,Flight,Off-Peak,15,Fine Dining,Budget,801740
Goa,3,3,3,Train,Peak,7,Fine Dining,Moderate,80590
Bali,10,3,3,Flight,Peak,30,Street Food,Luxury,678250
Udaipur,2,5,1,Train,Off-Peak,2,Street Food,Moderate,32200
Rishikesh,9,6,4,Bus,Peak,14,Non-Veg,Budget,372780
Singapore,14,4,2,Flight,Shoulder,14,Fine Dining,Moderate,680570
Varanasi,8,8,2,Car,Peak,8,Vegetarian,Budget,178480
Varanasi,9,6,5,Flight,Peak,5,Fine Dining,Budget,599580
Andaman,8,1,1,Train,Off-Peak,1,Fine Dining,Moderate,40120
Jaipur,8,1,2,Flight,Shoulder,3,Non-Veg,Luxury,57200
Dubai,5,3,5,Flight,Off-Peak,6,Street Food,Luxury,613320
Ladakh,11,8,4,Bus,Peak,32,Vegetarian,Moderate,989710
Udaipur,6,7,1,Bus,Peak,8,Street Food,Budget,125710
Singapore,6,2,4,Flight,Shoulder,10,Non-Veg,Moderate,288430
Manali,12,7,2,Train,Off-Peak,30,Street Food,Budget,315670
Varanasi,9,8,3,Bus,Off-Peak,11,Fine Dining,Moderate,393740
Andaman,8,2,5,Flight,Off-Peak,24,Street Food,Moderate,232540
Kerala,9,6,2,Train,Shoulder,4,Street Food,Budget,124940
Paris,6,3,1,Flight,Off-Peak,6,Non-Veg,Budget,395970
Bali,11,3,1,Flight,Shoulder,2,Vegetarian,Moderate,258470
Manali,5,3,1,Flight,Shoulder,9,Fine Dining,Moderate,106520
Singapore,9,2,3,Flight,Off-Peak,9,Vegetarian,Luxury,383120
Dubai,13,7,4,Flight,Peak,19,Fine Dining,Moderate,1906870
Jaipur,11,2,1,Flight,Off-Peak,20,Fine Dining,Moderate,128310
Udaipur,14,8,4,Car,Shoulder,28,Street Food,Moderate,910640
Udaipur,8,1,5,Flight,Peak,17,Fine Dining,Luxury,343090
Andaman,6,6,3,Car,Peak,16,Fine Dining,Budget,332130
Bali,10,8,5,Flight,Peak,19,Street Food,Budget,1675320
Ladakh,13,5,2,Flight,Shoulder,5,Fine Dining,Luxury,548460
Bali,4,8,2,Flight,Off-Peak,9,Street Food,Luxury,909020
Goa,8,8,2,Flight,Shoulder,7,Vegetarian,Budget,220130
Manali,6,4,1,Flight,Off-Peak,7,Non-Veg,Budget,93040
Manali,3,2,5,Flight,Peak,7,Fine Dining,Moderate,95920
Varanasi,7,8,3,Flight,Off-Peak,10,Fine Dining,Budget,308330
Manali,7,2,3,Flight,Off-Peak,15,Fine Dining,Moderate,107870
Rishikesh,5,6,1,Car,Off-Peak,15,Non-Veg,Luxury,255200
Paris,3,4,3,Flight,Shoulder,7,Street Food,Luxury,869230
Jaipur,12,4,5,Train,Off-Peak,23,Street Food,Luxury,610450
Udaipur,12,3,3,Car,Shoulder,3,Vegetarian,Luxury,252290
Bali,3,7,2,Flight,Shoulder,7,Fine Dining,Luxury,836840
Paris,4,4,4,Flight,Off-Peak,9,Fine Dining,Budget,617770
Varanasi,3,8,5,Train,Shoulder,8,Vegetarian,Budget,177440
Goa,4,8,1,Train,Peak,11,Fine Dining,Luxury,330310
Kerala,2,4,5,Car,Shoulder,2,Vegetarian,Budget,57950
Singapore,7,2,5,Flight,Peak,21,Fine Dining,Moderate,596450
Andaman,4,5,3,Flight,Peak,3,Vegetarian,Budget,132820
Andaman,8,4,2,Train,Off-Peak,12,Vegetarian,Luxury,221700
Jaipur,13,3,4,Flight,Peak,35,Vegetarian,Moderate,386630
Goa,12,8,3,Flight,Off-Peak,34,Fine Dining,Budget,682480
Kerala,2,3,3,Train,Peak,3,Vegetarian,Moderate,32960
Goa,14,4,2,Car,Off-Peak,4,Street Food,Budget,109070
Ladakh,2,5,2,Flight,Off-Peak,1,Street Food,Moderate,65170
Rishikesh,4,4,3,Train,Peak,3,Street Food,Moderate,67720
Jaipur,9,7,3,Flight,Shoulder,13,Vegetarian,Moderate,318630
Varanasi,9,4,3,Flight,Off-Peak,4,Fine Dining,Moderate,215660
Kerala,8,7,4,Flight,Off-Peak,8,Non-Veg,Luxury,613110
Kerala,11,5,2,Train,Peak,9,Vegetarian,Moderate,207300
Dubai,3,4,3,Flight,Peak,4,Vegetarian,Moderate,263270
Bali,13,6,5,Flight,Peak,19,Street Food,Moderate,1727960
Paris,11,2,2,Flight,Off-Peak,3,Non-Veg,Moderate,345330
Paris,11,2,2,Flight,Shoulder,23,Non-Veg,Luxury,713630
Varanasi,7,8,1,Car,Peak,3,Vegetarian,Moderate,144270
Kerala,4,1,4,Bus,Off-Peak,11,Fine Dining,Luxury,64320
Goa,13,5,3,Flight,Shoulder,14,Street Food,Moderate,324440
Jaipur,4,7,5,Flight,Peak,3,Vegetarian,Luxury,536360
Dubai,4,3,4,Flight,Shoulder,12,Non-Veg,Moderate,322060
Rishikesh,2,8,5,Flight,Shoulder,1,Vegetarian,Luxury,249670
Jaipur,10,6,2,Flight,Peak,19,Vegetarian,Budget,248830
Jaipur,12,3,3,Train,Shoulder,31,Street Food,Moderate,191980
Varanasi,10,7,1,Train,Off-Peak,22,Fine Dining,Moderate,353600
Jaipur,6,5,4,Train,Peak,6,Fine Dining,Moderate,289580
Singapore,14,7,5,Flight,Shoulder,5,Fine Dining,Moderate,2891880
Paris,5,6,1,Flight,Shoulder,6,Street Food,Budget,722460
Singapore,3,6,1,Flight,Off-Peak,8,Street Food,Luxury,787650
Varanasi,13,6,5,Flight,Shoulder,1,Vegetarian,Luxury,1062540
Jaipur,13,4,4,Train,Peak,12,Street Food,Luxury,500950
Ladakh,12,3,1,Flight,Peak,12,Non-Veg,Moderate,167410
Ladakh,7,6,4,Car,Off-Peak,12,Non-Veg,Moderate,350360
Jaipur,9,7,4,Flight,Peak,10,Non-Veg,Moderate,547120
Goa,4,8,1,Train,Peak,8,Non-Veg,Budget,124920
Kerala,3,1,5,Bus,Shoulder,3,Fine Dining,Luxury,76790
Kerala,4,6,1,Flight,Off-Peak,11,Fine Dining,Luxury,277060
Kerala,10,5,1,Train,Shoulder,22,Fine Dining,Budget,255810
Rishikesh,9,4,3,Bus,Shoulder,15,Vegetarian,Budget,156150
Udaipur,10,3,3,Flight,Shoulder,13,Street Food,Luxury,257510
Rishikesh,5,7,1,Train,Off-Peak,11,Fine Dining,Budget,193640
Rishikesh,4,6,1,Train,Shoulder,10,Non-Veg,Moderate,130470
Andaman,4,8,2,Flight,Off-Peak,3,Non-Veg,Budget,157740
Paris,4,8,2,Flight,Off-Peak,5,Street Food,Luxury,1706850
Bali,13,3,4,Flight,Peak,18,Street Food,Budget,551490
Dubai,12,4,3,Flight,Off-Peak,17,Street Food,Moderate,521220
Goa,7,2,3,Train,Off-Peak,13,Vegetarian,Luxury,91160
Andaman,10,7,2,Train,Off-Peak,13,Street Food,Luxury,488030
Ladakh,6,5,1,Bus,Off-Peak,12,Vegetarian,Luxury,222120
Bali,13,6,4,Flight,Peak,15,Fine Dining,Moderate,1237590
Rishikesh,10,4,2,Bus,Off-Peak,8,Vegetarian,Budget,99630
Paris,5,5,4,Flight,Shoulder,10,Vegetarian,Budget,887100
Singapore,5,8,4,Flight,Off-Peak,13,Non-Veg,Luxury,1642260
Rishikesh,14,1,1,Bus,Peak,11,Vegetarian,Budget,40280
Manali,10,6,2,Flight,Off-Peak,5,Non-Veg,Luxury,305510
Kerala,5,2,2,Flight,Shoulder,11,Non-Veg,Luxury,84730
Singapore,2,3,1,Flight,Peak,4,Vegetarian,Budget,190930
Rishikesh,11,7,4,Flight,Peak,12,Fine Dining,Luxury,1092380
Jaipur,3,8,4,Train,Shoulder,1,Vegetarian,Luxury,164220
Manali,12,2,4,Flight,Shoulder,14,Non-Veg,Moderate,178490
Rishikesh,5,5,2,Bus,Off-Peak,15,Street Food,Budget,111940
Manali,7,5,4,Flight,Off-Peak,4,Vegetarian,Moderate,237490
Goa,13,8,1,Flight,Peak,35,Non-Veg,Budget,497730
Goa,2,4,5,Flight,Off-Peak,6,Non-Veg,Moderate,102820
Bali,12,2,2,Flight,Peak,11,Vegetarian,Moderate,233200
Goa,2,6,5,Bus,Peak,2,Fine Dining,Luxury,187200
Jaipur,4,6,2,Train,Shoulder,3,Fine Dining,Budget,108580
Goa,4,2,2,Flight,Shoulder,8,Fine Dining,Luxury,93180
Rishikesh,13,4,2,Bus,Shoulder,2,Vegetarian,Luxury,189600
Andaman,9,2,1,Bus,Shoulder,26,Street Food,Luxury,160240
Bali,2,3,3,Flight,Peak,3,Non-Veg,Luxury,301580
Ladakh,14,3,4,Flight,Peak,11,Non-Veg,Budget,439200
Ladakh,3,8,3,Flight,Peak,5,Vegetarian,Moderate,219820
Manali,11,5,1,Flight,Shoulder,2,Street Food,Moderate,143930
Goa,10,5,5,Flight,Off-Peak,10,Street Food,Moderate,559070
Jaipur,14,8,5,Flight,Shoulder,40,Street Food,Budget,1164670
Rishikesh,12,4,1,Train,Shoulder,18,Fine Dining,Budget,221890
Rishikesh,5,6,3,Train,Peak,2,Street Food,Budget,95860
Udaipur,12,8,2,Car,Peak,36,Non-Veg,Luxury,835720
Paris,10,4,2,Flight,Peak,12,Vegetarian,Budget,707520
Manali,5,5,1,Flight,Peak,14,Street Food,Luxury,199400
Bali,11,1,3,Flight,Peak,12,Fine Dining,Budget,159540
Manali,3,8,3,Bus,Shoulder,2,Vegetarian,Moderate,82860
Andaman,6,6,4,Train,Off-Peak,18,Street Food,Budget,308470
Manali,4,5,1,Flight,Off-Peak,10,Vegetarian,Moderate,121070
Rishikesh,12,2,2,Train,Off-Peak,34,Vegetarian,Luxury,173390
Manali,3,5,3,Train,Shoulder,7,Street Food,Moderate,79640
Manali,11,6,2,Flight,Shoulder,2,Vegetarian,Moderate,200370
Kerala,14,2,4,Flight,Shoulder,5,Street Food,Moderate,183800
Goa,4,3,2,Train,Shoulder,12,Fine Dining,Budget,77900
Rishikesh,4,8,4,Train,Shoulder,4,Non-Veg,Budget,167390
Varanasi,12,3,5,Flight,Off-Peak,36,Street Food,Budget,319840
Rishikesh,9,3,4,Car,Off-Peak,20,Non-Veg,Budget,185760
Varanasi,13,8,1,Flight,Shoulder,2,Non-Veg,Luxury,413340
Dubai,8,4,5,Flight,Off-Peak,10,Street Food,Moderate,675840
Ladakh,4,8,2,Train,Peak,6,Street Food,Luxury,233250
Paris,5,2,5,Flight,Off-Peak,9,Street Food,Luxury,638510
Kerala,14,3,4,Flight,Peak,16,Fine Dining,Budget,474410
Dubai,4,1,1,Flight,Shoulder,7,Non-Veg,Budget,62270
Goa,3,5,2,Flight,Shoulder,4,Fine Dining,Luxury,194620
Kerala,8,4,4,Flight,Off-Peak,18,Street Food,Budget,206250
Jaipur,7,8,1,Flight,Shoulder,12,Fine Dining,Luxury,480310
Dubai,6,4,3,Flight,Shoulder,5,Vegetarian,Budget,270970
Varanasi,6,5,3,Car,Shoulder,16,Fine Dining,Budget,182030
Manali,12,5,2,Bus,Shoulder,25,Non-Veg,Luxury,391750
Varanasi,3,3,5,Flight,Shoulder,5,Street Food,Luxury,152500
Ladakh,12,7,3,Flight,Off-Peak,33,Street Food,Budget,539590
Paris,5,6,2,Flight,Off-Peak,15,Street Food,Moderate,1114300
Bali,14,2,3,Flight,Peak,1,Vegetarian,Moderate,243090
Manali,6,6,1,Bus,Peak,9,Street Food,Luxury,155140
Dubai,5,1,3,Flight,Shoulder,14,Non-Veg,Moderate,115610
Jaipur,3,1,5,Flight,Shoulder,7,Fine Dining,Budget,52050
Rishikesh,12,7,2,Flight,Off-Peak,4,Vegetarian,Moderate,270650
Goa,8,7,5,Flight,Off-Peak,1,Street Food,Luxury,829080
Jaipur,13,8,3,Train,Peak,5,Street Food,Luxury,616120
Dubai,2,7,3,Flight,Peak,4,Vegetarian,Moderate,439620
Varanasi,11,1,1,Flight,Peak,21,Vegetarian,Budget,39650
Jaipur,3,7,1,Flight,Shoulder,1,Non-Veg,Moderate,104620
Singapore,11,7,5,Flight,Peak,9,Vegetarian,Budget,2142820
Andaman,3,5,5,Train,Peak,6,Vegetarian,Moderate,270580
Singapore,8,8,5,Flight,Shoulder,6,Vegetarian,Budget,1521480
Ladakh,3,5,3,Flight,Shoulder,1,Street Food,Budget,86950
Kerala,5,7,1,Train,Shoulder,10,Fine Dining,Budget,176250
Varanasi,13,5,4,Car,Off-Peak,31,Street Food,Budget,322370
Udaipur,13,3,5,Flight,Shoulder,21,Street Food,Moderate,646100
Dubai,11,4,4,Flight,Shoulder,28,Vegetarian,Moderate,799570
Dubai,3,1,3,Flight,Off-Peak,4,Fine Dining,Luxury,114050
Manali,7,1,3,Bus,Peak,19,Vegetarian,Budget,48830
Singapore,8,1,2,Flight,Off-Peak,12,Street Food,Luxury,192360
Andaman,8,1,5,Flight,Shoulder,10,Street Food,Moderate,190580
Udaipur,7,2,2,Flight,Peak,17,Fine Dining,Budget,98600
Dubai,4,7,3,Flight,Off-Peak,5,Vegetarian,Luxury,696920
Singapore,4,5,3,Flight,Off-Peak,5,Vegetarian,Luxury,661040
Singapore,11,4,3,Flight,Shoulder,24,Non-Veg,Moderate,726310
Ladakh,12,4,4,Bus,Off-Peak,22,Vegetarian,Moderate,389420
Andaman,12,6,3,Train,Peak,32,Fine Dining,Luxury,1196330
Singapore,13,6,2,Flight,Shoulder,5,Non-Veg,Budget,673010
Paris,10,5,4,Flight,Shoulder,26,Vegetarian,Budget,1432190
Singapore,7,3,2,Flight,Shoulder,19,Non-Veg,Luxury,615400
Dubai,14,7,3,Flight,Peak,14,Street Food,Moderate,1127590
Bali,11,1,2,Flight,Peak,15,Fine Dining,Moderate,153570
Goa,2,5,1,Flight,Off-Peak,1,Non-Veg,Moderate,64770
Bali,13,6,4,Flight,Shoulder,15,Fine Dining,Budget,1028110
Jaipur,12,8,4,Train,Shoulder,11,Fine Dining,Moderate,722710
Kerala,13,7,2,Flight,Peak,33,Fine Dining,Budget,569890
Singapore,5,4,3,Flight,Shoulder,2,Vegetarian,Luxury,531420
Rishikesh,9,4,4,Flight,Peak,21,Street Food,Moderate,338980
Jaipur,12,4,5,Flight,Peak,5,Street Food,Budget,535680
Singapore,8,1,2,Flight,Peak,24,Non-Veg,Budget,158720
Varanasi,6,5,1,Train,Shoulder,8,Street Food,Luxury,111670
Andaman,2,3,1,Train,Peak,1,Non-Veg,Moderate,26450
Rishikesh,2,3,1,Flight,Peak,4,Street Food,Luxury,74200
Andaman,9,8,4,Train,Shoulder,11,Street Food,Moderate,578580
Varanasi,6,6,5,Bus,Peak,9,Vegetarian,Luxury,534630
Paris,6,4,3,Flight,Off-Peak,4,Vegetarian,Budget,505190
Bali,5,6,3,Flight,Peak,4,Vegetarian,Luxury,749450
Singapore,4,4,2,Flight,Peak,11,Vegetarian,Budget,357210
Paris,3,5,5,Flight,Shoulder,6,Vegetarian,Moderate,904320
Andaman,6,1,4,Flight,Shoulder,1,Street Food,Moderate,71450
Manali,7,2,3,Flight,Off-Peak,16,Street Food,Budget,63140
Andaman,6,4,3,Train,Shoulder,15,Non-Veg,Budget,161970
Ladakh,2,7,5,Flight,Shoulder,2,Fine Dining,Budget,191610
Kerala,5,6,5,Train,Shoulder,8,Vegetarian,Budget,281040
Kerala,10,5,5,Car,Off-Peak,20,Vegetarian,Luxury,891610
Paris,11,5,5,Flight,Shoulder,6,Street Food,Luxury,3084860
Bali,11,2,5,Flight,Shoulder,21,Street Food,Luxury,708230
Ladakh,8,5,3,Flight,Off-Peak,1,Vegetarian,Moderate,180000
Varanasi,4,5,2,Car,Off-Peak,9,Street Food,Moderate,73520
Varanasi,6,8,1,Bus,Off-Peak,16,Street Food,Luxury,202110
Singapore,2,2,3,Flight,Shoulder,4,Vegetarian,Luxury,242450
Dubai,14,4,4,Flight,Shoulder,10,Fine Dining,Budget,750940
Rishikesh,13,1,1,Bus,Shoulder,5,Street Food,Moderate,33290
Goa,12,8,2,Flight,Shoulder,3,Non-Veg,Budget,297580
Jaipur,12,5,1,Train,Off-Peak,9,Vegetarian,Moderate,150850
Varanasi,9,6,2,Train,Shoulder,21,Non-Veg,Luxury,300770
Dubai,5,3,5,Flight,Shoulder,8,Fine Dining,Budget,451370
Dubai,2,7,4,Flight,Off-Peak,5,Vegetarian,Moderate,462100
Udaipur,3,6,3,Bus,Off-Peak,7,Vegetarian,Moderate,93420
Bali,6,1,5,Flight,Peak,14,Non-Veg,Moderate,247090
Dubai,2,6,5,Flight,Shoulder,3,Vegetarian,Luxury,614370
Manali,5,4,5,Flight,Peak,3,Non-Veg,Moderate,276240
Manali,10,3,3,Flight,Shoulder,3,Non-Veg,Budget,139070
Dubai,13,7,5,Flight,Shoulder,20,Street Food,Luxury,3336120
Ladakh,10,8,5,Bus,Off-Peak,21,Street Food,Luxury,1388990
Bali,8,4,1,Flight,Shoulder,6,Street Food,Luxury,442180
Paris,5,7,5,Flight,Peak,3,Fine Dining,Luxury,2854430
Andaman,6,3,2,Flight,Peak,5,Street Food,Moderate,108080
Paris,14,1,1,Flight,Shoulder,25,Non-Veg,Budget,228500
Manali,11,7,2,Train,Off-Peak,2,Fine Dining,Luxury,500820
Singapore,8,1,4,Flight,Peak,6,Non-Veg,Budget,212640
Varanasi,8,8,2,Train,Shoulder,16,Street Food,Moderate,195350
Paris,6,3,5,Flight,Off-Peak,10,Vegetarian,Budget,727230
Goa,13,1,2,Bus,Peak,31,Non-Veg,Budget,74060
Kerala,6,3,4,Flight,Off-Peak,13,Non-Veg,Luxury,245280
Kerala,12,4,3,Bus,Peak,8,Non-Veg,Budget,217310
Rishikesh,2,7,5,Flight,Off-Peak,4,Non-Veg,Luxury,229080
Varanasi,5,2,1,Flight,Peak,9,Vegetarian,Moderate,43720
Bali,2,4,4,Flight,Shoulder,4,Street Food,Budget,240460
Paris,11,5,4,Flight,Peak,33,Vegetarian,Luxury,2863010
Andaman,7,5,3,Flight,Peak,16,Vegetarian,Luxury,481910
Dubai,11,5,1,Flight,Peak,32,Fine Dining,Budget,739960
Paris,5,2,2,Flight,Peak,12,Fine Dining,Luxury,532080
Paris,9,6,4,Flight,Shoulder,27,Vegetarian,Luxury,2679860
Goa,14,4,1,Flight,Off-Peak,30,Vegetarian,Moderate,244050
Kerala,13,7,3,Flight,Off-Peak,19,Vegetarian,Luxury,654760
Singapore,13,4,5,Flight,Off-Peak,11,Vegetarian,Luxury,1589100
Manali,6,8,4,Train,Shoulder,3,Non-Veg,Moderate,289230
Andaman,7,8,4,Bus,Peak,17,Non-Veg,Budget,585490
Singapore,14,7,1,Flight,Off-Peak,42,Fine Dining,Luxury,2357940
Bali,12,1,2,Flight,Off-Peak,20,Fine Dining,Luxury,240760
Jaipur,12,5,3,Train,Shoulder,26,Vegetarian,Luxury,470980
Rishikesh,10,7,3,Train,Peak,25,Vegetarian,Luxury,708780
Manali,13,6,5,Flight,Shoulder,29,Non-Veg,Budget,865860
Bali,13,6,5,Flight,Peak,25,Vegetarian,Budget,1612550
Ladakh,3,3,4,Flight,Shoulder,2,Fine Dining,Luxury,152080
Goa,13,8,5,Flight,Shoulder,9,Vegetarian,Luxury,1674240
Jaipur,12,4,5,Car,Peak,5,Non-Veg,Budget,539130
Bali,11,7,4,Flight,Shoulder,28,Non-Veg,Moderate,1287110
Goa,5,8,2,Flight,Shoulder,9,Non-Veg,Moderate,235070
Udaipur,2,8,1,Train,Off-Peak,1,Fine Dining,Moderate,84190
Varanasi,9,5,2,Train,Shoulder,16,Vegetarian,Moderate,148320
Udaipur,5,4,1,Flight,Off-Peak,10,Vegetarian,Luxury,162260
Varanasi,6,7,5,Train,Shoulder,8,Vegetarian,Moderate,399940
Rishikesh,8,2,1,Bus,Shoulder,7,Vegetarian,Budget,40000
Singapore,4,7,4,Flight,Peak,6,Fine Dining,Moderate,947090
Goa,12,1,5,Flight,Peak,20,Vegetarian,Budget,284590
Andaman,3,6,5,Bus,Off-Peak,1,Vegetarian,Budget,126200
Bali,12,1,1,Flight,Shoulder,14,Fine Dining,Moderate,136990
Singapore,13,4,3,Flight,Off-Peak,32,Fine Dining,Budget,832380
Singapore,11,4,5,Flight,Off-Peak,3,Fine Dining,Budget,841360
Bali,10,6,5,Flight,Shoulder,16,Vegetarian,Luxury,1768760
Manali,5,1,3,Flight,Off-Peak,9,Fine Dining,Luxury,69180
Kerala,7,2,1,Flight,Off-Peak,21,Vegetarian,Budget,65110
Bali,6,1,5,Flight,Shoulder,6,Fine Dining,Budget,187860
Varanasi,11,8,5,Train,Off-Peak,3,Non-Veg,Budget,538030
Rishikesh,13,8,4,Car,Shoulder,28,Vegetarian,Luxury,1089950
Kerala,13,6,1,Bus,Shoulder,2,Non-Veg,Luxury,273150
Udaipur,10,4,5,Train,Shoulder,22,Non-Veg,Budget,462250
Rishikesh,5,7,2,Flight,Off-Peak,11,Non-Veg,Luxury,335280
Dubai,9,1,2,Flight,Shoulder,25,Street Food,Budget,128090
Goa,9,2,3,Car,Off-Peak,3,Fine Dining,Budget,81980
Manali,3,8,5,Flight,Shoulder,8,Street Food,Moderate,303990
Udaipur,3,3,5,Train,Peak,1,Non-Veg,Budget,121340
Rishikesh,9,6,4,Flight,Shoulder,17,Non-Veg,Budget,374070
Goa,5,7,1,Flight,Shoulder,9,Street Food,Budget,148140
Dubai,4,5,5,Flight,Shoulder,11,Non-Veg,Moderate,671380
Singapore,9,2,2,Flight,Shoulder,10,Street Food,Moderate,248310
Paris,7,2,3,Flight,Shoulder,8,Street Food,Moderate,369820
Varanasi,9,5,3,Train,Off-Peak,18,Non-Veg,Moderate,184690
Andaman,12,1,1,Bus,Shoulder,7,Vegetarian,Budget,36920
Andaman,9,4,2,Train,Shoulder,3,Fine Dining,Moderate,194140
Paris,8,8,1,Flight,Off-Peak,12,Vegetarian,Luxury,1986020
Rishikesh,2,4,5,Train,Peak,5,Non-Veg,Moderate,85040
Paris,2,3,4,Flight,Shoulder,5,Street Food,Budget,363210
Dubai,6,6,4,Flight,Peak,8,Non-Veg,Luxury,1089650
Jaipur,6,6,2,Flight,Shoulder,15,Vegetarian,Moderate,184540
Varanasi,13,8,5,Car,Off-Peak,9,Street Food,Budget,636730
Goa,12,4,2,Car,Off-Peak,10,Street Food,Budget,117300
Dubai,10,7,2,Flight,Off-Peak,30,Street Food,Luxury,1571460
Paris,6,8,4,Flight,Off-Peak,6,Non-Veg,Luxury,2148520
Jaipur,12,6,3,Train,Shoulder,12,Street Food,Luxury,370040
Jaipur,3,3,2,Train,Shoulder,2,Non-Veg,Luxury,48360
Rishikesh,14,1,4,Flight,Peak,38,Fine Dining,Luxury,310230
Rishikesh,7,5,3,Flight,Peak,18,Non-Veg,Moderate,286280
Rishikesh,5,2,3,Bus,Peak,15,Non-Veg,Moderate,70030
Goa,5,3,5,Flight,Shoulder,4,Fine Dining,Luxury,345710
Bali,2,5,4,Flight,Off-Peak,5,Street Food,Moderate,363560
Andaman,14,7,2,Flight,Peak,24,Vegetarian,Luxury,952620
Rishikesh,8,6,4,Flight,Off-Peak,7,Fine Dining,Moderate,377120
Dubai,12,3,2,Flight,Peak,11,Fine Dining,Luxury,658310
Rishikesh,11,5,4,Train,Off-Peak,14,Street Food,Budget,259920
Jaipur,5,1,5,Flight,Peak,2,Street Food,Budget,94930
Kerala,10,1,2,Car,Off-Peak,29,Street Food,Moderate,56400
Rishikesh,14,5,4,Flight,Peak,41,Vegetarian,Moderate,766080
Jaipur,6,4,1,Flight,Peak,2,Vegetarian,Moderate,83910
Singapore,8,7,2,Flight,Peak,17,Fine Dining,Moderate,1172350
Ladakh,3,5,1,Train,Shoulder,8,Street Food,Budget,74110
Bali,7,2,1,Flight,Off-Peak,1,Fine Dining,Luxury,244140
Goa,8,7,1,Train,Peak,6,Street Food,Budget,126910
Bali,2,2,4,Flight,Shoulder,5,Fine Dining,Budget,132860
Dubai,11,2,4,Flight,Peak,20,Fine Dining,Budget,412810
Andaman,8,8,5,Train,Shoulder,16,Non-Veg,Budget,892090
Andaman,7,1,2,Car,Shoulder,5,Non-Veg,Luxury,60760
Varanasi,6,5,1,Train,Peak,1,Street Food,Budget,52910
Varanasi,2,3,2,Train,Peak,3,Vegetarian,Moderate,23710
Manali,6,6,2,Car,Off-Peak,7,Vegetarian,Moderate,131540
Ladakh,9,6,3,Flight,Peak,6,Non-Veg,Moderate,366580
Bali,4,3,1,Flight,Peak,9,Vegetarian,Moderate,254040
Kerala,2,6,2,Flight,Shoulder,4,Vegetarian,Budget,85580
Kerala,8,7,2,Flight,Peak,11,Vegetarian,Moderate,297680
Paris,4,5,5,Flight,Peak,4,Fine Dining,Budget,987560
Paris,14,3,3,Flight,Peak,11,Street Food,Moderate,858620
Kerala,14,4,5,Flight,Shoulder,19,Vegetarian,Luxury,1055480
Udaipur,12,7,3,Flight,Off-Peak,18,Non-Veg,Luxury,710110
Varanasi,13,1,2,Flight,Peak,34,Street Food,Luxury,97840
Manali,6,7,2,Bus,Off-Peak,2,Fine Dining,Budget,163170
Goa,14,5,5,Bus,Off-Peak,7,Fine Dining,Luxury,1205410
Varanasi,3,3,2,Train,Peak,2,Vegetarian,Luxury,42750
Ladakh,6,5,4,Train,Peak,4,Vegetarian,Moderate,276920
Ladakh,13,1,1,Flight,Shoulder,23,Street Food,Luxury,106090
Rishikesh,13,5,5,Flight,Off-Peak,32,Non-Veg,Moderate,765630
Ladakh,11,7,4,Flight,Peak,29,Non-Veg,Budget,870460
Paris,2,5,4,Flight,Shoulder,1,Non-Veg,Budget,567710
Rishikesh,2,4,4,Train,Peak,5,Non-Veg,Moderate,66080
Kerala,14,5,1,Flight,Off-Peak,16,Fine Dining,Budget,315890
Kerala,8,6,4,Car,Shoulder,5,Street Food,Moderate,296210
Rishikesh,2,4,1,Flight,Shoulder,4,Vegetarian,Moderate,63520
Ladakh,12,2,2,Flight,Shoulder,25,Fine Dining,Budget,171480
Rishikesh,5,4,1,Flight,Off-Peak,13,Fine Dining,Budget,141160
Kerala,13,7,1,Train,Off-Peak,23,Non-Veg,Budget,288250
Rishikesh,9,4,3,Train,Peak,3,Vegetarian,Moderate,144870
Bali,9,5,4,Flight,Shoulder,9,Street Food,Budget,599120
Dubai,9,8,1,Flight,Shoulder,25,Vegetarian,Luxury,1556730
Udaipur,10,2,5,Flight,Shoulder,28,Fine Dining,Luxury,476730
Udaipur,5,7,1,Bus,Peak,11,Non-Veg,Luxury,234630
Varanasi,9,4,4,Train,Off-Peak,19,Vegetarian,Budget,154610
Paris,2,5,1,Flight,Off-Peak,6,Street Food,Moderate,682360
Dubai,6,4,1,Flight,Shoulder,6,Vegetarian,Luxury,421570
Singapore,10,8,4,Flight,Peak,22,Street Food,Luxury,2773400
Andaman,7,8,2,Flight,Peak,10,Vegetarian,Budget,293220
Rishikesh,7,8,5,Car,Shoulder,15,Vegetarian,Budget,514700
Singapore,9,3,5,Flight,Peak,18,Non-Veg,Luxury,1754590
Kerala,9,6,2,Flight,Off-Peak,19,Vegetarian,Luxury,394600
Goa,12,5,1,Train,Shoulder,36,Fine Dining,Moderate,394490
Paris,5,1,3,Flight,Peak,8,Street Food,Budget,162730
Varanasi,7,7,4,Flight,Peak,14,Fine Dining,Moderate,497030
Manali,6,5,1,Flight,Off-Peak,9,Vegetarian,Moderate,130080
Goa,4,4,1,Flight,Shoulder,5,Vegetarian,Moderate,82910
Bali,9,3,5,Flight,Shoulder,17,Non-Veg,Budget,616530
Rishikesh,12,6,3,Flight,Peak,18,Fine Dining,Luxury,840550
Bali,13,3,3,Flight,Peak,39,Street Food,Luxury,837110
Andaman,8,6,3,Flight,Shoulder,17,Street Food,Luxury,563590
Dubai,13,4,4,Flight,Peak,4,Fine Dining,Budget,777240
Paris,13,3,3,Flight,Off-Peak,38,Vegetarian,Moderate,1008500
Udaipur,9,2,5,Flight,Off-Peak,13,Vegetarian,Luxury,278580
Ladakh,5,1,3,Flight,Peak,6,Street Food,Budget,40420
Manali,5,2,4,Train,Shoulder,8,Fine Dining,Budget,71570
Goa,9,2,2,Bus,Off-Peak,23,Street Food,Budget,65560
Jaipur,13,6,1,Flight,Shoulder,12,Street Food,Budget,186670
Bali,2,5,2,Flight,Off-Peak,5,Vegetarian,Moderate,365120
Andaman,9,7,2,Car,Peak,15,Vegetarian,Budget,350100
Ladakh,5,2,4,Train,Peak,10,Vegetarian,Moderate,101890
Andaman,6,8,2,Flight,Peak,10,Street Food,Moderate,346650
Rishikesh,4,1,2,Flight,Peak,7,Vegetarian,Moderate,30470
Paris,7,1,2,Flight,Shoulder,3,Non-Veg,Moderate,160780
Bali,9,4,1,Flight,Peak,5,Vegetarian,Luxury,487740
Udaipur,8,7,3,Flight,Peak,11,Non-Veg,Luxury,594700
Ladakh,4,2,4,Car,Shoulder,4,Fine Dining,Budget,67160
Rishikesh,13,7,1,Train,Off-Peak,1,Fine Dining,Luxury,542100
Jaipur,10,1,3,Train,Peak,4,Non-Veg,Moderate,71630
Udaipur,10,7,3,Flight,Shoulder,5,Street Food,Budget,283170
Goa,9,1,3,Train,Shoulder,1,Fine Dining,Budget,59570
Varanasi,2,7,5,Train,Shoulder,3,Vegetarian,Budget,91820
Varanasi,12,7,2,Car,Shoulder,36,Street Food,Luxury,439760
Andaman,5,6,4,Flight,Shoulder,11,Non-Veg,Moderate,349100
Manali,7,2,4,Bus,Off-Peak,15,Fine Dining,Budget,101420
Jaipur,9,5,5,Flight,Peak,27,Non-Veg,Moderate,796510
Ladakh,14,5,3,Train,Peak,5,Street Food,Moderate,395540
Manali,5,5,4,Bus,Shoulder,5,Street Food,Budget,127860
Paris,14,7,3,Flight,Peak,10,Non-Veg,Budget,1678320
Singapore,6,8,1,Flight,Off-Peak,17,Vegetarian,Budget,784670
Rishikesh,13,2,2,Train,Shoulder,5,Fine Dining,Budget,109680
Rishikesh,11,5,2,Flight,Shoulder,8,Non-Veg,Moderate,236730
Udaipur,14,4,1,Train,Off-Peak,2,Fine Dining,Luxury,329860
Bali,11,1,3,Flight,Off-Peak,33,Vegetarian,Luxury,243290
Goa,5,4,3,Train,Peak,6,Vegetarian,Luxury,154290
Manali,13,1,3,Flight,Off-Peak,15,Fine Dining,Luxury,150650
Dubai,8,1,2,Flight,Peak,8,Vegetarian,Budget,95760
Andaman,11,5,4,Flight,Peak,5,Non-Veg,Moderate,644970
Udaipur,8,5,2,Train,Peak,23,Fine Dining,Luxury,476770
Jaipur,8,3,1,Train,Shoulder,20,Fine Dining,Luxury,217030
Paris,7,2,2,Flight,Shoulder,1,Non-Veg,Budget,239610
Manali,13,5,4,Flight,Off-Peak,23,Street Food,Luxury,677930
Manali,14,7,4,Flight,Off-Peak,41,Vegetarian,Budget,619620
Bali,11,6,1,Flight,Shoulder,16,Street Food,Moderate,633950
Andaman,6,6,1,Train,Peak,11,Non-Veg,Budget,180390
Jaipur,2,8,2,Car,Off-Peak,5,Street Food,Moderate,76560
Kerala,8,2,2,Train,Off-Peak,12,Fine Dining,Moderate,87950
Rishikesh,8,2,5,Train,Off-Peak,11,Non-Veg,Luxury,202030
Goa,10,4,3,Flight,Shoulder,27,Non-Veg,Luxury,407410
Rishikesh,10,6,5,Train,Off-Peak,4,Non-Veg,Budget,405340
Andaman,7,7,5,Flight,Shoulder,20,Street Food,Budget,819300
Andaman,13,3,2,Flight,Off-Peak,16,Vegetarian,Budget,178580
Jaipur,6,2,5,Flight,Off-Peak,12,Fine Dining,Luxury,222920
Rishikesh,13,1,2,Car,Peak,33,Vegetarian,Budget,78520
Udaipur,3,1,4,Flight,Shoulder,6,Vegetarian,Budget,33750
Dubai,14,5,3,Flight,Shoulder,15,Fine Dining,Luxury,1306540
Manali,12,5,2,Train,Peak,14,Non-Veg,Budget,231160
Manali,10,7,4,Car,Off-Peak,21,Vegetarian,Moderate,471000
Udaipur,13,5,4,Train,Off-Peak,9,Vegetarian,Luxury,645150
Manali,12,1,3,Flight,Peak,33,Fine Dining,Budget,118520
Rishikesh,4,7,1,Bus,Off-Peak,9,Street Food,Moderate,119010
Singapore,11,6,2,Flight,Peak,19,Non-Veg,Budget,818890
Bali,5,3,2,Flight,Shoulder,3,Fine Dining,Moderate,260460
Singapore,4,8,4,Flight,Shoulder,6,Street Food,Luxury,1236970
Kerala,3,6,2,Flight,Shoulder,9,Fine Dining,Moderate,181540
Jaipur,13,7,2,Train,Off-Peak,26,Street Food,Luxury,479870
Ladakh,4,1,3,Train,Off-Peak,11,Non-Veg,Moderate,37630
Singapore,11,5,4,Flight,Shoulder,4,Street Food,Luxury,1409040
Paris,5,3,5,Flight,Shoulder,4,Non-Veg,Luxury,1127310
Kerala,7,5,4,Flight,Shoulder,21,Street Food,Luxury,514210
Andaman,13,8,4,Train,Peak,34,Street Food,Budget,1102490
Paris,3,4,5,Flight,Shoulder,5,Fine Dining,Luxury,1028780
Manali,3,6,4,Flight,Off-Peak,6,Vegetarian,Budget,125950
Udaipur,5,8,4,Train,Peak,7,Non-Veg,Luxury,524510
Bali,8,6,3,Flight,Off-Peak,20,Street Food,Luxury,1008090
Manali,13,8,5,Train,Peak,9,Vegetarian,Budget,1131490
Dubai,3,1,1,Flight,Peak,5,Non-Veg,Luxury,102310
Dubai,8,1,4,Flight,Peak,11,Vegetarian,Moderate,220980
Bali,7,2,3,Flight,Off-Peak,2,Street Food,Moderate,153640
Paris,14,1,5,Flight,Peak,1,Fine Dining,Luxury,1407810
Rishikesh,13,8,2,Flight,Off-Peak,12,Street Food,Luxury,538150
Ladakh,13,7,4,Flight,Off-Peak,9,Fine Dining,Luxury,1211260
Goa,7,2,4,Flight,Shoulder,5,Fine Dining,Budget,104540
Jaipur,6,4,2,Flight,Shoulder,15,Fine Dining,Luxury,257630
Udaipur,9,8,2,Flight,Off-Peak,26,Non-Veg,Moderate,467530
Singapore,7,8,3,Flight,Peak,7,Vegetarian,Budget,820320
Dubai,11,8,5,Flight,Peak,17,Vegetarian,Moderate,2612070
Manali,12,3,5,Flight,Shoulder,6,Vegetarian,Moderate,499410
Andaman,8,7,5,Bus,Off-Peak,9,Street Food,Budget,621880
Paris,3,8,1,Flight,Peak,5,Non-Veg,Moderate,1099700
Rishikesh,12,4,1,Flight,Shoulder,13,Street Food,Luxury,228660
Kerala,7,6,5,Flight,Off-Peak,13,Street Food,Budget,376140
Goa,9,2,1,Train,Peak,17,Non-Veg,Luxury,111650
Singapore,9,7,3,Flight,Off-Peak,14,Vegetarian,Budget,871440
Manali,6,4,4,Train,Peak,4,Street Food,Budget,137720
Udaipur,7,7,3,Flight,Off-Peak,2,Fine Dining,Budget,284750
Varanasi,8,7,2,Car,Peak,21,Street Food,Budget,187350
Paris,3,1,3,Flight,Off-Peak,2,Street Food,Moderate,132450
Rishikesh,9,1,3,Bus,Off-Peak,4,Vegetarian,Budget,35460
Varanasi,14,4,4,Train,Off-Peak,41,Non-Veg,Luxury,467740
Kerala,9,3,5,Flight,Off-Peak,18,Street Food,Moderate,357770
Paris,2,6,3,Flight,Shoulder,5,Vegetarian,Moderate,789750
Kerala,13,7,5,Bus,Peak,21,Fine Dining,Luxury,2496560
Udaipur,2,1,2,Train,Peak,6,Vegetarian,Budget,12720
Andaman,10,4,4,Bus,Shoulder,1,Non-Veg,Budget,230320
Singapore,10,5,1,Flight,Shoulder,16,Street Food,Budget,560820
Paris,11,2,5,Flight,Shoulder,12,Fine Dining,Budget,725380
Varanasi,14,7,1,Train,Off-Peak,24,Fine Dining,Luxury,670360
Kerala,5,6,3,Bus,Off-Peak,9,Fine Dining,Luxury,282660
Goa,8,4,1,Bus,Peak,5,Non-Veg,Luxury,147000
Singapore,5,6,2,Flight,Off-Peak,14,Street Food,Luxury,999220
Manali,7,4,3,Bus,Off-Peak,21,Street Food,Moderate,143050
Kerala,8,5,4,Flight,Shoulder,22,Fine Dining,Moderate,440190
Dubai,4,4,1,Flight,Peak,2,Fine Dining,Luxury,399400
Rishikesh,10,1,5,Train,Shoulder,24,Fine Dining,Moderate,212800
Paris,12,6,5,Flight,Peak,1,Fine Dining,Luxury,3906560
Goa,10,7,4,Train,Shoulder,9,Street Food,Moderate,449220
Jaipur,9,7,4,Flight,Shoulder,26,Fine Dining,Moderate,684940
Jaipur,5,4,3,Bus,Shoulder,5,Street Food,Budget,58990
Udaipur,11,3,2,Bus,Off-Peak,28,Non-Veg,Luxury,249170
Manali,7,1,2,Flight,Shoulder,7,Street Food,Budget,29530
Varanasi,2,6,2,Flight,Shoulder,1,Fine Dining,Luxury,138440
Udaipur,4,7,1,Train,Off-Peak,10,Street Food,Budget,105160
Ladakh,7,8,4,Flight,Shoulder,13,Vegetarian,Luxury,796550
Paris,7,2,5,Flight,Off-Peak,3,Street Food,Moderate,475520
Paris,5,7,4,Flight,Shoulder,4,Street Food,Luxury,1838100
Varanasi,10,8,3,Train,Off-Peak,22,Fine Dining,Luxury,705890
Udaipur,3,4,1,Bus,Off-Peak,9,Fine Dining,Moderate,81240
Singapore,13,7,1,Flight,Shoulder,16,Fine Dining,Budget,964180
Ladakh,9,8,4,Flight,Shoulder,21,Non-Veg,Budget,625380
Rishikesh,6,8,4,Flight,Peak,3,Street Food,Moderate,335320
Bali,12,4,2,Flight,Off-Peak,12,Vegetarian,Luxury,640680
Goa,7,1,3,Flight,Off-Peak,4,Street Food,Budget,34410
Rishikesh,7,5,1,Flight,Off-Peak,3,Non-Veg,Moderate,126490
Kerala,6,7,2,Bus,Off-Peak,16,Vegetarian,Budget,158130
Jaipur,5,1,4,Flight,Peak,6,Non-Veg,Luxury,92620
Udaipur,7,1,5,Flight,Peak,17,Non-Veg,Luxury,303230
Bali,8,1,5,Flight,Shoulder,18,Street Food,Luxury,387120
Udaipur,10,3,4,Car,Shoulder,28,Street Food,Budget,242120
Udaipur,9,4,5,Train,Off-Peak,24,Non-Veg,Moderate,449160
Andaman,2,8,5,Car,Off-Peak,3,Fine Dining,Budget,172560
Singapore,2,5,3,Flight,Shoulder,6,Vegetarian,Moderate,440290
Bali,8,3,5,Flight,Off-Peak,24,Vegetarian,Luxury,839470
Udaipur,11,4,2,Train,Peak,26,Fine Dining,Budget,273770
Kerala,7,5,4,Flight,Shoulder,20,Fine Dining,Luxury,568480
Varanasi,8,8,1,Flight,Shoulder,11,Non-Veg,Luxury,350950
Singapore,13,8,2,Flight,Shoulder,21,Vegetarian,Luxury,2007780
Singapore,10,8,1,Flight,Off-Peak,22,Fine Dining,Budget,1116090
Paris,7,4,5,Flight,Peak,12,Non-Veg,Luxury,1954430
Bali,12,8,2,Flight,Shoulder,34,Non-Veg,Luxury,1886560
Goa,14,8,1,Flight,Peak,3,Street Food,Luxury,407090
Kerala,3,3,5,Flight,Shoulder,9,Non-Veg,Luxury,208840
Goa,4,8,5,Car,Peak,8,Non-Veg,Budget,367240
Paris,11,3,3,Flight,Peak,15,Street Food,Budget,678660
Goa,8,4,5,Flight,Off-Peak,12,Non-Veg,Budget,293340
Ladakh,12,4,4,Bus,Off-Peak,8,Street Food,Moderate,277160
Rishikesh,8,7,3,Train,Peak,13,Street Food,Moderate,300190
Varanasi,11,6,4,Bus,Off-Peak,21,Fine Dining,Budget,403120
Varanasi,13,8,4,Car,Peak,23,Vegetarian,Moderate,653010
Varanasi,13,2,1,Train,Shoulder,21,Street Food,Budget,50410
Udaipur,10,5,3,Bus,Off-Peak,5,Vegetarian,Luxury,270760
Ladakh,3,1,3,Flight,Peak,8,Fine Dining,Luxury,61840
Andaman,8,1,5,Train,Shoulder,22,Vegetarian,Budget,180900
Varanasi,12,7,4,Flight,Off-Peak,19,Vegetarian,Luxury,677840
Dubai,12,6,1,Flight,Peak,3,Fine Dining,Moderate,644220
Goa,12,3,2,Train,Peak,26,Vegetarian,Luxury,277830
Bali,14,5,5,Flight,Peak,22,Street Food,Luxury,2594000
Paris,12,1,2,Flight,Off-Peak,26,Non-Veg,Luxury,385510
Ladakh,9,3,2,Flight,Shoulder,25,Vegetarian,Moderate,201170
Paris,5,4,3,Flight,Peak,13,Fine Dining,Luxury,1196390
Ladakh,6,7,4,Train,Off-Peak,2,Vegetarian,Luxury,358010
Varanasi,5,1,3,Train,Off-Peak,9,Street Food,Moderate,23190
Varanasi,3,5,1,Train,Shoulder,2,Street Food,Budget,31370
Rishikesh,9,4,1,Train,Peak,19,Vegetarian,Moderate,165920
Rishikesh,10,2,2,Bus,Peak,28,Fine Dining,Moderate,155970
Dubai,4,2,3,Flight,Peak,2,Street Food,Moderate,134530
Andaman,8,3,3,Flight,Peak,5,Fine Dining,Budget,194500
Kerala,9,7,5,Train,Shoulder,6,Non-Veg,Luxury,1150170
Udaipur,14,5,4,Flight,Peak,36,Vegetarian,Luxury,1188850
Rishikesh,11,8,1,Train,Peak,15,Vegetarian,Moderate,318710
Manali,8,1,3,Flight,Peak,9,Fine Dining,Moderate,76490
Andaman,7,1,3,Flight,Peak,12,Non-Veg,Moderate,80550
Varanasi,12,3,5,Car,Shoulder,19,Fine Dining,Moderate,466720
Dubai,11,2,2,Flight,Off-Peak,30,Vegetarian,Moderate,304000
Udaipur,8,3,1,Train,Off-Peak,7,Street Food,Budget,55770
Varanasi,13,3,3,Bus,Shoulder,27,Vegetarian,Luxury,264180
Ladakh,12,2,3,Flight,Shoulder,1,Non-Veg,Moderate,119580
Jaipur,7,4,3,Flight,Shoulder,11,Street Food,Budget,121870
Kerala,8,3,1,Flight,Shoulder,4,Fine Dining,Moderate,125910
Goa,11,6,3,Car,Off-Peak,24,Non-Veg,Moderate,354120
Varanasi,8,1,5,Car,Off-Peak,17,Non-Veg,Luxury,149880
Kerala,9,2,2,Flight,Peak,10,Vegetarian,Luxury,123320
Dubai,11,4,4,Flight,Off-Peak,7,Non-Veg,Budget,472550
Kerala,9,4,2,Flight,Shoulder,5,Street Food,Moderate,134980
Andaman,9,5,4,Bus,Shoulder,17,Vegetarian,Luxury,694200
Ladakh,14,7,5,Car,Off-Peak,30,Fine Dining,Luxury,2381030
Bali,6,5,5,Flight,Off-Peak,7,Vegetarian,Budget,575110
Varanasi,12,8,2,Car,Off-Peak,26,Street Food,Luxury,409840
Bali,2,6,2,Flight,Shoulder,6,Street Food,Moderate,433350
Jaipur,14,3,1,Flight,Shoulder,8,Non-Veg,Budget,117070
Bali,2,6,2,Flight,Shoulder,1,Non-Veg,Luxury,561580
Jaipur,5,4,1,Train,Off-Peak,15,Vegetarian,Luxury,112370
Andaman,8,5,5,Bus,Peak,8,Street Food,Budget,658650
Manali,11,4,5,Train,Off-Peak,24,Non-Veg,Budget,360730
Ladakh,14,4,5,Train,Peak,24,Street Food,Budget,813410
Manali,7,2,1,Train,Shoulder,1,Street Food,Budget,21650
Andaman,7,1,3,Flight,Peak,14,Non-Veg,Budget,71550
Udaipur,10,3,2,Car,Shoulder,4,Non-Veg,Moderate,125630
Manali,14,4,3,Flight,Shoulder,9,Vegetarian,Budget,204890
Goa,3,6,4,Bus,Off-Peak,8,Vegetarian,Moderate,113210
Bali,10,2,1,Flight,Off-Peak,20,Street Food,Luxury,306990
Andaman,10,7,4,Car,Peak,18,Non-Veg,Moderate,874290
Singapore,8,3,1,Flight,Shoulder,2,Street Food,Budget,218840
Jaipur,2,8,1,Car,Peak,5,Vegetarian,Budget,70210
Bali,4,1,1,Flight,Shoulder,12,Street Food,Budget,72990
Goa,9,1,2,Car,Shoulder,16,Fine Dining,Luxury,102330
Dubai,9,3,1,Flight,Peak,6,Street Food,Budget,213600
Varanasi,4,3,5,Bus,Peak,3,Non-Veg,Luxury,211440
Dubai,4,6,3,Flight,Peak,2,Fine Dining,Luxury,691640
Dubai,5,5,4,Flight,Shoulder,5,Non-Veg,Luxury,703250
Rishikesh,8,5,3,Train,Shoulder,18,Vegetarian,Budget,200330
Dubai,11,3,3,Flight,Shoulder,14,Street Food,Moderate,446640
Rishikesh,5,8,3,Flight,Off-Peak,11,Fine Dining,Luxury,471510
Varanasi,10,4,5,Train,Peak,1,Street Food,Luxury,585660
Goa,11,1,2,Flight,Peak,7,Vegetarian,Budget,54620
Bali,13,1,3,Flight,Peak,14,Non-Veg,Budget,170190
Varanasi,12,7,5,Flight,Peak,8,Vegetarian,Budget,883010
Goa,3,4,2,Flight,Peak,7,Non-Veg,Budget,81920
Andaman,2,4,1,Car,Off-Peak,3,Non-Veg,Moderate,47610
Jaipur,5,2,4,Flight,Peak,15,Non-Veg,Budget,79520
Manali,9,2,4,Flight,Off-Peak,10,Fine Dining,Moderate,154430
Ladakh,2,6,1,Train,Off-Peak,5,Fine Dining,Budget,84310
Bali,13,1,1,Flight,Shoulder,27,Street Food,Budget,118510
Kerala,14,7,2,Flight,Shoulder,6,Street Food,Moderate,318020
Kerala,6,2,2,Train,Peak,5,Non-Veg,Luxury,73080
Andaman,9,2,1,Flight,Shoulder,24,Street Food,Budget,101170
Bali,4,4,3,Flight,Shoulder,8,Street Food,Moderate,317290
Ladakh,11,1,3,Train,Shoulder,22,Non-Veg,Budget,84700
Udaipur,12,8,3,Flight,Peak,21,Street Food,Luxury,892250
Rishikesh,11,2,4,Bus,Off-Peak,16,Vegetarian,Moderate,131960
Varanasi,3,2,1,Flight,Off-Peak,5,Vegetarian,Budget,26140
Singapore,10,5,3,Flight,Shoulder,14,Street Food,Budget,634730
Dubai,5,8,1,Flight,Off-Peak,8,Fine Dining,Budget,581830
Goa,12,7,4,Train,Shoulder,21,Vegetarian,Luxury,935860
Paris,2,4,3,Flight,Peak,1,Vegetarian,Moderate,498250
Manali,9,1,4,Flight,Off-Peak,2,Vegetarian,Budget,65460
Udaipur,5,4,1,Train,Off-Peak,11,Vegetarian,Moderate,80230
Jaipur,7,8,5,Flight,Shoulder,9,Vegetarian,Budget,498440
Manali,12,6,3,Bus,Shoulder,4,Street Food,Luxury,351420
Kerala,6,2,1,Flight,Shoulder,7,Fine Dining,Luxury,103780
Dubai,13,2,1,Flight,Shoulder,31,Fine Dining,Moderate,361610
Andaman,4,5,5,Flight,Peak,1,Street Food,Moderate,339380
Manali,14,2,4,Car,Shoulder,26,Vegetarian,Budget,165350
Bali,14,6,1,Flight,Off-Peak,22,Non-Veg,Budget,625740
Paris,8,7,3,Flight,Peak,3,Street Food,Moderate,1288150
Varanasi,5,4,1,Car,Shoulder,10,Fine Dining,Budget,89820
Singapore,7,5,1,Flight,Peak,7,Street Food,Luxury,685410
Jaipur,12,5,4,Train,Peak,7,Vegetarian,Moderate,472590
Dubai,2,8,5,Flight,Shoulder,5,Fine Dining,Moderate,662810
Goa,3,4,1,Flight,Off-Peak,6,Fine Dining,Luxury,141550
Ladakh,9,4,2,Flight,Peak,12,Street Food,Budget,169030
Bali,9,1,1,Flight,Off-Peak,14,Fine Dining,Budget,107400
Varanasi,5,2,4,Bus,Shoulder,1,Fine Dining,Budget,57290
Jaipur,9,1,1,Car,Peak,17,Fine Dining,Luxury,81320
Bali,13,8,3,Flight,Off-Peak,2,Fine Dining,Budget,891710
Varanasi,13,6,1,Train,Shoulder,37,Non-Veg,Luxury,383710
Ladakh,9,3,4,Flight,Peak,13,Non-Veg,Luxury,533510
Bali,12,3,3,Flight,Peak,28,Vegetarian,Budget,456480
Ladakh,2,7,2,Train,Off-Peak,6,Vegetarian,Luxury,155880
Paris,13,1,4,Flight,Off-Peak,13,Vegetarian,Budget,307690
Dubai,3,8,5,Flight,Shoulder,3,Non-Veg,Budget,589100
Manali,4,6,4,Train,Peak,6,Vegetarian,Luxury,255710
Jaipur,10,6,4,Flight,Peak,23,Street Food,Luxury,695680
Ladakh,3,4,3,Bus,Shoulder,8,Non-Veg,Budget,74610
Dubai,9,4,4,Flight,Shoulder,6,Vegetarian,Luxury,801420
Paris,4,1,5,Flight,Shoulder,3,Vegetarian,Moderate,266470
Udaipur,6,2,3,Train,Shoulder,3,Fine Dining,Budget,61790
Dubai,7,3,3,Flight,Peak,21,Vegetarian,Luxury,621420
Paris,13,8,4,Flight,Off-Peak,39,Non-Veg,Moderate,2898250
Singapore,4,8,2,Flight,Shoulder,10,Fine Dining,Moderate,842320
Rishikesh,13,2,4,Car,Peak,9,Non-Veg,Budget,152610
Manali,3,2,2,Train,Peak,2,Vegetarian,Moderate,20900
Varanasi,14,1,2,Bus,Shoulder,37,Fine Dining,Luxury,137840
Ladakh,13,2,2,Flight,Off-Peak,9,Non-Veg,Budget,99400
Goa,10,8,2,Train,Shoulder,29,Street Food,Budget,353560
Singapore,14,5,2,Flight,Off-Peak,7,Non-Veg,Moderate,628920
Rishikesh,7,8,5,Flight,Off-Peak,6,Vegetarian,Budget,448160
Manali,8,3,2,Flight,Peak,17,Vegetarian,Luxury,217570
Bali,5,8,1,Flight,Shoulder,2,Non-Veg,Budget,508590
Rishikesh,6,5,5,Train,Peak,18,Vegetarian,Budget,389570
Ladakh,12,8,2,Train,Peak,15,Non-Veg,Moderate,482830
Ladakh,11,5,4,Flight,Shoulder,21,Fine Dining,Budget,590270
Udaipur,2,1,3,Car,Shoulder,3,Non-Veg,Budget,12930
Rishikesh,13,2,1,Bus,Peak,36,Non-Veg,Luxury,204110
Jaipur,10,6,1,Bus,Peak,24,Fine Dining,Moderate,343740
Rishikesh,14,3,3,Train,Off-Peak,23,Non-Veg,Moderate,213130
Varanasi,8,5,1,Flight,Peak,7,Vegetarian,Moderate,140790
Andaman,8,7,4,Flight,Off-Peak,23,Street Food,Budget,550850
Jaipur,3,2,5,Bus,Peak,7,Vegetarian,Budget,60020
Bali,7,6,2,Flight,Peak,20,Non-Veg,Moderate,673170
Manali,5,5,1,Flight,Shoulder,10,Vegetarian,Moderate,122940
Jaipur,9,4,1,Flight,Off-Peak,19,Non-Veg,Budget,141180
Ladakh,7,3,1,Train,Peak,13,Non-Veg,Moderate,116910
Paris,6,3,3,Flight,Shoulder,18,Fine Dining,Moderate,670530
Varanasi,14,6,1,Bus,Shoulder,9,Vegetarian,Moderate,177470
Jaipur,8,8,5,Train,Peak,1,Street Food,Budget,657550
Paris,13,1,5,Flight,Shoulder,31,Vegetarian,Budget,645570
Paris,7,1,5,Flight,Peak,19,Street Food,Luxury,812560
Paris,6,5,3,Flight,Shoulder,11,Street Food,Luxury,1401160
Rishikesh,14,2,4,Flight,Peak,3,Fine Dining,Moderate,230500
Dubai,7,2,3,Flight,Off-Peak,11,Street Food,Moderate,201560
Ladakh,2,3,1,Flight,Shoulder,6,Street Food,Moderate,61460
Bali,12,4,1,Flight,Peak,5,Non-Veg,Moderate,399580
Manali,6,1,3,Train,Off-Peak,2,Street Food,Luxury,38040
Bali,3,5,3,Flight,Shoulder,6,Fine Dining,Luxury,592370
Goa,2,1,3,Flight,Shoulder,6,Street Food,Moderate,21690
Ladakh,11,8,4,Train,Peak,19,Street Food,Moderate,850760
Andaman,2,5,5,Train,Peak,3,Street Food,Moderate,133640
Udaipur,8,1,1,Car,Off-Peak,2,Street Food,Luxury,29500
Manali,3,2,2,Train,Peak,7,Fine Dining,Budget,36600
Varanasi,2,2,3,Train,Off-Peak,1,Fine Dining,Budget,17380
Goa,9,2,4,Flight,Off-Peak,14,Fine Dining,Moderate,169300
Udaipur,14,7,2,Bus,Peak,41,Vegetarian,Luxury,904870
Jaipur,14,3,2,Flight,Shoulder,26,Street Food,Budget,148270
Ladakh,8,2,4,Train,Shoulder,9,Street Food,Luxury,174830
Varanasi,14,3,3,Train,Peak,35,Non-Veg,Budget,207070
Singapore,3,2,2,Flight,Shoulder,3,Fine Dining,Luxury,250720
Ladakh,14,8,5,Bus,Peak,38,Street Food,Luxury,3155610
Bali,3,5,3,Flight,Off-Peak,5,Vegetarian,Budget,320720
Ladakh,8,6,5,Flight,Shoulder,8,Non-Veg,Luxury,1022300
Rishikesh,13,8,5,Flight,Shoulder,16,Street Food,Moderate,1105600
Dubai,14,8,4,Flight,Shoulder,37,Street Food,Budget,1689760
Goa,7,4,3,Bus,Shoulder,4,Vegetarian,Luxury,156380
Andaman,4,8,3,Flight,Shoulder,7,Street Food,Luxury,394990
Singapore,2,2,5,Flight,Peak,5,Non-Veg,Moderate,197940
Ladakh,4,6,5,Train,Off-Peak,4,Vegetarian,Moderate,242180
Bali,9,1,5,Flight,Shoulder,14,Street Food,Moderate,294230
Goa,12,6,4,Train,Peak,27,Street Food,Budget,542520
Ladakh,14,8,4,Car,Peak,18,Vegetarian,Moderate,1146660
Udaipur,2,3,3,Car,Off-Peak,1,Vegetarian,Moderate,28160
Ladakh,6,5,1,Train,Off-Peak,18,Fine Dining,Moderate,262190
Kerala,7,7,2,Train,Shoulder,18,Fine Dining,Moderate,333960
Varanasi,13,8,4,Car,Off-Peak,27,Non-Veg,Budget,503790
Paris,6,3,1,Flight,Off-Peak,11,Vegetarian,Luxury,760280
Jaipur,14,1,4,Flight,Off-Peak,31,Non-Veg,Luxury,206190
Paris,14,3,4,Flight,Shoulder,37,Fine Dining,Luxury,2054470
Rishikesh,9,1,5,Train,Shoulder,27,Non-Veg,Luxury,265670
Andaman,8,1,2,Flight,Shoulder,20,Vegetarian,Luxury,101710
Udaipur,8,5,3,Train,Off-Peak,20,Fine Dining,Budget,277980
Goa,2,8,5,Bus,Peak,4,Fine Dining,Budget,165960
Singapore,9,5,2,Flight,Shoulder,16,Vegetarian,Moderate,746250
Bali,3,2,4,Flight,Peak,7,Fine Dining,Budget,167250
Dubai,9,3,3,Flight,Off-Peak,6,Fine Dining,Budget,294720
Bali,3,6,4,Flight,Off-Peak,8,Vegetarian,Moderate,511980
Kerala,5,1,4,Train,Peak,9,Vegetarian,Budget,54330
Paris,6,1,2,Flight,Peak,16,Fine Dining,Budget,185980
Andaman,11,3,3,Train,Peak,1,Vegetarian,Luxury,282040
Bali,12,6,5,Flight,Off-Peak,8,Vegetarian,Luxury,1742990
Bali,6,7,3,Flight,Peak,8,Vegetarian,Budget,597070
Rishikesh,9,2,3,Flight,Shoulder,19,Fine Dining,Budget,132680
Dubai,4,1,2,Flight,Peak,10,Vegetarian,Moderate,92940
Andaman,8,7,5,Flight,Peak,19,Fine Dining,Budget,1146470
Jaipur,13,8,3,Bus,Off-Peak,19,Non-Veg,Luxury,632970
Andaman,5,8,4,Flight,Off-Peak,9,Fine Dining,Budget,403850
Goa,13,3,4,Train,Peak,6,Street Food,Luxury,489800
Manali,8,3,3,Flight,Shoulder,12,Non-Veg,Budget,128370
Bali,11,3,3,Flight,Off-Peak,20,Non-Veg,Luxury,608930
Andaman,10,8,4,Train,Peak,24,Fine Dining,Luxury,1541220
Kerala,10,7,4,Flight,Shoulder,16,Fine Dining,Moderate,753720
Andaman,11,2,1,Flight,Shoulder,25,Non-Veg,Luxury,210290
Bali,14,7,3,Flight,Peak,19,Vegetarian,Luxury,1625850
Jaipur,3,1,2,Flight,Peak,5,Vegetarian,Luxury,33700
Udaipur,14,2,5,Flight,Off-Peak,18,Non-Veg,Luxury,448360
Goa,4,7,3,Flight,Peak,5,Street Food,Budget,168880
Varanasi,2,2,5,Flight,Peak,1,Vegetarian,Budget,38660
Paris,7,5,3,Flight,Shoulder,15,Non-Veg,Budget,944500
Udaipur,2,1,1,Car,Off-Peak,4,Fine Dining,Luxury,20880
Udaipur,7,7,1,Bus,Peak,1,Non-Veg,Budget,118690
Paris,9,4,4,Flight,Peak,8,Street Food,Luxury,1536770
Manali,2,2,3,Train,Shoulder,2,Vegetarian,Luxury,24990
Kerala,4,5,1,Car,Shoulder,2,Non-Veg,Luxury,97800
Ladakh,13,7,4,Flight,Off-Peak,21,Vegetarian,Moderate,773790
Rishikesh,13,1,3,Bus,Peak,5,Vegetarian,Budget,72640
Varanasi,2,2,3,Train,Peak,6,Vegetarian,Luxury,30610
Bali,12,7,1,Flight,Peak,31,Street Food,Luxury,1437640
Singapore,13,5,4,Flight,Shoulder,39,Street Food,Moderate,1470880
Varanasi,6,6,4,Flight,Shoulder,12,Vegetarian,Moderate,230260
Ladakh,8,5,1,Flight,Shoulder,22,Street Food,Budget,235250
Singapore,9,6,3,Flight,Peak,24,Non-Veg,Moderate,1166290
Manali,14,2,3,Train,Peak,25,Vegetarian,Moderate,158870
Goa,3,8,3,Flight,Shoulder,1,Non-Veg,Moderate,152010
Rishikesh,8,6,1,Flight,Off-Peak,10,Vegetarian,Moderate,202770
Ladakh,13,3,5,Car,Shoulder,10,Street Food,Moderate,672180
Goa,10,1,3,Bus,Peak,11,Vegetarian,Budget,65010
Rishikesh,12,7,2,Flight,Shoulder,29,Vegetarian,Moderate,457460
Manali,8,2,3,Flight,Peak,15,Street Food,Luxury,140030
Udaipur,12,1,1,Flight,Peak,17,Non-Veg,Moderate,62670
Udaipur,4,4,5,Train,Shoulder,7,Street Food,Luxury,248900
Goa,7,5,1,Bus,Peak,11,Vegetarian,Budget,113230
Andaman,2,2,4,Flight,Peak,6,Vegetarian,Budget,50520
Udaipur,10,5,2,Train,Shoulder,12,Street Food,Moderate,182620
Dubai,8,8,4,Flight,Peak,14,Street Food,Moderate,1201760
Manali,11,3,2,Train,Peak,20,Vegetarian,Moderate,152940
Dubai,11,3,1,Flight,Shoulder,11,Street Food,Budget,255050
Bali,9,4,2,Flight,Shoulder,27,Street Food,Moderate,524720
Goa,10,2,2,Train,Peak,12,Fine Dining,Moderate,124030
Dubai,14,7,5,Flight,Off-Peak,35,Vegetarian,Budget,1953060
Singapore,4,6,4,Flight,Peak,1,Non-Veg,Moderate,600420
Goa,10,1,2,Flight,Off-Peak,2,Vegetarian,Moderate,43170
Kerala,13,1,4,Train,Shoulder,4,Non-Veg,Moderate,149700
Bali,7,2,3,Flight,Peak,13,Street Food,Moderate,225310
Andaman,13,7,2,Car,Shoulder,23,Street Food,Luxury,726520
Goa,4,6,2,Car,Shoulder,9,Street Food,Budget,103250
Singapore,2,3,2,Flight,Shoulder,3,Fine Dining,Budget,210730
Goa,8,5,1,Train,Off-Peak,15,Non-Veg,Luxury,244620
Udaipur,3,4,3,Bus,Peak,1,Vegetarian,Moderate,49540
Rishikesh,6,5,2,Bus,Off-Peak,8,Vegetarian,Budget,93000
Goa,5,6,4,Flight,Off-Peak,10,Street Food,Budget,188380
Bali,12,4,4,Flight,Shoulder,1,Fine Dining,Moderate,646870
Bali,2,6,5,Flight,Peak,1,Fine Dining,Moderate,459280
Udaipur,12,1,2,Bus,Shoulder,17,Fine Dining,Budget,79120
Goa,12,1,3,Car,Peak,8,Fine Dining,Moderate,112890
Udaipur,5,1,5,Flight,Shoulder,5,Vegetarian,Moderate,101580
Kerala,10,6,1,Flight,Shoulder,11,Non-Veg,Budget,187330
Paris,4,6,1,Flight,Shoulder,6,Vegetarian,Budget,704500
Kerala,6,8,1,Flight,Shoulder,18,Street Food,Luxury,385810
Singapore,7,1,3,Flight,Peak,7,Vegetarian,Luxury,232820
Manali,10,1,3,Train,Shoulder,4,Non-Veg,Budget,52610
Goa,9,5,1,Car,Off-Peak,12,Vegetarian,Moderate,147800
Bali,5,4,2,Flight,Shoulder,7,Non-Veg,Moderate,336560
Bali,6,8,2,Flight,Off-Peak,15,Non-Veg,Budget,681520
Kerala,12,6,2,Bus,Off-Peak,4,Street Food,Budget,139240
Jaipur,8,1,4,Flight,Shoulder,4,Non-Veg,Moderate,80350
Ladakh,11,2,2,Train,Off-Peak,5,Non-Veg,Moderate,75740
Ladakh,5,7,3,Flight,Shoulder,6,Non-Veg,Budget,226620
Paris,7,5,3,Flight,Shoulder,18,Vegetarian,Moderate,1048810
Rishikesh,11,6,1,Car,Shoulder,15,Vegetarian,Luxury,329820
Rishikesh,11,8,4,Bus,Peak,3,Non-Veg,Budget,455090
Kerala,14,4,2,Bus,Off-Peak,34,Non-Veg,Budget,222340
Andaman,2,3,3,Flight,Off-Peak,6,Non-Veg,Moderate,69580
Goa,2,5,2,Bus,Off-Peak,4,Street Food,Moderate,41410
Udaipur,2,8,2,Flight,Off-Peak,2,Street Food,Moderate,110510
Rishikesh,11,7,4,Flight,Off-Peak,2,Fine Dining,Budget,511520
Udaipur,5,1,5,Bus,Peak,4,Non-Veg,Budget,107260
Goa,3,3,3,Train,Peak,8,Fine Dining,Budget,69580
Andaman,4,2,1,Train,Off-Peak,11,Street Food,Budget,42920
Rishikesh,12,3,5,Train,Peak,28,Street Food,Budget,476500
Singapore,8,2,2,Flight,Shoulder,19,Vegetarian,Moderate,290910
Kerala,7,3,5,Train,Shoulder,11,Vegetarian,Moderate,307840
Manali,12,8,5,Flight,Off-Peak,19,Vegetarian,Luxury,1388820
Singapore,9,8,1,Flight,Peak,4,Vegetarian,Luxury,1057460
Jaipur,6,1,5,Train,Shoulder,9,Fine Dining,Luxury,180930
Rishikesh,11,1,3,Bus,Off-Peak,16,Non-Veg,Moderate,65280
Singapore,7,7,4,Flight,Off-Peak,21,Non-Veg,Moderate,1192260
Manali,5,2,5,Train,Shoulder,12,Street Food,Luxury,158190
Ladakh,2,6,5,Bus,Shoulder,6,Fine Dining,Budget,145720
Rishikesh,9,1,2,Flight,Peak,21,Fine Dining,Luxury,127000
Jaipur,9,2,2,Flight,Off-Peak,17,Street Food,Budget,60760
Manali,7,6,4,Train,Off-Peak,4,Non-Veg,Luxury,328260
Jaipur,13,2,3,Bus,Peak,31,Fine Dining,Moderate,206620
Ladakh,9,5,3,Flight,Peak,16,Non-Veg,Moderate,381870
Singapore,2,6,5,Flight,Shoulder,4,Street Food,Budget,449880
Ladakh,2,8,5,Flight,Shoulder,3,Vegetarian,Budget,181230
Udaipur,6,7,4,Flight,Off-Peak,16,Fine Dining,Moderate,458200
Kerala,7,6,3,Flight,Shoulder,18,Street Food,Moderate,263690
Bali,4,1,4,Flight,Peak,3,Street Food,Moderate,113670
Goa,8,1,1,Flight,Shoulder,4,Non-Veg,Luxury,47090
Paris,5,7,5,Flight,Off-Peak,4,Non-Veg,Luxury,2107870
Jaipur,10,7,2,Flight,Off-Peak,29,Fine Dining,Moderate,507140
Paris,8,3,5,Flight,Shoulder,14,Vegetarian,Budget,941160
Andaman,7,8,3,Train,Peak,18,Fine Dining,Budget,514270
Manali,13,5,5,Flight,Peak,31,Non-Veg,Luxury,1593040
Dubai,8,1,1,Flight,Off-Peak,3,Non-Veg,Moderate,76150
Ladakh,8,1,5,Bus,Peak,10,Vegetarian,Luxury,361560
Manali,2,1,5,Flight,Shoulder,3,Fine Dining,Moderate,35260
Ladakh,13,4,1,Flight,Shoulder,34,Fine Dining,Moderate,411150
Paris,9,5,2,Flight,Peak,21,Fine Dining,Budget,1117330
Kerala,7,8,2,Flight,Peak,6,Vegetarian,Moderate,276310
Varanasi,14,7,5,Bus,Peak,29,Vegetarian,Luxury,1833600
Dubai,8,2,1,Flight,Shoulder,3,Non-Veg,Luxury,220420
Goa,12,3,3,Flight,Peak,27,Fine Dining,Budget,282670
Udaipur,8,5,2,Flight,Off-Peak,21,Fine Dining,Luxury,460830
Kerala,8,6,1,Bus,Peak,10,Street Food,Moderate,141330
Ladakh,3,2,4,Flight,Off-Peak,6,Fine Dining,Budget,62510
Rishikesh,10,8,3,Flight,Off-Peak,29,Street Food,Moderate,511950
Paris,4,1,3,Flight,Off-Peak,2,Fine Dining,Moderate,152010
Singapore,10,3,2,Flight,Peak,26,Vegetarian,Moderate,583760
Ladakh,13,4,1,Car,Peak,9,Street Food,Moderate,164210
Ladakh,12,5,2,Flight,Off-Peak,10,Fine Dining,Moderate,397740
Rishikesh,8,8,3,Bus,Peak,10,Street Food,Moderate,282830
Dubai,12,7,3,Flight,Off-Peak,31,Non-Veg,Luxury,1882140
Jaipur,12,5,1,Train,Peak,27,Street Food,Luxury,322050
Dubai,3,1,1,Flight,Off-Peak,8,Fine Dining,Moderate,82970
Bali,10,3,5,Flight,Off-Peak,8,Vegetarian,Moderate,620650
Kerala,3,3,5,Flight,Shoulder,9,Fine Dining,Luxury,231450
Singapore,2,3,3,Flight,Off-Peak,5,Vegetarian,Budget,206560
Varanasi,9,2,3,Bus,Off-Peak,24,Fine Dining,Budget,88910
Varanasi,8,6,1,Train,Peak,10,Non-Veg,Moderate,140360
Paris,9,1,5,Flight,Peak,14,Non-Veg,Budget,576210
Jaipur,11,6,5,Train,Peak,21,Street Food,Luxury,1290310
Dubai,6,6,5,Flight,Peak,16,Non-Veg,Luxury,1784620
Manali,4,3,1,Train,Peak,3,Street Food,Moderate,35590
Manali,12,2,3,Flight,Shoulder,36,Non-Veg,Moderate,164030
Udaipur,2,8,1,Flight,Peak,4,Vegetarian,Luxury,183140
Dubai,13,1,4,Flight,Peak,25,Non-Veg,Budget,309040
Kerala,6,4,2,Flight,Shoulder,5,Vegetarian,Moderate,108570
Goa,6,8,1,Train,Off-Peak,8,Street Food,Luxury,215050
Udaipur,9,6,2,Train,Off-Peak,7,Street Food,Budget,132670
Singapore,3,5,3,Flight,Shoulder,5,Vegetarian,Luxury,673450
Rishikesh,12,4,5,Car,Shoulder,10,Non-Veg,Moderate,504830
Paris,11,1,1,Flight,Shoulder,23,Vegetarian,Moderate,239480
Bali,7,3,4,Flight,Shoulder,15,Street Food,Budget,345030
Varanasi,13,4,2,Car,Peak,29,Non-Veg,Budget,188340
Jaipur,12,5,4,Flight,Shoulder,5,Street Food,Luxury,547660
Udaipur,8,6,1,Flight,Peak,1,Vegetarian,Budget,131060
Andaman,6,6,5,Train,Shoulder,2,Vegetarian,Moderate,419490
Kerala,7,4,5,Bus,Peak,21,Street Food,Budget,341060
Paris,2,6,2,Flight,Shoulder,4,Non-Veg,Budget,699130
Udaipur,12,3,4,Flight,Shoulder,12,Non-Veg,Moderate,356340
Dubai,11,8,3,Flight,Peak,6,Vegetarian,Luxury,1481850
Kerala,12,5,2,Train,Peak,2,Street Food,Moderate,191160
Jaipur,13,2,3,Bus,Shoulder,17,Fine Dining,Budget,138050
Bali,8,5,3,Flight,Off-Peak,19,Street Food,Budget,508890
Dubai,5,5,1,Flight,Off-Peak,15,Non-Veg,Moderate,469520
Dubai,3,6,4,Flight,Peak,7,Fine Dining,Budget,479300
Goa,7,2,5,Flight,Peak,21,Vegetarian,Budget,202490
Manali,12,7,4,Flight,Peak,31,Fine Dining,Luxury,1384730
Ladakh,13,6,4,Flight,Peak,27,Street Food,Luxury,1252630
Andaman,14,1,1,Train,Peak,18,Non-Veg,Moderate,84300
Singapore,3,1,2,Flight,Shoulder,6,Fine Dining,Moderate,96610
Ladakh,9,6,4,Bus,Shoulder,12,Street Food,Budget,370310
Bali,12,8,4,Flight,Shoulder,6,Vegetarian,Moderate,1103940
Rishikesh,7,1,2,Flight,Peak,20,Fine Dining,Moderate,72450
Kerala,3,5,4,Train,Shoulder,2,Street Food,Moderate,89060
Udaipur,5,1,3,Flight,Shoulder,3,Vegetarian,Moderate,38710
Manali,12,7,2,Train,Peak,25,Vegetarian,Moderate,417050
Udaipur,3,1,4,Flight,Shoulder,1,Non-Veg,Moderate,36300
Udaipur,2,6,5,Flight,Peak,1,Street Food,Luxury,233520
Dubai,12,8,4,Flight,Off-Peak,28,Non-Veg,Budget,1380090
Ladakh,8,8,1,Train,Off-Peak,13,Vegetarian,Luxury,394500
Bali,8,2,2,Flight,Peak,20,Non-Veg,Budget,204300
Singapore,9,5,4,Flight,Shoulder,19,Non-Veg,Moderate,1105340
Udaipur,7,7,5,Train,Off-Peak,14,Non-Veg,Moderate,633040
Rishikesh,4,4,1,Bus,Peak,10,Street Food,Budget,65220
Ladakh,9,6,5,Car,Peak,4,Non-Veg,Budget,726150
Kerala,13,2,1,Bus,Shoulder,29,Vegetarian,Moderate,90500
Kerala,10,3,3,Bus,Shoulder,10,Vegetarian,Luxury,211050
Manali,8,6,1,Train,Off-Peak,21,Non-Veg,Luxury,321340
Jaipur,12,2,3,Car,Shoulder,16,Street Food,Luxury,134210
Jaipur,3,2,3,Flight,Off-Peak,2,Non-Veg,Moderate,37870
Singapore,2,1,3,Flight,Shoulder,5,Vegetarian,Moderate,85970
Ladakh,6,5,1,Bus,Off-Peak,18,Vegetarian,Moderate,178190
Singapore,5,5,2,Flight,Shoulder,9,Vegetarian,Luxury,769860
Manali,11,3,4,Bus,Off-Peak,4,Vegetarian,Luxury,274000
Andaman,12,1,4,Bus,Off-Peak,5,Fine Dining,Moderate,155420
Andaman,12,7,4,Flight,Shoulder,30,Non-Veg,Luxury,1453630
Goa,8,8,1,Train,Peak,11,Fine Dining,Luxury,488140
Dubai,2,5,5,Flight,Off-Peak,4,Street Food,Luxury,538810
Paris,7,8,2,Flight,Shoulder,1,Vegetarian,Budget,920590
Manali,7,2,5,Bus,Peak,15,Fine Dining,Luxury,312330
Andaman,4,3,3,Train,Off-Peak,8,Street Food,Moderate,85070
Manali,11,5,5,Car,Shoulder,33,Non-Veg,Budget,703090
Manali,11,1,1,Flight,Shoulder,15,Non-Veg,Moderate,52860
Kerala,4,8,4,Train,Shoulder,1,Fine Dining,Luxury,347400
Dubai,4,7,5,Flight,Peak,4,Fine Dining,Luxury,1402610
Jaipur,13,5,3,Train,Peak,6,Non-Veg,Luxury,481840
Manali,3,6,3,Train,Off-Peak,5,Vegetarian,Luxury,123650
Manali,5,6,3,Bus,Peak,3,Non-Veg,Moderate,133170
Rishikesh,14,4,5,Train,Peak,30,Fine Dining,Budget,766080
Kerala,12,4,2,Flight,Shoulder,10,Vegetarian,Luxury,257230
Varanasi,14,8,5,Bus,Shoulder,28,Non-Veg,Luxury,1484720
Jaipur,5,6,1,Flight,Off-Peak,5,Fine Dining,Moderate,187350
Goa,6,3,5,Bus,Peak,16,Non-Veg,Luxury,474980
Varanasi,13,6,5,Flight,Peak,37,Non-Veg,Luxury,1490430
Goa,14,7,2,Train,Shoulder,33,Street Food,Luxury,630640
Goa,10,1,3,Flight,Peak,27,Non-Veg,Moderate,97980
Jaipur,13,2,4,Car,Shoulder,2,Vegetarian,Budget,118730
Kerala,12,8,1,Car,Peak,20,Vegetarian,Moderate,364300
Udaipur,9,6,4,Bus,Off-Peak,17,Street Food,Budget,306750
Manali,5,8,5,Train,Shoulder,1,Vegetarian,Luxury,551510
Varanasi,5,3,5,Car,Off-Peak,12,Vegetarian,Budget,125380
Dubai,14,4,5,Flight,Shoulder,22,Street Food,Luxury,1932440
Jaipur,14,8,4,Flight,Shoulder,22,Vegetarian,Budget,660970
Andaman,4,3,2,Flight,Off-Peak,4,Fine Dining,Moderate,104130
Dubai,6,3,5,Flight,Off-Peak,13,Vegetarian,Budget,437390
Udaipur,3,7,1,Car,Shoulder,4,Fine Dining,Moderate,123850
Andaman,12,4,5,Train,Off-Peak,10,Vegetarian,Moderate,532820
Bali,10,7,1,Flight,Shoulder,23,Non-Veg,Moderate,852880
Paris,9,2,1,Flight,Peak,14,Non-Veg,Luxury,522860
Andaman,11,6,4,Car,Shoulder,3,Street Food,Luxury,642580
Kerala,5,6,2,Train,Off-Peak,10,Vegetarian,Luxury,188930
Rishikesh,10,7,1,Train,Peak,29,Vegetarian,Moderate,353310
Bali,13,3,2,Flight,Off-Peak,26,Vegetarian,Budget,368870
Andaman,10,1,5,Train,Off-Peak,22,Fine Dining,Moderate,252840
Ladakh,5,8,2,Bus,Peak,3,Street Food,Luxury,218980
Udaipur,8,4,5,Bus,Peak,3,Vegetarian,Luxury,682090
Goa,14,5,2,Train,Shoulder,16,Vegetarian,Luxury,410310
Bali,9,6,4,Flight,Off-Peak,23,Fine Dining,Budget,802750
Manali,10,1,1,Bus,Off-Peak,16,Fine Dining,Moderate,53600
Manali,13,4,1,Flight,Shoulder,23,Street Food,Moderate,187240
Jaipur,2,3,2,Flight,Peak,4,Vegetarian,Moderate,50210
Goa,6,3,2,Bus,Shoulder,11,Vegetarian,Budget,69640
Bali,14,3,1,Flight,Shoulder,14,Vegetarian,Moderate,322130
Varanasi,4,8,2,Bus,Peak,9,Vegetarian,Budget,100710
Jaipur,3,1,1,Car,Peak,8,Non-Veg,Moderate,15940
Andaman,12,3,2,Flight,Off-Peak,2,Vegetarian,Budget,117010
Goa,4,1,5,Train,Off-Peak,2,Fine Dining,Budget,52040
Singapore,6,7,5,Flight,Shoulder,3,Non-Veg,Moderate,1235830
Udaipur,9,3,4,Flight,Off-Peak,24,Fine Dining,Moderate,295440
Paris,11,1,4,Flight,Off-Peak,14,Fine Dining,Budget,302750
Jaipur,7,1,1,Car,Off-Peak,6,Street Food,Budget,16530
Manali,2,5,5,Flight,Peak,4,Non-Veg,Budget,130800
Varanasi,12,2,3,Flight,Peak,9,Vegetarian,Luxury,151280
Jaipur,2,3,3,Car,Shoulder,3,Vegetarian,Luxury,48910
Varanasi,11,7,4,Flight,Peak,4,Non-Veg,Moderate,549470
Rishikesh,7,8,3,Flight,Off-Peak,4,Fine Dining,Luxury,490500
Goa,2,5,1,Flight,Off-Peak,4,Street Food,Moderate,71050
Paris,6,7,5,Flight,Peak,4,Fine Dining,Moderate,2160020
Singapore,2,4,5,Flight,Shoulder,6,Fine Dining,Moderate,415180
Dubai,13,5,4,Flight,Off-Peak,19,Non-Veg,Budget,810940
Manali,14,1,2,Flight,Peak,7,Street Food,Moderate,64880
Rishikesh,10,1,4,Train,Off-Peak,4,Street Food,Moderate,66900
Varanasi,3,3,4,Bus,Shoulder,8,Fine Dining,Budget,61660
Manali,8,3,2,Train,Off-Peak,21,Fine Dining,Budget,143680
Dubai,8,6,4,Flight,Off-Peak,24,Street Food,Budget,745950
Goa,6,8,1,Bus,Peak,13,Fine Dining,Budget,243700
Andaman,14,5,1,Flight,Peak,31,Vegetarian,Luxury,692930
Udaipur,6,6,2,Flight,Shoulder,12,Fine Dining,Moderate,264470
Rishikesh,2,1,2,Train,Peak,4,Fine Dining,Moderate,15950
Varanasi,8,5,2,Bus,Off-Peak,5,Fine Dining,Budget,153730
Manali,2,1,5,Train,Peak,3,Fine Dining,Budget,30050
Manali,6,7,3,Flight,Peak,7,Street Food,Budget,212350
Manali,9,1,4,Flight,Peak,12,Non-Veg,Moderate,118530
Jaipur,12,2,2,Flight,Peak,29,Street Food,Budget,103110
Rishikesh,2,6,3,Car,Shoulder,3,Fine Dining,Luxury,124720
Andaman,5,8,5,Flight,Off-Peak,5,Non-Veg,Luxury,701120
Jaipur,11,4,2,Bus,Off-Peak,26,Vegetarian,Budget,147450
Singapore,10,3,5,Flight,Shoulder,21,Fine Dining,Moderate,1199210
Kerala,14,1,4,Flight,Shoulder,27,Street Food,Moderate,165370
Rishikesh,7,7,2,Flight,Peak,18,Fine Dining,Moderate,403210
Dubai,3,5,2,Flight,Off-Peak,3,Fine Dining,Moderate,348330
Bali,11,3,5,Flight,Shoulder,8,Vegetarian,Budget,643580
Dubai,7,2,3,Flight,Peak,17,Non-Veg,Moderate,261320
Kerala,2,4,2,Car,Off-Peak,6,Street Food,Moderate,47020
Manali,10,2,5,Bus,Off-Peak,2,Fine Dining,Budget,170780
Jaipur,14,1,3,Flight,Shoulder,32,Non-Veg,Budget,93500
Rishikesh,5,1,2,Train,Off-Peak,5,Vegetarian,Budget,17980
Dubai,9,8,4,Flight,Off-Peak,5,Vegetarian,Luxury,1418710
Manali,13,1,3,Flight,Shoulder,7,Street Food,Budget,66290
Udaipur,6,5,3,Car,Shoulder,1,Street Food,Luxury,191430
Manali,6,4,5,Train,Shoulder,16,Non-Veg,Luxury,412990
Jaipur,3,6,3,Flight,Shoulder,6,Street Food,Luxury,167810
Andaman,4,7,2,Flight,Shoulder,4,Non-Veg,Moderate,198820
Udaipur,14,1,2,Train,Off-Peak,40,Vegetarian,Luxury,127860
Goa,7,7,4,Bus,Off-Peak,4,Fine Dining,Budget,323850
Ladakh,5,1,4,Flight,Off-Peak,14,Non-Veg,Budget,64020
Singapore,10,8,4,Flight,Off-Peak,18,Vegetarian,Luxury,2212320
Andaman,2,6,1,Train,Shoulder,1,Non-Veg,Luxury,66060
Jaipur,8,4,4,Flight,Off-Peak,7,Street Food,Budget,153280
Manali,5,2,5,Car,Peak,5,Vegetarian,Budget,100760
Dubai,9,2,4,Flight,Off-Peak,18,Non-Veg,Moderate,291860
Manali,13,5,4,Flight,Peak,2,Street Food,Budget,420610
Rishikesh,9,4,3,Flight,Shoulder,27,Fine Dining,Moderate,342120
Andaman,6,8,2,Flight,Peak,13,Fine Dining,Luxury,663710
Andaman,5,8,1,Flight,Off-Peak,9,Fine Dining,Budget,287220
Goa,3,5,5,Train,Shoulder,9,Vegetarian,Moderate,185690
Andaman,2,1,3,Bus,Off-Peak,6,Vegetarian,Luxury,24990
Ladakh,8,3,5,Train,Peak,14,Vegetarian,Moderate,501100
Paris,8,1,5,Flight,Shoulder,7,Street Food,Budget,371290
Bali,5,2,5,Flight,Peak,4,Street Food,Budget,234850
Bali,13,4,5,Flight,Off-Peak,1,Fine Dining,Moderate,831900
Jaipur,2,4,3,Train,Off-Peak,1,Street Food,Moderate,26290
Ladakh,11,3,4,Flight,Off-Peak,27,Vegetarian,Budget,315560
Paris,9,3,2,Flight,Off-Peak,16,Vegetarian,Luxury,847740
Varanasi,5,3,3,Train,Off-Peak,4,Vegetarian,Budget,43070
Andaman,9,2,4,Flight,Peak,8,Fine Dining,Budget,196770
Udaipur,14,8,4,Flight,Off-Peak,32,Fine Dining,Luxury,1686380
Udaipur,4,7,3,Train,Peak,1,Fine Dining,Luxury,262260
Bali,3,7,4,Flight,Off-Peak,2,Non-Veg,Luxury,769140
Jaipur,9,4,5,Train,Shoulder,21,Non-Veg,Budget,360440
Kerala,14,3,4,Train,Off-Peak,7,Fine Dining,Moderate,364850
Jaipur,11,6,2,Bus,Shoulder,10,Non-Veg,Budget,178830
Kerala,12,5,5,Flight,Off-Peak,6,Fine Dining,Moderate,836530
Dubai,14,3,2,Flight,Peak,25,Street Food,Luxury,694170
Dubai,11,5,4,Flight,Shoulder,3,Vegetarian,Moderate,805780
Manali,4,1,3,Flight,Peak,3,Vegetarian,Luxury,45480
Andaman,4,5,5,Flight,Off-Peak,6,Street Food,Budget,234730
Udaipur,10,7,1,Train,Peak,26,Non-Veg,Moderate,360320
Andaman,2,7,2,Train,Off-Peak,6,Fine Dining,Luxury,191290
Jaipur,8,1,4,Flight,Shoulder,10,Vegetarian,Luxury,121530
Rishikesh,6,4,4,Flight,Off-Peak,8,Non-Veg,Moderate,173280
Varanasi,8,2,5,Flight,Peak,11,Street Food,Moderate,182230
Udaipur,10,6,5,Flight,Off-Peak,9,Fine Dining,Luxury,1072200
Manali,10,4,4,Flight,Off-Peak,29,Non-Veg,Budget,277810
Andaman,2,5,2,Flight,Shoulder,1,Non-Veg,Moderate,80820
Andaman,9,1,2,Flight,Shoulder,26,Non-Veg,Luxury,127910
Bali,10,2,4,Flight,Peak,24,Vegetarian,Budget,305440
Andaman,5,3,5,Flight,Peak,14,Vegetarian,Moderate,351670
Ladakh,3,3,4,Train,Off-Peak,1,Street Food,Moderate,53670
Manali,2,7,1,Train,Off-Peak,4,Vegetarian,Moderate,63070
Paris,10,4,5,Flight,Peak,22,Vegetarian,Budget,1510890
Ladakh,2,3,4,Bus,Off-Peak,3,Non-Veg,Moderate,46210
Manali,8,6,4,Flight,Shoulder,16,Fine Dining,Luxury,668240
Dubai,4,2,1,Flight,Off-Peak,11,Street Food,Luxury,236080
Goa,14,6,4,Flight,Shoulder,21,Street Food,Budget,517950
Dubai,14,5,1,Flight,Peak,37,Street Food,Budget,757050
Paris,8,7,1,Flight,Shoulder,22,Vegetarian,Luxury,2107240
Manali,9,7,4,Flight,Off-Peak,6,Fine Dining,Moderate,529930
Andaman,11,8,5,Flight,Peak,19,Non-Veg,Budget,1499400
Andaman,11,8,3,Train,Shoulder,17,Street Food,Budget,454990
Jaipur,6,3,4,Flight,Peak,8,Non-Veg,Luxury,256900
Paris,11,7,5,Flight,Shoulder,25,Vegetarian,Luxury,4894600
Paris,12,2,5,Flight,Shoulder,21,Vegetarian,Moderate,854230
Dubai,2,4,4,Flight,Peak,3,Street Food,Moderate,253260
Kerala,14,7,1,Car,Peak,29,Vegetarian,Budget,320830
Paris,11,4,1,Flight,Off-Peak,19,Fine Dining,Budget,813260
Manali,12,3,1,Bus,Shoulder,21,Fine Dining,Moderate,202510
Bali,2,1,4,Flight,Peak,3,Street Food,Moderate,82050
Singapore,10,8,2,Flight,Peak,2,Street Food,Luxury,1182790
Andaman,7,8,5,Car,Shoulder,3,Fine Dining,Budget,744500
Goa,6,2,2,Flight,Shoulder,16,Street Food,Moderate,71700
Singapore,11,4,2,Flight,Off-Peak,9,Fine Dining,Luxury,812730
Jaipur,9,2,5,Flight,Shoulder,11,Street Food,Luxury,296950
Singapore,4,1,5,Flight,Shoulder,6,Fine Dining,Luxury,279670
Kerala,10,5,3,Flight,Off-Peak,17,Non-Veg,Moderate,304270
Udaipur,8,5,1,Flight,Shoulder,13,Street Food,Moderate,178520
Rishikesh,8,7,5,Bus,Off-Peak,16,Street Food,Budget,469150
Manali,6,2,5,Train,Shoulder,2,Fine Dining,Luxury,187440
Ladakh,14,5,3,Train,Peak,30,Vegetarian,Moderate,554140
Ladakh,6,6,2,Train,Shoulder,3,Vegetarian,Luxury,181620
Udaipur,12,3,5,Train,Peak,30,Fine Dining,Budget,733150
Jaipur,11,2,3,Flight,Peak,16,Street Food,Luxury,159840
Rishikesh,2,4,3,Flight,Off-Peak,5,Vegetarian,Luxury,111360
Rishikesh,12,6,5,Train,Shoulder,1,Street Food,Moderate,585360
Jaipur,11,4,5,Train,Shoulder,26,Street Food,Luxury,734990
Udaipur,13,5,4,Bus,Peak,31,Street Food,Budget,588770
Kerala,8,7,4,Train,Off-Peak,14,Vegetarian,Moderate,396820
Singapore,5,7,2,Flight,Off-Peak,2,Non-Veg,Budget,525320
Kerala,13,7,2,Flight,Off-Peak,34,Street Food,Moderate,416250
Ladakh,8,7,3,Bus,Shoulder,19,Street Food,Moderate,378100
Varanasi,5,7,3,Flight,Peak,14,Fine Dining,Luxury,440250
Ladakh,3,3,1,Train,Shoulder,3,Vegetarian,Luxury,53730
Manali,13,3,5,Train,Shoulder,33,Non-Veg,Luxury,793990
Goa,14,3,1,Flight,Shoulder,21,Vegetarian,Moderate,168970
Andaman,10,7,5,Flight,Peak,2,Vegetarian,Luxury,1814590
Jaipur,5,2,3,Flight,Shoulder,1,Fine Dining,Budget,60950
Dubai,9,6,5,Flight,Off-Peak,9,Non-Veg,Moderate,1100000
Andaman,3,3,4,Flight,Off-Peak,4,Non-Veg,Budget,79390
Varanasi,8,5,2,Flight,Off-Peak,9,Fine Dining,Moderate,228330
Andaman,3,7,2,Bus,Off-Peak,6,Vegetarian,Luxury,176930
Manali,2,4,1,Train,Peak,6,Street Food,Budget,34960
Dubai,8,6,2,Flight,Peak,9,Street Food,Moderate,582010
Varanasi,6,7,1,Flight,Off-Peak,2,Non-Veg,Luxury,210810
Andaman,9,3,4,Flight,Off-Peak,2,Vegetarian,Luxury,327620
Singapore,10,3,5,Flight,Off-Peak,4,Fine Dining,Luxury,1201670
Varanasi,5,6,3,Bus,Shoulder,11,Street Food,Budget,99350
Rishikesh,12,7,1,Train,Off-Peak,6,Non-Veg,Luxury,320630
Paris,9,6,1,Flight,Peak,24,Fine Dining,Budget,1227730
Ladakh,11,2,5,Bus,Shoulder,2,Fine Dining,Luxury,474680
Kerala,12,5,1,Bus,Off-Peak,21,Fine Dining,Moderate,328600
Manali,4,1,4,Train,Off-Peak,11,Street Food,Budget,28910
Singapore,13,6,5,Flight,Shoulder,14,Street Food,Budget,1694550
Singapore,2,4,1,Flight,Shoulder,5,Fine Dining,Moderate,325270
Singapore,11,5,3,Flight,Peak,2,Fine Dining,Moderate,873520
Goa,11,3,2,Flight,Shoulder,4,Street Food,Luxury,174360
Goa,7,4,5,Flight,Peak,8,Fine Dining,Luxury,690390
Dubai,5,3,5,Flight,Peak,15,Street Food,Budget,480170
Varanasi,12,6,3,Train,Off-Peak,25,Non-Veg,Luxury,412820
Udaipur,7,7,3,Train,Shoulder,18,Non-Veg,Budget,284500
Bali,11,5,2,Flight,Peak,2,Fine Dining,Budget,546500
Rishikesh,10,6,4,Train,Off-Peak,30,Non-Veg,Luxury,713900
Goa,12,6,4,Flight,Off-Peak,16,Street Food,Luxury,631750
Dubai,3,7,3,Flight,Off-Peak,9,Fine Dining,Moderate,608740
Dubai,13,1,4,Flight,Shoulder,22,Street Food,Budget,256420
Dubai,13,7,4,Flight,Peak,14,Non-Veg,Moderate,1574240
Rishikesh,14,8,3,Train,Shoulder,4,Vegetarian,Luxury,526350
Udaipur,7,3,1,Flight,Off-Peak,2,Street Food,Moderate,63130
Goa,12,7,3,Car,Shoulder,31,Street Food,Budget,430270
Goa,4,5,3,Bus,Shoulder,1,Street Food,Budget,62260
Bali,9,2,5,Flight,Off-Peak,20,Vegetarian,Budget,296070
Goa,14,4,4,Train,Peak,40,Vegetarian,Luxury,764570
Singapore,12,5,2,Flight,Shoulder,6,Street Food,Moderate,624040
Ladakh,9,2,1,Train,Off-Peak,8,Fine Dining,Budget,80020
Andaman,7,3,1,Train,Peak,7,Vegetarian,Luxury,123050
Paris,8,2,5,Flight,Peak,6,Vegetarian,Moderate,668140
Bali,2,1,4,Flight,Shoulder,1,Street Food,Moderate,74030
Ladakh,5,1,5,Flight,Shoulder,3,Non-Veg,Budget,95960
Kerala,5,3,3,Flight,Off-Peak,5,Fine Dining,Moderate,112470
Andaman,2,7,1,Flight,Off-Peak,2,Street Food,Moderate,103540
Bali,4,2,3,Flight,Peak,9,Vegetarian,Budget,143260
Kerala,14,1,5,Train,Shoulder,40,Vegetarian,Luxury,441440
Manali,9,1,3,Bus,Shoulder,15,Street Food,Luxury,79620
Dubai,7,8,3,Flight,Shoulder,19,Vegetarian,Budget,871230
Jaipur,8,8,3,Train,Off-Peak,9,Street Food,Luxury,339230
Goa,11,4,4,Train,Off-Peak,26,Fine Dining,Budget,323210
Goa,10,1,3,Flight,Peak,7,Fine Dining,Budget,81240
Bali,10,3,1,Flight,Shoulder,28,Vegetarian,Budget,309370
Andaman,14,8,3,Flight,Shoulder,23,Non-Veg,Luxury,1242200
Andaman,14,5,1,Car,Peak,34,Non-Veg,Moderate,453120
Udaipur,4,4,1,Flight,Shoulder,9,Non-Veg,Budget,87150
Kerala,8,4,2,Bus,Off-Peak,2,Fine Dining,Luxury,222880
Dubai,12,1,5,Flight,Off-Peak,33,Street Food,Luxury,583440
Kerala,14,6,5,Flight,Shoulder,15,Vegetarian,Moderate,1089420
Dubai,14,8,4,Flight,Peak,6,Vegetarian,Budget,1389870
Paris,8,2,1,Flight,Off-Peak,17,Vegetarian,Luxury,577120
Andaman,8,4,3,Flight,Shoulder,5,Street Food,Moderate,169880
Dubai,9,2,1,Flight,Peak,15,Vegetarian,Moderate,209740
Rishikesh,12,7,3,Flight,Off-Peak,20,Vegetarian,Moderate,445190
Jaipur,7,5,4,Train,Shoulder,7,Street Food,Moderate,233650
Varanasi,4,6,4,Flight,Shoulder,9,Street Food,Luxury,242540
Singapore,5,6,1,Flight,Shoulder,11,Street Food,Budget,502510
Kerala,12,4,4,Train,Peak,7,Fine Dining,Luxury,692660
Bali,7,1,4,Flight,Off-Peak,3,Fine Dining,Luxury,217560
Manali,11,7,2,Flight,Peak,20,Street Food,Moderate,360350
Paris,11,7,1,Flight,Off-Peak,6,Fine Dining,Luxury,1964350
Bali,13,6,2,Flight,Peak,33,Fine Dining,Budget,925950
Singapore,12,1,4,Flight,Peak,36,Vegetarian,Moderate,442790
Paris,8,7,1,Flight,Off-Peak,7,Vegetarian,Luxury,1597210
Varanasi,3,4,3,Car,Shoulder,4,Street Food,Budget,39490
Rishikesh,2,8,4,Train,Peak,3,Street Food,Budget,82720
Paris,6,2,4,Flight,Shoulder,13,Non-Veg,Budget,389300
Udaipur,13,5,2,Flight,Shoulder,19,Street Food,Moderate,284240
Dubai,5,3,4,Flight,Off-Peak,4,Fine Dining,Luxury,451480
Bali,13,3,5,Flight,Shoulder,7,Street Food,Luxury,1180450
Paris,11,1,5,Flight,Shoulder,23,Fine Dining,Luxury,1018920
Andaman,4,8,4,Car,Peak,2,Non-Veg,Moderate,282130
Kerala,12,8,4,Car,Peak,18,Vegetarian,Moderate,842570
Bali,9,5,3,Flight,Shoulder,14,Fine Dining,Luxury,968780
Singapore,4,5,4,Flight,Off-Peak,7,Fine Dining,Budget,503220
Kerala,3,8,3,Flight,Peak,4,Fine Dining,Luxury,331850
Dubai,10,5,3,Flight,Shoulder,21,Street Food,Budget,643600
Varanasi,2,1,3,Bus,Shoulder,3,Fine Dining,Luxury,19010
Goa,9,7,4,Flight,Shoulder,17,Fine Dining,Budget,551500
Dubai,5,2,2,Flight,Shoulder,7,Vegetarian,Moderate,155160
Jaipur,5,6,5,Flight,Peak,11,Non-Veg,Moderate,418960
Ladakh,14,2,4,Bus,Off-Peak,13,Fine Dining,Budget,202750
Udaipur,8,6,3,Flight,Shoulder,4,Vegetarian,Luxury,355860
Dubai,3,1,1,Flight,Shoulder,8,Non-Veg,Luxury,109380
Dubai,3,3,5,Flight,Off-Peak,4,Fine Dining,Luxury,419950
Rishikesh,13,1,1,Flight,Shoulder,5,Non-Veg,Moderate,49660
Paris,3,6,4,Flight,Off-Peak,9,Fine Dining,Budget,909030
Bali,2,2,4,Flight,Shoulder,3,Street Food,Luxury,212530
Ladakh,2,1,2,Flight,Off-Peak,5,Non-Veg,Budget,18420
Goa,8,5,1,Train,Shoulder,11,Fine Dining,Budget,176980
Bali,5,8,4,Flight,Shoulder,6,Non-Veg,Moderate,803670
Rishikesh,9,3,5,Flight,Peak,8,Street Food,Moderate,410670
Andaman,2,1,5,Flight,Off-Peak,5,Vegetarian,Luxury,58660
Rishikesh,14,1,1,Train,Peak,1,Fine Dining,Budget,56270
Kerala,10,7,5,Train,Off-Peak,6,Non-Veg,Budget,670130
Jaipur,2,8,1,Flight,Off-Peak,1,Street Food,Luxury,142940
Kerala,5,8,4,Car,Shoulder,3,Vegetarian,Moderate,243460
Varanasi,13,2,5,Car,Peak,29,Vegetarian,Luxury,462870
Udaipur,13,3,5,Train,Off-Peak,39,Fine Dining,Budget,570070
Andaman,5,6,5,Bus,Peak,5,Non-Veg,Luxury,730450
Jaipur,10,8,3,Train,Shoulder,20,Vegetarian,Budget,322420
Singapore,14,4,2,Flight,Shoulder,24,Fine Dining,Moderate,859470
Kerala,10,4,3,Flight,Peak,21,Vegetarian,Moderate,249060
Bali,2,6,3,Flight,Off-Peak,4,Fine Dining,Budget,349120
Dubai,4,7,1,Flight,Shoulder,12,Vegetarian,Luxury,885690
Bali,6,2,4,Flight,Shoulder,11,Non-Veg,Luxury,315860
Udaipur,11,2,3,Flight,Shoulder,6,Vegetarian,Luxury,160670
Manali,9,3,5,Flight,Off-Peak,10,Street Food,Moderate,310400
Goa,2,3,4,Flight,Off-Peak,4,Fine Dining,Luxury,104840
Goa,9,3,1,Bus,Off-Peak,21,Vegetarian,Moderate,108880
Goa,3,8,3,Bus,Off-Peak,6,Street Food,Moderate,109560
Dubai,11,3,3,Flight,Shoulder,24,Street Food,Luxury,679500
Paris,10,5,4,Flight,Off-Peak,24,Vegetarian,Budget,1217240
Paris,12,2,2,Flight,Peak,25,Non-Veg,Moderate,536400
Ladakh,11,5,4,Train,Peak,9,Fine Dining,Budget,584680
Goa,8,8,2,Flight,Shoulder,14,Vegetarian,Luxury,488920
Singapore,9,8,2,Flight,Shoulder,18,Street Food,Moderate,1093340
Andaman,5,1,5,Flight,Shoulder,3,Vegetarian,Luxury,161050
Singapore,12,1,1,Flight,Off-Peak,27,Non-Veg,Moderate,180340
Ladakh,12,2,5,Flight,Shoulder,9,Vegetarian,Luxury,456130
Jaipur,2,6,5,Train,Shoulder,4,Non-Veg,Budget,92820
Andaman,10,3,5,Bus,Shoulder,12,Street Food,Moderate,541190
Varanasi,4,6,5,Flight,Shoulder,7,Fine Dining,Budget,252710
Andaman,14,7,3,Car,Off-Peak,31,Non-Veg,Luxury,1082120
Rishikesh,9,2,2,Flight,Peak,6,Fine Dining,Moderate,108080
Dubai,6,6,2,Flight,Peak,10,Street Food,Luxury,782170
Kerala,11,5,5,Flight,Shoulder,1,Fine Dining,Budget,735450
Ladakh,7,1,3,Train,Shoulder,7,Non-Veg,Moderate,52400
Bali,7,2,1,Flight,Off-Peak,4,Street Food,Luxury,205470
Rishikesh,12,8,3,Train,Shoulder,21,Fine Dining,Budget,553650
Rishikesh,3,4,2,Bus,Off-Peak,3,Fine Dining,Budget,55940
Bali,9,8,1,Flight,Peak,17,Vegetarian,Budget,741990
Andaman,9,8,3,Car,Peak,13,Vegetarian,Moderate,516680
Goa,11,6,5,Flight,Peak,17,Non-Veg,Luxury,1459720
Singapore,6,8,3,Flight,Off-Peak,7,Fine Dining,Moderate,931590
Rishikesh,10,4,5,Flight,Shoulder,21,Vegetarian,Luxury,709960
Dubai,9,8,4,Flight,Shoulder,24,Fine Dining,Luxury,2313470
Rishikesh,6,4,1,Bus,Shoulder,11,Non-Veg,Luxury,139670
Paris,9,1,1,Flight,Shoulder,7,Vegetarian,Budget,155070
Goa,7,6,4,Flight,Peak,21,Fine Dining,Moderate,528160
Rishikesh,14,8,4,Train,Shoulder,37,Vegetarian,Luxury,1213580
Rishikesh,3,4,1,Train,Peak,8,Non-Veg,Budget,60120
Paris,13,4,3,Flight,Off-Peak,20,Vegetarian,Budget,869760
Singapore,13,5,3,Flight,Off-Peak,12,Non-Veg,Budget,729450
Paris,10,1,2,Flight,Shoulder,12,Fine Dining,Moderate,229160
Manali,14,7,2,Bus,Shoulder,18,Non-Veg,Moderate,371500
Singapore,6,3,5,Flight,Shoulder,7,Non-Veg,Moderate,664110
Kerala,5,2,4,Flight,Peak,3,Vegetarian,Budget,76370
Goa,14,8,4,Flight,Shoulder,18,Non-Veg,Budget,708210
Andaman,2,3,4,Car,Peak,2,Fine Dining,Moderate,67580
Paris,8,3,5,Flight,Off-Peak,22,Street Food,Budget,967130
Varanasi,4,2,3,Train,Peak,5,Non-Veg,Moderate,37240
Manali,9,3,2,Train,Off-Peak,12,Vegetarian,Moderate,102320
Singapore,12,5,5,Flight,Shoulder,11,Street Food,Budget,1522730
Singapore,4,4,3,Flight,Shoulder,11,Street Food,Budget,388050
Ladakh,2,6,3,Bus,Peak,1,Street Food,Budget,44940
Jaipur,11,1,1,Flight,Off-Peak,9,Street Food,Moderate,36240
Kerala,5,5,1,Train,Peak,13,Fine Dining,Moderate,166770
Dubai,5,4,3,Flight,Shoulder,6,Street Food,Budget,272230
Bali,10,2,5,Flight,Peak,18,Fine Dining,Budget,462650
Singapore,9,5,5,Flight,Shoulder,19,Vegetarian,Budget,1361340
Paris,7,8,2,Flight,Peak,17,Vegetarian,Moderate,1659080
Paris,4,7,4,Flight,Peak,10,Fine Dining,Budget,1211730
Udaipur,7,1,1,Train,Shoulder,1,Fine Dining,Moderate,35130
Andaman,7,6,5,Train,Off-Peak,21,Vegetarian,Luxury,879690
Rishikesh,8,8,2,Flight,Peak,10,Non-Veg,Budget,275970
Goa,2,7,2,Train,Off-Peak,1,Vegetarian,Moderate,49660
Udaipur,3,4,4,Bus,Shoulder,2,Vegetarian,Moderate,72570
Kerala,2,3,5,Flight,Peak,2,Non-Veg,Budget,80950
Dubai,14,2,3,Flight,Peak,9,Fine Dining,Moderate,344520
Kerala,6,3,2,Flight,Peak,5,Non-Veg,Luxury,141190
Paris,2,1,1,Flight,Peak,2,Non-Veg,Moderate,127700
Bali,4,3,3,Flight,Off-Peak,4,Fine Dining,Budget,223280
Udaipur,11,2,2,Flight,Peak,21,Street Food,Budget,99470
Udaipur,8,3,5,Flight,Off-Peak,23,Fine Dining,Moderate,422880
Singapore,8,5,1,Flight,Off-Peak,20,Street Food,Moderate,672530
Varanasi,5,7,1,Car,Peak,9,Non-Veg,Budget,112740
Goa,11,1,4,Flight,Peak,25,Vegetarian,Budget,140590
Jaipur,3,6,4,Train,Off-Peak,3,Street Food,Budget,71310
Singapore,5,7,2,Flight,Off-Peak,3,Fine Dining,Moderate,691150
Dubai,10,8,4,Flight,Shoulder,7,Non-Veg,Luxury,1661140
Rishikesh,4,2,3,Flight,Off-Peak,3,Non-Veg,Budget,41110
Rishikesh,5,4,5,Train,Peak,4,Fine Dining,Budget,226600
Jaipur,7,1,4,Flight,Off-Peak,1,Fine Dining,Budget,64770
Dubai,3,5,3,Flight,Peak,3,Fine Dining,Moderate,390180
Kerala,11,3,3,Bus,Shoulder,29,Vegetarian,Luxury,308990
Dubai,11,4,5,Flight,Off-Peak,15,Fine Dining,Budget,819770
Kerala,13,4,2,Train,Shoulder,18,Vegetarian,Moderate,203050
Varanasi,10,4,2,Train,Shoulder,17,Fine Dining,Luxury,286830
Singapore,11,1,3,Flight,Peak,3,Fine Dining,Moderate,221440
Varanasi,11,6,1,Train,Peak,23,Street Food,Budget,150070
Paris,13,4,1,Flight,Peak,31,Vegetarian,Luxury,1495210
Manali,10,7,5,Bus,Off-Peak,27,Fine Dining,Moderate,934140
Ladakh,9,6,2,Train,Peak,9,Non-Veg,Luxury,382880
Dubai,8,6,1,Flight,Off-Peak,21,Street Food,Luxury,924460
Kerala,9,1,2,Flight,Peak,22,Fine Dining,Luxury,124410
Ladakh,12,2,1,Train,Peak,24,Fine Dining,Luxury,245440
Dubai,6,2,2,Flight,Shoulder,14,Street Food,Moderate,202310
Rishikesh,2,5,1,Train,Off-Peak,4,Fine Dining,Moderate,64770
Jaipur,8,5,2,Bus,Shoulder,7,Non-Veg,Budget,120450
Ladakh,13,4,2,Car,Off-Peak,5,Fine Dining,Budget,222870
Goa,13,4,4,Flight,Peak,18,Non-Veg,Budget,378010
Manali,7,7,5,Flight,Peak,20,Fine Dining,Budget,786150
Manali,13,3,2,Car,Peak,26,Fine Dining,Luxury,398640
Udaipur,10,8,1,Flight,Off-Peak,21,Street Food,Moderate,336040
Rishikesh,8,4,1,Train,Off-Peak,24,Vegetarian,Moderate,164570
Paris,2,2,1,Flight,Peak,2,Fine Dining,Moderate,258230
Goa,7,7,5,Train,Peak,4,Vegetarian,Luxury,1039510
Ladakh,13,1,1,Flight,Off-Peak,5,Vegetarian,Luxury,70340
Paris,2,8,2,Flight,Off-Peak,2,Vegetarian,Luxury,1510360
Ladakh,11,3,1,Flight,Off-Peak,14,Vegetarian,Luxury,227470
Ladakh,2,5,1,Flight,Peak,4,Vegetarian,Luxury,136820
Dubai,5,2,1,Flight,Shoulder,6,Vegetarian,Budget,113810
Paris,10,8,5,Flight,Shoulder,2,Street Food,Moderate,2500800
Andaman,9,6,1,Flight,Shoulder,17,Non-Veg,Moderate,354770
Varanasi,8,1,5,Flight,Shoulder,24,Non-Veg,Moderate,139670
Dubai,4,2,3,Flight,Peak,9,Street Food,Budget,139590
Varanasi,3,2,1,Car,Shoulder,3,Street Food,Budget,14560
Singapore,7,4,3,Flight,Peak,2,Street Food,Budget,373190
Andaman,7,1,3,Car,Shoulder,6,Fine Dining,Moderate,67240
Paris,2,8,2,Flight,Shoulder,1,Non-Veg,Budget,786270
Kerala,7,1,5,Train,Shoulder,11,Non-Veg,Moderate,153370
Rishikesh,10,7,1,Train,Shoulder,22,Non-Veg,Moderate,340610
Jaipur,5,7,1,Flight,Peak,15,Non-Veg,Budget,189140
Bali,3,5,1,Flight,Peak,9,Vegetarian,Budget,349100
Bali,9,2,5,Flight,Peak,22,Non-Veg,Luxury,700180
Ladakh,13,2,3,Train,Shoulder,10,Fine Dining,Moderate,184480
Ladakh,13,6,1,Flight,Shoulder,17,Non-Veg,Moderate,358540
Paris,8,7,4,Flight,Shoulder,18,Vegetarian,Budget,1520720
Manali,14,3,5,Train,Peak,30,Non-Veg,Moderate,726920
Paris,8,8,4,Flight,Shoulder,20,Non-Veg,Luxury,3086360
Udaipur,10,2,1,Train,Off-Peak,23,Non-Veg,Moderate,93780
Rishikesh,11,4,3,Flight,Off-Peak,15,Non-Veg,Luxury,341710
Varanasi,9,3,1,Train,Off-Peak,8,Street Food,Moderate,53730
Paris,8,3,1,Flight,Peak,15,Non-Veg,Luxury,884930
Varanasi,13,2,2,Flight,Shoulder,4,Street Food,Luxury,100390
Manali,3,1,5,Flight,Off-Peak,4,Vegetarian,Luxury,65270
Dubai,12,8,4,Flight,Shoulder,14,Street Food,Budget,1231380
Andaman,5,4,2,Bus,Off-Peak,11,Fine Dining,Budget,135510
Paris,8,8,4,Flight,Peak,23,Fine Dining,Moderate,2383740
Dubai,2,1,3,Flight,Peak,6,Vegetarian,Luxury,101550
Andaman,12,3,3,Flight,Off-Peak,33,Vegetarian,Moderate,345540
Varanasi,8,5,3,Bus,Off-Peak,19,Fine Dining,Budget,215500
Ladakh,5,7,1,Flight,Shoulder,1,Non-Veg,Luxury,221420
Bali,11,1,4,Flight,Shoulder,6,Vegetarian,Luxury,288930
Paris,6,4,4,Flight,Shoulder,17,Fine Dining,Luxury,1339420
Kerala,3,8,4,Flight,Off-Peak,2,Vegetarian,Moderate,173600
Varanasi,7,1,1,Flight,Shoulder,11,Non-Veg,Luxury,47150
Varanasi,9,6,2,Bus,Off-Peak,11,Vegetarian,Luxury,209570
Rishikesh,8,1,2,Car,Peak,7,Street Food,Moderate,37200
Andaman,9,6,4,Train,Shoulder,7,Fine Dining,Budget,471330
Jaipur,6,8,3,Flight,Peak,16,Vegetarian,Luxury,450270
Goa,9,1,1,Flight,Off-Peak,3,Vegetarian,Budget,24380
Dubai,4,1,5,Flight,Peak,4,Fine Dining,Budget,171550
Andaman,2,1,5,Train,Shoulder,6,Fine Dining,Budget,37980
Andaman,3,1,4,Bus,Shoulder,5,Fine Dining,Luxury,57800
Jaipur,14,5,4,Train,Shoulder,42,Non-Veg,Budget,517680
Udaipur,13,8,2,Flight,Peak,22,Fine Dining,Luxury,1128120
Goa,4,7,1,Train,Peak,9,Fine Dining,Moderate,180510
Varanasi,11,3,1,Train,Off-Peak,21,Street Food,Luxury,122950
Andaman,6,4,2,Train,Shoulder,9,Fine Dining,Budget,156720
Manali,10,1,2,Flight,Shoulder,18,Street Food,Moderate,52160
Dubai,6,5,3,Flight,Peak,8,Street Food,Budget,419790
Dubai,12,1,5,Flight,Peak,33,Fine Dining,Moderate,617450
Singapore,13,8,5,Flight,Shoulder,29,Street Food,Budget,2469580
Paris,5,5,2,Flight,Off-Peak,10,Vegetarian,Budget,675240
Bali,4,8,5,Flight,Shoulder,3,Non-Veg,Moderate,836980
Dubai,3,6,1,Flight,Peak,2,Street Food,Moderate,331320
Goa,10,7,1,Flight,Shoulder,29,Street Food,Moderate,356460
Bali,9,3,3,Flight,Peak,24,Fine Dining,Moderate,499900
Kerala,14,4,5,Bus,Shoulder,41,Vegetarian,Luxury,1093770
Paris,6,6,1,Flight,Off-Peak,8,Street Food,Budget,781810
Jaipur,13,5,4,Car,Shoulder,39,Vegetarian,Luxury,740700
Ladakh,6,7,1,Flight,Off-Peak,13,Fine Dining,Budget,286000
Rishikesh,13,4,1,Flight,Peak,2,Street Food,Budget,106070
Bali,14,2,5,Flight,Peak,19,Street Food,Luxury,909400
Goa,3,6,1,Train,Off-Peak,4,Non-Veg,Moderate,71910
Manali,4,3,5,Car,Off-Peak,5,Fine Dining,Moderate,152860
Rishikesh,5,4,4,Train,Peak,5,Street Food,Luxury,182960
Varanasi,2,8,3,Flight,Peak,1,Non-Veg,Luxury,168940
Dubai,2,1,4,Flight,Off-Peak,4,Street Food,Moderate,72460
Varanasi,2,1,3,Flight,Off-Peak,3,Street Food,Luxury,22330
Andaman,13,1,2,Flight,Shoulder,14,Non-Veg,Moderate,85130
Kerala,6,8,3,Flight,Shoulder,3,Street Food,Luxury,323850
Bali,7,7,4,Flight,Off-Peak,3,Fine Dining,Luxury,1243330
Singapore,14,3,3,Flight,Off-Peak,16,Street Food,Moderate,543300
Manali,9,3,4,Train,Off-Peak,16,Street Food,Budget,145810
Andaman,3,5,4,Flight,Shoulder,5,Vegetarian,Luxury,244460
Goa,13,1,1,Bus,Off-Peak,10,Fine Dining,Moderate,66250
Singapore,5,6,5,Flight,Off-Peak,15,Street Food,Budget,854000
Jaipur,12,8,4,Train,Shoulder,17,Vegetarian,Budget,492150
Udaipur,14,2,3,Flight,Peak,29,Fine Dining,Luxury,375730
Singapore,4,3,4,Flight,Shoulder,11,Street Food,Moderate,379850
Jaipur,12,7,4,Flight,Peak,30,Fine Dining,Moderate,946590
Ladakh,2,4,3,Train,Off-Peak,5,Non-Veg,Luxury,84070
Bali,7,6,2,Flight,Shoulder,10,Non-Veg,Budget,496760
Bali,6,8,1,Flight,Shoulder,9,Fine Dining,Moderate,804200
Varanasi,10,4,5,Train,Off-Peak,28,Vegetarian,Budget,297190
Paris,12,8,4,Flight,Off-Peak,11,Street Food,Budget,1694610
Jaipur,10,6,2,Bus,Off-Peak,15,Vegetarian,Moderate,199690
Rishikesh,5,5,3,Flight,Peak,14,Street Food,Luxury,285830
Varanasi,6,5,2,Bus,Peak,5,Fine Dining,Luxury,233800
Ladakh,13,7,5,Train,Off-Peak,36,Vegetarian,Luxury,2041260
Andaman,5,5,2,Train,Shoulder,8,Street Food,Budget,111330
Udaipur,10,8,2,Train,Off-Peak,3,Fine Dining,Moderate,363690
Andaman,4,2,4,Flight,Shoulder,2,Non-Veg,Luxury,103040
Udaipur,5,2,3,Flight,Off-Peak,4,Vegetarian,Luxury,78950
Manali,8,7,4,Bus,Off-Peak,4,Street Food,Budget,229110
Dubai,12,7,5,Flight,Off-Peak,35,Street Food,Moderate,2243930
Andaman,4,2,5,Flight,Shoulder,8,Non-Veg,Budget,106050
Andaman,12,7,4,Flight,Off-Peak,30,Vegetarian,Moderate,936450
Manali,12,5,5,Train,Shoulder,30,Non-Veg,Moderate,819160
Varanasi,13,3,2,Car,Peak,39,Vegetarian,Budget,156300
Jaipur,6,2,2,Bus,Peak,9,Fine Dining,Moderate,66690
Ladakh,9,2,1,Flight,Shoulder,17,Non-Veg,Budget,94130
Rishikesh,3,6,1,Flight,Off-Peak,1,Street Food,Budget,69140
Udaipur,12,7,5,Flight,Peak,14,Vegetarian,Moderate,1559970
Ladakh,7,4,5,Flight,Shoulder,10,Non-Veg,Moderate,405960
Goa,5,6,2,Flight,Off-Peak,12,Non-Veg,Luxury,260720
Manali,4,6,3,Train,Shoulder,6,Vegetarian,Moderate,111450
Dubai,11,6,5,Flight,Shoulder,31,Vegetarian,Budget,1443610
Singapore,9,1,3,Flight,Shoulder,18,Non-Veg,Moderate,197240
Kerala,2,2,3,Bus,Peak,3,Fine Dining,Moderate,26720
Jaipur,14,7,4,Train,Off-Peak,15,Street Food,Luxury,765400
Andaman,12,5,3,Train,Off-Peak,33,Vegetarian,Budget,428640
Jaipur,14,3,4,Bus,Peak,37,Non-Veg,Luxury,591950
Paris,14,1,3,Flight,Peak,38,Fine Dining,Budget,403900
Kerala,14,2,1,Train,Peak,18,Street Food,Moderate,86630
Dubai,14,6,1,Flight,Shoulder,39,Street Food,Luxury,1545370
Goa,11,4,5,Train,Peak,7,Non-Veg,Budget,505400
Kerala,13,4,5,Bus,Off-Peak,3,Vegetarian,Moderate,495320
Singapore,12,6,5,Flight,Shoulder,20,Street Food,Moderate,1915540
Rishikesh,14,1,4,Train,Peak,3,Fine Dining,Luxury,275290
Goa,2,6,3,Bus,Off-Peak,1,Vegetarian,Luxury,59700
Manali,6,4,2,Flight,Shoulder,16,Fine Dining,Budget,156390
Paris,3,2,3,Flight,Shoulder,6,Non-Veg,Luxury,411530
Dubai,9,2,5,Flight,Shoulder,27,Vegetarian,Luxury,765200
Jaipur,8,5,1,Train,Shoulder,11,Non-Veg,Budget,121000
Varanasi,11,5,5,Train,Shoulder,2,Vegetarian,Budget,453990
Rishikesh,2,2,1,Flight,Off-Peak,2,Street Food,Budget,23170
Ladakh,5,5,3,Train,Peak,11,Fine Dining,Luxury,368240
Kerala,2,1,5,Flight,Peak,3,Non-Veg,Moderate,39830
Dubai,14,1,3,Flight,Peak,12,Fine Dining,Moderate,255210
Ladakh,12,1,3,Car,Shoulder,3,Fine Dining,Moderate,103410
Paris,7,6,3,Flight,Peak,13,Non-Veg,Budget,1100780
Goa,7,8,3,Flight,Off-Peak,19,Non-Veg,Moderate,367730
Manali,12,1,2,Train,Off-Peak,5,Street Food,Moderate,38560
Dubai,2,6,2,Flight,Peak,5,Fine Dining,Luxury,583790
Andaman,10,1,3,Train,Peak,20,Fine Dining,Budget,114050
Goa,14,3,3,Bus,Off-Peak,41,Fine Dining,Moderate,346570
Jaipur,11,1,2,Train,Peak,29,Street Food,Budget,55870
Kerala,2,6,5,Bus,Shoulder,5,Fine Dining,Luxury,191060
Paris,2,8,3,Flight,Off-Peak,4,Vegetarian,Budget,883900
Goa,13,6,1,Car,Peak,21,Vegetarian,Luxury,394050
Manali,5,7,1,Train,Peak,1,Vegetarian,Moderate,88120
Varanasi,6,2,2,Train,Off-Peak,9,Vegetarian,Budget,31760
Bali,6,6,2,Flight,Shoulder,11,Non-Veg,Luxury,824010
Kerala,7,6,4,Flight,Shoulder,4,Non-Veg,Luxury,477650
Singapore,13,8,1,Flight,Peak,4,Non-Veg,Luxury,1240460
Varanasi,4,5,1,Train,Shoulder,2,Vegetarian,Budget,43730
Ladakh,10,4,2,Flight,Off-Peak,2,Street Food,Luxury,182280
Singapore,4,7,1,Flight,Peak,2,Street Food,Moderate,566470
Bali,6,2,1,Flight,Peak,3,Vegetarian,Budget,129770
Jaipur,13,1,1,Flight,Off-Peak,25,Fine Dining,Moderate,80820
Andaman,12,8,2,Flight,Off-Peak,13,Street Food,Luxury,621630
Ladakh,5,5,3,Flight,Peak,3,Vegetarian,Luxury,260480
Dubai,11,1,3,Flight,Peak,33,Vegetarian,Moderate,245380
Varanasi,2,5,2,Train,Peak,4,Non-Veg,Moderate,43080
Udaipur,9,3,1,Flight,Off-Peak,16,Non-Veg,Moderate,128170
Manali,2,6,5,Flight,Shoulder,6,Street Food,Luxury,216860
Paris,3,6,3,Flight,Shoulder,2,Fine Dining,Luxury,1201420
Singapore,7,3,5,Flight,Shoulder,9,Non-Veg,Luxury,1057120
Kerala,3,8,2,Flight,Shoulder,3,Fine Dining,Luxury,274940
Dubai,12,3,5,Flight,Off-Peak,4,Non-Veg,Budget,703300
Bali,3,8,2,Flight,Shoulder,6,Vegetarian,Luxury,877290
Paris,6,3,1,Flight,Shoulder,11,Street Food,Luxury,749890
Jaipur,3,5,3,Car,Shoulder,3,Fine Dining,Budget,81890
Goa,4,5,1,Flight,Peak,2,Vegetarian,Budget,74480
Andaman,6,5,2,Flight,Peak,15,Street Food,Luxury,377910
Dubai,2,6,3,Flight,Off-Peak,5,Non-Veg,Luxury,531320
Udaipur,9,1,2,Flight,Off-Peak,10,Street Food,Moderate,45700
Dubai,9,8,2,Flight,Shoulder,13,Street Food,Luxury,1237790
Manali,3,4,3,Flight,Shoulder,7,Fine Dining,Luxury,169200
Udaipur,4,8,4,Flight,Off-Peak,7,Vegetarian,Budget,219420
Manali,11,5,4,Flight,Off-Peak,23,Non-Veg,Budget,344960
Manali,4,8,1,Train,Peak,3,Fine Dining,Luxury,239340
Jaipur,12,3,2,Bus,Peak,20,Non-Veg,Budget,137310
Manali,8,7,5,Bus,Shoulder,10,Fine Dining,Moderate,761340
Goa,9,2,1,Train,Off-Peak,26,Fine Dining,Budget,103500
Manali,7,8,5,Car,Peak,8,Vegetarian,Budget,602440
Varanasi,12,6,5,Flight,Peak,26,Fine Dining,Budget,835840
Kerala,13,5,3,Bus,Off-Peak,19,Street Food,Luxury,412280
Jaipur,9,2,3,Train,Off-Peak,16,Fine Dining,Budget,95150
Goa,7,8,1,Flight,Shoulder,17,Fine Dining,Luxury,574030
Goa,2,3,4,Bus,Off-Peak,5,Fine Dining,Budget,43390
Jaipur,9,4,4,Flight,Peak,10,Fine Dining,Luxury,532040
Singapore,13,8,1,Flight,Peak,35,Vegetarian,Moderate,1472780
Kerala,13,8,4,Train,Shoulder,29,Street Food,Moderate,775720
Udaipur,10,5,3,Train,Shoulder,29,Non-Veg,Luxury,553820
Dubai,12,2,5,Flight,Off-Peak,7,Fine Dining,Moderate,487380
Ladakh,3,4,3,Flight,Off-Peak,6,Fine Dining,Luxury,180580
Udaipur,12,1,4,Train,Off-Peak,4,Street Food,Moderate,108580
Ladakh,12,6,3,Car,Peak,2,Vegetarian,Moderate,342460
Singapore,6,2,2,Flight,Shoulder,6,Fine Dining,Luxury,307020
Dubai,4,6,4,Flight,Shoulder,12,Non-Veg,Moderate,592230
Varanasi,7,3,3,Bus,Peak,16,Street Food,Moderate,105060
Varanasi,8,6,2,Car,Shoulder,10,Non-Veg,Luxury,234670
Udaipur,6,3,5,Train,Peak,1,Non-Veg,Budget,255620
Manali,2,7,3,Car,Shoulder,1,Street Food,Budget,50700
Kerala,13,1,1,Train,Off-Peak,30,Street Food,Budget,44290
Udaipur,5,8,2,Flight,Peak,10,Non-Veg,Budget,240680
Paris,11,6,4,Flight,Off-Peak,13,Non-Veg,Budget,1308040
Goa,8,6,1,Flight,Off-Peak,13,Vegetarian,Luxury,300030
Varanasi,10,5,3,Train,Peak,7,Street Food,Moderate,201730
Ladakh,3,2,1,Bus,Off-Peak,3,Vegetarian,Luxury,30700
Udaipur,8,1,3,Flight,Shoulder,5,Non-Veg,Budget,49360
Varanasi,3,8,3,Flight,Shoulder,8,Non-Veg,Luxury,241710
Varanasi,10,7,3,Flight,Shoulder,22,Non-Veg,Moderate,391400
Kerala,2,8,1,Car,Peak,1,Vegetarian,Moderate,60470
Kerala,4,8,3,Train,Off-Peak,6,Non-Veg,Luxury,217720
Ladakh,4,7,1,Flight,Shoulder,12,Street Food,Luxury,339870
Udaipur,5,1,1,Flight,Peak,1,Fine Dining,Budget,29060
Bali,4,4,5,Flight,Peak,6,Non-Veg,Budget,402480
Udaipur,7,1,3,Flight,Off-Peak,1,Street Food,Luxury,56830
Kerala,6,5,5,Train,Shoulder,18,Fine Dining,Moderate,463110
Manali,13,3,4,Flight,Off-Peak,24,Fine Dining,Luxury,533120
Udaipur,11,4,2,Train,Off-Peak,31,Vegetarian,Budget,181800
Ladakh,12,7,1,Train,Off-Peak,3,Fine Dining,Moderate,377430
Manali,2,3,5,Bus,Off-Peak,6,Fine Dining,Moderate,66410
Bali,13,1,3,Flight,Peak,32,Street Food,Budget,177670
Dubai,8,8,1,Flight,Shoulder,1,Non-Veg,Moderate,533760
Kerala,5,8,2,Car,Shoulder,7,Fine Dining,Moderate,259980
Singapore,8,1,3,Flight,Off-Peak,12,Vegetarian,Budget,132020
Goa,8,6,4,Train,Peak,6,Street Food,Moderate,349610
Singapore,3,2,4,Flight,Off-Peak,6,Vegetarian,Budget,160370
Paris,4,8,2,Flight,Off-Peak,2,Street Food,Luxury,1483780
Kerala,14,3,2,Bus,Off-Peak,10,Fine Dining,Budget,188560
Manali,10,8,3,Bus,Shoulder,30,Street Food,Budget,373550
Varanasi,12,8,2,Flight,Shoulder,24,Non-Veg,Moderate,398520
Udaipur,11,4,2,Car,Shoulder,4,Non-Veg,Luxury,230500
Jaipur,9,4,4,Bus,Peak,12,Non-Veg,Moderate,268030
Andaman,8,1,5,Car,Shoulder,19,Fine Dining,Moderate,225180
Goa,2,1,2,Bus,Shoulder,3,Vegetarian,Luxury,12920
Andaman,12,1,3,Train,Peak,10,Vegetarian,Budget,100850
Udaipur,14,2,3,Flight,Peak,14,Street Food,Moderate,154040
Kerala,9,4,5,Flight,Peak,22,Street Food,Luxury,845720
Bali,6,6,3,Flight,Peak,16,Street Food,Luxury,1000270
Bali,5,4,4,Flight,Off-Peak,10,Non-Veg,Budget,354630
Goa,12,8,2,Bus,Off-Peak,6,Fine Dining,Luxury,661570
Dubai,12,7,1,Flight,Off-Peak,33,Vegetarian,Luxury,1603720
Singapore,2,1,3,Flight,Peak,5,Non-Veg,Budget,75550
Kerala,9,3,3,Bus,Shoulder,27,Non-Veg,Budget,158970
Bali,6,3,4,Flight,Shoulder,8,Non-Veg,Luxury,533720
Paris,9,3,2,Flight,Peak,4,Fine Dining,Moderate,574750
Varanasi,2,2,4,Train,Off-Peak,2,Non-Veg,Luxury,28340
Udaipur,6,6,1,Flight,Off-Peak,13,Fine Dining,Luxury,400000
Singapore,3,7,1,Flight,Off-Peak,7,Non-Veg,Moderate,640370
Singapore,7,2,2,Flight,Peak,19,Street Food,Moderate,292010
Goa,13,6,4,Flight,Peak,37,Street Food,Moderate,783870
Udaipur,3,2,5,Flight,Peak,1,Street Food,Budget,66690
Bali,3,2,5,Flight,Shoulder,7,Fine Dining,Moderate,217200
Singapore,8,4,4,Flight,Off-Peak,23,Fine Dining,Budget,723880
Udaipur,13,7,3,Flight,Off-Peak,38,Vegetarian,Luxury,877220
Andaman,11,8,4,Flight,Peak,9,Non-Veg,Moderate,891140
Ladakh,11,6,1,Bus,Peak,29,Vegetarian,Luxury,549730
Dubai,6,3,3,Flight,Off-Peak,4,Street Food,Budget,204610
Manali,9,8,4,Bus,Off-Peak,9,Non-Veg,Budget,325200
Kerala,12,5,2,Car,Peak,31,Non-Veg,Luxury,483250
Paris,14,1,2,Flight,Shoulder,29,Non-Veg,Budget,265330
Manali,2,3,5,Car,Off-Peak,2,Fine Dining,Budget,54350
Jaipur,5,3,4,Flight,Shoulder,6,Non-Veg,Luxury,198970
Manali,5,6,4,Train,Off-Peak,12,Fine Dining,Budget,204000
Udaipur,3,2,4,Flight,Peak,6,Fine Dining,Moderate,76280
Paris,7,5,2,Flight,Peak,21,Non-Veg,Moderate,1100710
Udaipur,14,7,5,Train,Peak,10,Vegetarian,Moderate,1740240
Kerala,11,5,3,Bus,Off-Peak,3,Non-Veg,Luxury,333100
Varanasi,9,2,5,Flight,Off-Peak,4,Vegetarian,Moderate,144730
Varanasi,6,4,1,Car,Shoulder,8,Street Food,Moderate,59210
Jaipur,10,7,1,Bus,Shoulder,15,Fine Dining,Moderate,334240
Manali,8,1,3,Flight,Peak,15,Vegetarian,Moderate,71260
Singapore,13,4,4,Flight,Shoulder,6,Non-Veg,Moderate,839590
Udaipur,2,7,5,Bus,Shoulder,2,Vegetarian,Budget,102870
Singapore,10,5,1,Flight,Off-Peak,22,Street Food,Luxury,1070640
Kerala,11,7,4,Car,Peak,18,Vegetarian,Luxury,1039330
Bali,5,2,5,Flight,Peak,11,Street Food,Moderate,294870
Dubai,9,6,5,Flight,Shoulder,23,Fine Dining,Moderate,1654950
Goa,14,2,5,Bus,Off-Peak,24,Fine Dining,Budget,303780
Udaipur,7,6,1,Flight,Peak,14,Vegetarian,Moderate,221130
Rishikesh,13,5,1,Flight,Shoulder,9,Street Food,Moderate,188110
Varanasi,9,7,5,Train,Off-Peak,10,Vegetarian,Moderate,492990
Dubai,14,1,5,Flight,Shoulder,26,Non-Veg,Moderate,564310
Goa,5,6,3,Flight,Off-Peak,3,Non-Veg,Budget,142790
Kerala,11,7,4,Train,Shoulder,13,Fine Dining,Luxury,1079360
Dubai,7,2,5,Flight,Shoulder,15,Street Food,Budget,317280
Rishikesh,8,3,2,Flight,Off-Peak,23,Fine Dining,Budget,173050
Andaman,5,7,4,Flight,Shoulder,2,Vegetarian,Moderate,320840
Singapore,8,6,2,Flight,Off-Peak,11,Fine Dining,Moderate,837810
Bali,6,6,1,Flight,Shoulder,17,Fine Dining,Luxury,995270
Kerala,11,5,5,Flight,Peak,30,Non-Veg,Luxury,1498910
Paris,12,5,1,Flight,Shoulder,14,Fine Dining,Budget,890880
Bali,13,2,3,Flight,Peak,5,Fine Dining,Moderate,299340
Goa,11,7,4,Bus,Peak,20,Non-Veg,Luxury,1129770
Varanasi,9,5,1,Flight,Shoulder,6,Street Food,Luxury,185370
Singapore,2,4,3,Flight,Shoulder,4,Street Food,Moderate,332330
Singapore,5,1,4,Flight,Off-Peak,15,Street Food,Luxury,248480
Udaipur,7,2,1,Train,Shoulder,21,Fine Dining,Budget,84630
Ladakh,2,8,2,Bus,Peak,3,Street Food,Budget,64390
Goa,6,2,1,Train,Off-Peak,5,Non-Veg,Budget,29830
Kerala,7,2,2,Train,Peak,6,Fine Dining,Budget,65030
Paris,3,5,4,Flight,Shoulder,8,Non-Veg,Luxury,1253410
Paris,7,6,3,Flight,Peak,8,Street Food,Luxury,1579760
Bali,2,5,5,Flight,Shoulder,3,Street Food,Luxury,591460
Varanasi,8,5,3,Flight,Shoulder,8,Non-Veg,Budget,176570
Jaipur,14,5,4,Flight,Off-Peak,3,Non-Veg,Luxury,601780
Jaipur,14,1,5,Flight,Peak,14,Vegetarian,Budget,285550
Goa,8,5,3,Bus,Peak,7,Fine Dining,Luxury,438240
Jaipur,6,2,4,Train,Off-Peak,7,Non-Veg,Moderate,68340
Dubai,5,1,4,Flight,Peak,9,Non-Veg,Budget,133670
Rishikesh,4,2,4,Train,Shoulder,11,Non-Veg,Luxury,89000
Jaipur,3,7,4,Car,Off-Peak,9,Vegetarian,Luxury,203710
Singapore,2,1,2,Flight,Peak,5,Non-Veg,Moderate,90190
Dubai,9,1,2,Flight,Off-Peak,26,Fine Dining,Moderate,168970
Varanasi,5,6,4,Flight,Off-Peak,2,Vegetarian,Luxury,242030
Jaipur,7,5,4,Train,Off-Peak,13,Non-Veg,Luxury,356380
Paris,8,3,3,Flight,Peak,22,Non-Veg,Budget,678730
Ladakh,11,3,1,Flight,Shoulder,23,Vegetarian,Moderate,188600
Bali,2,1,2,Flight,Off-Peak,6,Fine Dining,Moderate,73270
Andaman,11,4,5,Flight,Off-Peak,6,Vegetarian,Moderate,535390
Udaipur,5,4,2,Car,Peak,8,Street Food,Moderate,96310
Singapore,6,1,2,Flight,Off-Peak,10,Street Food,Moderate,115410
Bali,13,3,2,Flight,Off-Peak,24,Fine Dining,Luxury,694700
Kerala,2,2,1,Train,Peak,6,Fine Dining,Luxury,41080
Singapore,6,5,4,Flight,Off-Peak,5,Vegetarian,Moderate,609290
Varanasi,3,8,1,Car,Off-Peak,3,Non-Veg,Budget,72720
Udaipur,9,6,5,Train,Peak,12,Fine Dining,Luxury,1411990
Bali,10,4,5,Flight,Peak,1,Non-Veg,Budget,706620
Ladakh,3,1,2,Train,Peak,9,Vegetarian,Budget,23900
Singapore,11,8,2,Flight,Off-Peak,22,Street Food,Moderate,1298360
Manali,4,7,2,Train,Off-Peak,1,Street Food,Luxury,102030
Dubai,13,4,2,Flight,Off-Peak,2,Non-Veg,Budget,302440
Udaipur,8,7,4,Bus,Off-Peak,20,Non-Veg,Budget,407090
Udaipur,6,7,2,Flight,Peak,7,Fine Dining,Moderate,321780
Paris,7,3,5,Flight,Shoulder,13,Fine Dining,Moderate,1039630
Bali,4,6,5,Flight,Peak,10,Fine Dining,Moderate,778040
Ladakh,9,6,2,Bus,Shoulder,7,Street Food,Luxury,291820
Kerala,7,7,3,Bus,Shoulder,18,Street Food,Moderate,288180
Andaman,8,6,3,Train,Shoulder,24,Vegetarian,Moderate,399840
Andaman,7,1,4,Train,Off-Peak,19,Street Food,Moderate,98300
Manali,3,6,5,Train,Shoulder,3,Fine Dining,Moderate,195370
Goa,6,3,4,Flight,Off-Peak,16,Fine Dining,Budget,179400
Rishikesh,2,5,4,Flight,Peak,6,Street Food,Budget,99400
Singapore,4,6,1,Flight,Off-Peak,5,Vegetarian,Moderate,477680
Udaipur,7,1,2,Flight,Off-Peak,6,Non-Veg,Moderate,37500
Kerala,14,4,5,Flight,Off-Peak,19,Fine Dining,Luxury,1063870
Kerala,9,7,2,Flight,Off-Peak,4,Fine Dining,Luxury,516360
Bali,9,2,3,Flight,Off-Peak,4,Non-Veg,Luxury,282290
Varanasi,6,6,5,Train,Off-Peak,18,Fine Dining,Budget,327010
Jaipur,7,5,5,Train,Off-Peak,20,Vegetarian,Moderate,385590
Jaipur,7,6,2,Flight,Off-Peak,16,Fine Dining,Budget,235680
Goa,11,1,1,Train,Shoulder,20,Street Food,Budget,38160
Manali,3,5,5,Flight,Peak,7,Vegetarian,Luxury,338710
Paris,3,1,3,Flight,Off-Peak,1,Fine Dining,Luxury,220130
Varanasi,11,7,1,Train,Shoulder,18,Vegetarian,Budget,185180
Varanasi,11,8,3,Bus,Peak,17,Fine Dining,Moderate,554640
Ladakh,4,2,1,Train,Peak,1,Fine Dining,Budget,34900
Kerala,10,7,3,Flight,Peak,27,Street Food,Luxury,724710
Varanasi,7,1,3,Flight,Shoulder,4,Vegetarian,Luxury,56600
Varanasi,9,8,1,Car,Shoulder,27,Street Food,Luxury,356060
Dubai,8,2,4,Flight,Off-Peak,9,Vegetarian,Budget,210200
Manali,4,5,5,Flight,Off-Peak,6,Fine Dining,Luxury,398100
Rishikesh,4,8,4,Train,Off-Peak,7,Non-Veg,Budget,170170
Dubai,3,6,4,Flight,Off-Peak,5,Vegetarian,Moderate,461760
Rishikesh,12,3,4,Flight,Peak,1,Non-Veg,Luxury,424990
Manali,12,3,1,Car,Shoulder,24,Street Food,Luxury,180780
Singapore,9,4,3,Flight,Off-Peak,9,Non-Veg,Luxury,731440
Dubai,12,7,2,Flight,Peak,31,Fine Dining,Luxury,2082850
Paris,13,5,5,Flight,Off-Peak,6,Non-Veg,Luxury,3009570
Udaipur,13,8,1,Flight,Off-Peak,6,Vegetarian,Budget,255210
Jaipur,14,8,5,Flight,Off-Peak,11,Non-Veg,Budget,849320
Jaipur,4,5,1,Train,Shoulder,1,Street Food,Budget,36050
Rishikesh,9,7,2,Flight,Off-Peak,16,Vegetarian,Luxury,467490
Jaipur,12,3,2,Train,Off-Peak,10,Non-Veg,Budget,103300
Rishikesh,6,4,3,Flight,Shoulder,17,Vegetarian,Moderate,184250
Bali,7,8,1,Flight,Peak,10,Non-Veg,Luxury,1111630
Bali,11,1,1,Flight,Off-Peak,12,Fine Dining,Budget,103150
Singapore,3,8,1,Flight,Off-Peak,2,Non-Veg,Luxury,883900
Jaipur,9,8,3,Flight,Peak,8,Vegetarian,Moderate,385050
Udaipur,11,3,3,Train,Off-Peak,6,Street Food,Budget,110640
Varanasi,10,2,2,Flight,Peak,25,Non-Veg,Budget,78200
Varanasi,4,8,5,Flight,Shoulder,5,Street Food,Budget,245740
Andaman,9,1,1,Flight,Peak,17,Non-Veg,Budget,58760
Ladakh,2,8,4,Flight,Off-Peak,6,Fine Dining,Luxury,339810
Andaman,4,3,1,Bus,Peak,12,Fine Dining,Budget,97960
Manali,3,4,3,Flight,Off-Peak,7,Fine Dining,Budget,95920
Bali,3,5,5,Flight,Off-Peak,5,Fine Dining,Moderate,507520
Paris,11,5,5,Flight,Shoulder,10,Fine Dining,Moderate,2258800
Kerala,12,1,3,Train,Shoulder,9,Vegetarian,Moderate,79620
Andaman,5,5,5,Flight,Shoulder,14,Street Food,Moderate,448540
Ladakh,6,5,3,Flight,Shoulder,16,Fine Dining,Luxury,460440
Ladakh,13,6,2,Flight,Off-Peak,33,Street Food,Moderate,484120
Goa,10,4,1,Flight,Peak,16,Fine Dining,Budget,203710
Bali,3,4,4,Flight,Off-Peak,8,Fine Dining,Moderate,362050
Bali,5,8,4,Flight,Shoulder,15,Non-Veg,Luxury,1378370
Udaipur,13,2,3,Flight,Peak,11,Fine Dining,Budget,163740
Varanasi,14,1,2,Bus,Off-Peak,14,Fine Dining,Budget,61030
Udaipur,4,3,2,Car,Shoulder,3,Vegetarian,Moderate,49200
Manali,11,8,3,Flight,Shoulder,4,Vegetarian,Moderate,356740
Jaipur,11,8,4,Flight,Shoulder,11,Vegetarian,Budget,490400
Rishikesh,5,8,3,Flight,Off-Peak,15,Non-Veg,Moderate,329030
Kerala,3,5,3,Bus,Off-Peak,1,Fine Dining,Luxury,121540
Paris,11,2,5,Flight,Peak,7,Fine Dining,Budget,797350
Udaipur,13,4,3,Flight,Off-Peak,1,Street Food,Moderate,176540
Dubai,11,6,3,Flight,Peak,20,Non-Veg,Budget,799800
Dubai,9,2,5,Flight,Shoulder,5,Vegetarian,Moderate,374280
Bali,12,4,2,Flight,Shoulder,10,Fine Dining,Budget,464980
Singapore,2,1,5,Flight,Off-Peak,1,Street Food,Budget,78120
Jaipur,5,3,3,Train,Peak,11,Street Food,Budget,72620
Udaipur,10,4,5,Train,Shoulder,4,Non-Veg,Budget,422400
Kerala,7,8,5,Bus,Off-Peak,14,Vegetarian,Budget,459260
Manali,11,3,4,Bus,Shoulder,19,Fine Dining,Budget,296280
Udaipur,8,2,3,Flight,Off-Peak,7,Vegetarian,Budget,69680
Bali,9,8,5,Flight,Off-Peak,12,Vegetarian,Moderate,1338990
Goa,3,1,1,Flight,Shoulder,1,Non-Veg,Moderate,16910
Goa,3,3,2,Flight,Peak,6,Street Food,Moderate,61850
Goa,2,4,4,Bus,Off-Peak,3,Street Food,Moderate,38130
Singapore,9,4,5,Flight,Shoulder,26,Street Food,Luxury,1768030
Manali,13,5,3,Train,Shoulder,15,Vegetarian,Budget,244360
Bali,14,2,5,Flight,Peak,13,Street Food,Budget,549660
Udaipur,4,6,1,Flight,Off-Peak,11,Vegetarian,Luxury,234240
Singapore,13,2,1,Flight,Peak,25,Non-Veg,Budget,288150
Varanasi,2,7,4,Train,Off-Peak,6,Non-Veg,Luxury,116650
Kerala,11,3,3,Flight,Shoulder,22,Fine Dining,Moderate,277810
Singapore,3,7,5,Flight,Peak,5,Fine Dining,Moderate,1036650
Goa,5,7,3,Flight,Off-Peak,15,Fine Dining,Budget,290500
Jaipur,9,3,3,Flight,Shoulder,13,Non-Veg,Budget,136200
Paris,9,7,1,Flight,Shoulder,10,Street Food,Luxury,1626470
Singapore,7,6,2,Flight,Peak,10,Non-Veg,Luxury,984440
Bali,14,7,3,Flight,Peak,24,Fine Dining,Luxury,2032770
Goa,8,5,2,Train,Off-Peak,21,Street Food,Budget,162530
Jaipur,6,8,2,Flight,Shoulder,2,Vegetarian,Moderate,183720
Varanasi,5,6,2,Car,Peak,13,Fine Dining,Moderate,195470
Ladakh,2,2,3,Flight,Off-Peak,3,Non-Veg,Luxury,53090
Singapore,2,7,5,Flight,Peak,5,Non-Veg,Moderate,748930
Paris,7,6,5,Flight,Off-Peak,8,Street Food,Moderate,1501190
Dubai,10,8,3,Flight,Off-Peak,15,Street Food,Moderate,910650
Paris,6,3,5,Flight,Off-Peak,2,Fine Dining,Budget,652810
Kerala,14,8,3,Flight,Shoulder,38,Street Food,Luxury,970630
Goa,14,8,5,Bus,Shoulder,31,Non-Veg,Moderate,1387590
Singapore,10,2,3,Flight,Off-Peak,1,Street Food,Moderate,210790
Singapore,11,5,3,Flight,Peak,7,Non-Veg,Luxury,1265540
Kerala,14,5,4,Train,Off-Peak,42,Non-Veg,Moderate,578380
Jaipur,9,2,1,Bus,Off-Peak,5,Fine Dining,Luxury,111290
Jaipur,7,2,5,Bus,Shoulder,15,Vegetarian,Moderate,143030
Kerala,2,4,4,Flight,Off-Peak,6,Vegetarian,Budget,66310
Singapore,8,5,1,Flight,Off-Peak,16,Non-Veg,Luxury,926600
Dubai,6,2,1,Flight,Peak,14,Street Food,Moderate,186240
Goa,8,4,2,Train,Off-Peak,17,Fine Dining,Budget,163480
Manali,9,2,2,Bus,Peak,23,Street Food,Budget,71950
Manali,10,5,4,Bus,Off-Peak,2,Street Food,Moderate,253910
